<?xml version="1.0"?>
<osm version="0.6" upload="false" generator="lanelet2">
  <node id="23031" visible="true" version="1" lat="49.00000193013" lon="8.39999708758" />
  <node id="23032" visible="true" version="1" lat="48.99999911921" lon="8.40017108651" />
  <node id="23034" visible="true" version="1" lat="48.99999123564" lon="8.39999708758" />
  <node id="23035" visible="true" version="1" lat="48.9999875689" lon="8.40017168417" />
  <node id="23038" visible="true" version="1" lat="48.99999581688" lon="8.40024672725" />
  <node id="23040" visible="true" version="1" lat="48.99998430762" lon="8.40024458376" />
  <node id="23043" visible="true" version="1" lat="49.00017695486" lon="8.39956348161" />
  <node id="23044" visible="true" version="1" lat="49.00017521822" lon="8.39956276742" />
  <node id="23045" visible="true" version="1" lat="49.00017347811" lon="8.39956207313" />
  <node id="23046" visible="true" version="1" lat="49.0001717341" lon="8.39956140182" />
  <node id="23047" visible="true" version="1" lat="49.00016998583" lon="8.39956075662" />
  <node id="23048" visible="true" version="1" lat="49.00016823298" lon="8.39956014084" />
  <node id="23049" visible="true" version="1" lat="49.00016647528" lon="8.39955955782" />
  <node id="23050" visible="true" version="1" lat="49.00016471256" lon="8.39955901098" />
  <node id="23051" visible="true" version="1" lat="49.0001629447" lon="8.39955850397" />
  <node id="23052" visible="true" version="1" lat="49.00016117168" lon="8.3995580404" />
  <node id="23053" visible="true" version="1" lat="49.0001593946" lon="8.39955761415" />
  <node id="23054" visible="true" version="1" lat="49.00015761621" lon="8.39955720071" />
  <node id="23055" visible="true" version="1" lat="49.00015583925" lon="8.39955677333" />
  <node id="23056" visible="true" version="1" lat="49.00015406665" lon="8.39955630617" />
  <node id="23057" visible="true" version="1" lat="49.00015229964" lon="8.39955579229" />
  <node id="23058" visible="true" version="1" lat="49.00015053643" lon="8.39955524901" />
  <node id="23059" visible="true" version="1" lat="49.00014877466" lon="8.39955469506" />
  <node id="23060" visible="true" version="1" lat="49.00014701216" lon="8.39955414645" />
  <node id="23061" visible="true" version="1" lat="49.00014524814" lon="8.39955360935" />
  <node id="23062" visible="true" version="1" lat="49.00014348214" lon="8.39955308736" />
  <node id="23063" visible="true" version="1" lat="49.00014171383" lon="8.39955258389" />
  <node id="23064" visible="true" version="1" lat="49.00013994295" lon="8.39955210164" />
  <node id="23065" visible="true" version="1" lat="49.00013817001" lon="8.39955163727" />
  <node id="23066" visible="true" version="1" lat="49.00013639567" lon="8.3995511854" />
  <node id="23067" visible="true" version="1" lat="49.00013462056" lon="8.39955074054" />
  <node id="23068" visible="true" version="1" lat="49.00013284528" lon="8.39955029721" />
  <node id="23069" visible="true" version="1" lat="49.00013107043" lon="8.39954985" />
  <node id="23070" visible="true" version="1" lat="49.00012929666" lon="8.39954939291" />
  <node id="23071" visible="true" version="1" lat="49.00012752484" lon="8.3995489188" />
  <node id="23072" visible="true" version="1" lat="49.00012575577" lon="8.39954842153" />
  <node id="23073" visible="true" version="1" lat="49.00012399033" lon="8.39954789531" />
  <node id="23074" visible="true" version="1" lat="49.00012222952" lon="8.39954733443" />
  <node id="23075" visible="true" version="1" lat="49.00012047404" lon="8.39954673624" />
  <node id="23076" visible="true" version="1" lat="49.00011872311" lon="8.39954610785" />
  <node id="23077" visible="true" version="1" lat="49.00011697553" lon="8.39954545837" />
  <node id="23078" visible="true" version="1" lat="49.00011522977" lon="8.3995447976" />
  <node id="23079" visible="true" version="1" lat="49.00011348319" lon="8.39954414184" />
  <node id="23080" visible="true" version="1" lat="49.00011173237" lon="8.3995435129" />
  <node id="23081" visible="true" version="1" lat="49.00010997423" lon="8.39954293322" />
  <node id="23082" visible="true" version="1" lat="49.00010820825" lon="8.39954241133" />
  <node id="23083" visible="true" version="1" lat="49.00010643813" lon="8.39954192268" />
  <node id="23084" visible="true" version="1" lat="49.00010466767" lon="8.39954143695" />
  <node id="23085" visible="true" version="1" lat="49.00010290053" lon="8.39954092415" />
  <node id="23086" visible="true" version="1" lat="49.00010113858" lon="8.39954037156" />
  <node id="23087" visible="true" version="1" lat="49.00009938063" lon="8.39953979025" />
  <node id="23088" visible="true" version="1" lat="49.00009762503" lon="8.39953919278" />
  <node id="23089" visible="true" version="1" lat="49.00009587013" lon="8.3995385905" />
  <node id="23090" visible="true" version="1" lat="49.00009411449" lon="8.39953799329" />
  <node id="23091" visible="true" version="1" lat="49.0000923567" lon="8.39953741086" />
  <node id="23092" visible="true" version="1" lat="49.00009059546" lon="8.39953685304" />
  <node id="23093" visible="true" version="1" lat="49.00008882979" lon="8.39953632865" />
  <node id="23094" visible="true" version="1" lat="49.00008706098" lon="8.39953582919" />
  <node id="23095" visible="true" version="1" lat="49.00008529186" lon="8.39953533227" />
  <node id="23096" visible="true" version="1" lat="49.00008352378" lon="8.3995348269" />
  <node id="23097" visible="true" version="1" lat="49.00008175532" lon="8.39953432458" />
  <node id="23098" visible="true" version="1" lat="49.0000799848" lon="8.39953383928" />
  <node id="23099" visible="true" version="1" lat="49.00007821065" lon="8.39953338585" />
  <node id="23100" visible="true" version="1" lat="49.00007643169" lon="8.39953297837" />
  <node id="23101" visible="true" version="1" lat="49.00007464842" lon="8.39953261686" />
  <node id="23102" visible="true" version="1" lat="49.0000728621" lon="8.39953229192" />
  <node id="23103" visible="true" version="1" lat="49.00007107255" lon="8.39953201142" />
  <node id="23104" visible="true" version="1" lat="49.00006927865" lon="8.39953180587" />
  <node id="23105" visible="true" version="1" lat="49.00006748139" lon="8.39953168522" />
  <node id="23106" visible="true" version="1" lat="49.00006568277" lon="8.39953162494" />
  <node id="23107" visible="true" version="1" lat="49.00006388379" lon="8.39953159701" />
  <node id="23108" visible="true" version="1" lat="49.00006208478" lon="8.39953157306" />
  <node id="23109" visible="true" version="1" lat="49.00006028587" lon="8.39953153545" />
  <node id="23110" visible="true" version="1" lat="49.00005848693" lon="8.39953150166" />
  <node id="23111" visible="true" version="1" lat="49.00005668787" lon="8.39953149747" />
  <node id="23112" visible="true" version="1" lat="49.00005488914" lon="8.39953154783" />
  <node id="23113" visible="true" version="1" lat="49.00005309151" lon="8.39953165657" />
  <node id="23114" visible="true" version="1" lat="49.00005129506" lon="8.39953180404" />
  <node id="23115" visible="true" version="1" lat="49.00004949927" lon="8.39953196931" />
  <node id="23116" visible="true" version="1" lat="49.00004770335" lon="8.39953213137" />
  <node id="23117" visible="true" version="1" lat="49.00004590657" lon="8.39953226932" />
  <node id="23118" visible="true" version="1" lat="49.00004410865" lon="8.39953236643" />
  <node id="23119" visible="true" version="1" lat="49.00004230998" lon="8.39953242365" />
  <node id="23120" visible="true" version="1" lat="49.00004051097" lon="8.39953244706" />
  <node id="23121" visible="true" version="1" lat="49.0000387119" lon="8.39953244276" />
  <node id="23122" visible="true" version="1" lat="49.00003691291" lon="8.39953241689" />
  <node id="23123" visible="true" version="1" lat="49.00003511403" lon="8.39953237553" />
  <node id="23124" visible="true" version="1" lat="49.00003331526" lon="8.3995323248" />
  <node id="23125" visible="true" version="1" lat="49.00003151653" lon="8.39953227081" />
  <node id="23126" visible="true" version="1" lat="49.00002971777" lon="8.39953221967" />
  <node id="23127" visible="true" version="1" lat="49.0000279189" lon="8.39953217751" />
  <node id="23128" visible="true" version="1" lat="49.00002611991" lon="8.3995321504" />
  <node id="23129" visible="true" version="1" lat="49.00002432084" lon="8.39953214447" />
  <node id="23130" visible="true" version="1" lat="49.00002252183" lon="8.39953216577" />
  <node id="23131" visible="true" version="1" lat="49.00002072308" lon="8.39953221738" />
  <node id="23132" visible="true" version="1" lat="49.00001892477" lon="8.39953229697" />
  <node id="23133" visible="true" version="1" lat="49.00001712701" lon="8.39953240152" />
  <node id="23134" visible="true" version="1" lat="49.00001532986" lon="8.39953252807" />
  <node id="23135" visible="true" version="1" lat="49.00001353333" lon="8.39953267363" />
  <node id="23136" visible="true" version="1" lat="49.0000117374" lon="8.3995328352" />
  <node id="23137" visible="true" version="1" lat="49.00000994199" lon="8.39953300991" />
  <node id="23138" visible="true" version="1" lat="49.00000814703" lon="8.3995331947" />
  <node id="23139" visible="true" version="1" lat="49.00000635239" lon="8.3995333867" />
  <node id="23140" visible="true" version="1" lat="49.00000455795" lon="8.39953358291" />
  <node id="23141" visible="true" version="1" lat="49.00000276358" lon="8.39953378068" />
  <node id="23142" visible="true" version="1" lat="49.00000096933" lon="8.39953398103" />
  <node id="23143" visible="true" version="1" lat="48.99999917543" lon="8.39953418825" />
  <node id="23144" visible="true" version="1" lat="48.9999973821" lon="8.39953440677" />
  <node id="23145" visible="true" version="1" lat="48.99999558963" lon="8.3995346409" />
  <node id="23146" visible="true" version="1" lat="48.99999379835" lon="8.39953489509" />
  <node id="23147" visible="true" version="1" lat="48.99999200863" lon="8.39953517362" />
  <node id="23148" visible="true" version="1" lat="48.99999022095" lon="8.39953548072" />
  <node id="23149" visible="true" version="1" lat="48.99998843584" lon="8.39953582068" />
  <node id="23150" visible="true" version="1" lat="48.99998665393" lon="8.39953619746" />
  <node id="23151" visible="true" version="1" lat="48.9999848757" lon="8.39953661236" />
  <node id="23152" visible="true" version="1" lat="48.99998310001" lon="8.39953705185" />
  <node id="23153" visible="true" version="1" lat="48.99998132503" lon="8.39953749789" />
  <node id="23154" visible="true" version="1" lat="48.99997954882" lon="8.39953793246" />
  <node id="23155" visible="true" version="1" lat="48.99997777006" lon="8.39953834223" />
  <node id="23156" visible="true" version="1" lat="48.99997598998" lon="8.39953873856" />
  <node id="23157" visible="true" version="1" lat="48.99997421056" lon="8.39953914167" />
  <node id="23158" visible="true" version="1" lat="48.99997243388" lon="8.39953957171" />
  <node id="23159" visible="true" version="1" lat="48.99997066239" lon="8.39954004837" />
  <node id="23160" visible="true" version="1" lat="48.99996889904" lon="8.39954059019" />
  <node id="23161" visible="true" version="1" lat="48.9999671455" lon="8.39954120114" />
  <node id="23162" visible="true" version="1" lat="48.99996540085" lon="8.39954186848" />
  <node id="23163" visible="true" version="1" lat="48.99996366361" lon="8.39954257912" />
  <node id="23164" visible="true" version="1" lat="48.99996193192" lon="8.39954332043" />
  <node id="23165" visible="true" version="1" lat="48.99996020373" lon="8.39954408043" />
  <node id="23166" visible="true" version="1" lat="48.99995847681" lon="8.3995448471" />
  <node id="23167" visible="true" version="1" lat="48.99995674893" lon="8.39954560872" />
  <node id="23168" visible="true" version="1" lat="48.9999550179" lon="8.39954635357" />
  <node id="23169" visible="true" version="1" lat="48.9999532817" lon="8.39954707007" />
  <node id="23170" visible="true" version="1" lat="48.99995154445" lon="8.39954778069" />
  <node id="23171" visible="true" version="1" lat="48.99994982092" lon="8.39954856419" />
  <node id="23172" visible="true" version="1" lat="48.99994811564" lon="8.39954943527" />
  <node id="23173" visible="true" version="1" lat="48.99994642637" lon="8.39955037573" />
  <node id="23174" visible="true" version="1" lat="48.99994475031" lon="8.39955136933" />
  <node id="23175" visible="true" version="1" lat="48.99994308434" lon="8.39955240147" />
  <node id="23176" visible="true" version="1" lat="48.99994142525" lon="8.39955345893" />
  <node id="23177" visible="true" version="1" lat="48.99993976943" lon="8.3995545282" />
  <node id="23178" visible="true" version="1" lat="48.99993811342" lon="8.39955559676" />
  <node id="23179" visible="true" version="1" lat="48.99993645367" lon="8.39955665184" />
  <node id="23180" visible="true" version="1" lat="48.99993478693" lon="8.39955768108" />
  <node id="23181" visible="true" version="1" lat="48.99993311344" lon="8.39955868478" />
  <node id="23182" visible="true" version="1" lat="48.99993143592" lon="8.39955967281" />
  <node id="23183" visible="true" version="1" lat="48.99992975711" lon="8.39956065576" />
  <node id="23184" visible="true" version="1" lat="48.99992807981" lon="8.39956164464" />
  <node id="23185" visible="true" version="1" lat="48.99992640675" lon="8.39956264996" />
  <node id="23186" visible="true" version="1" lat="48.99992474072" lon="8.39956368189" />
  <node id="23187" visible="true" version="1" lat="48.99992308489" lon="8.39956475101" />
  <node id="23188" visible="true" version="1" lat="48.99992144206" lon="8.39956586549" />
  <node id="23189" visible="true" version="1" lat="48.99991981528" lon="8.39956703303" />
  <node id="23190" visible="true" version="1" lat="48.99991820767" lon="8.39956826036" />
  <node id="23191" visible="true" version="1" lat="48.99991661702" lon="8.39956953776" />
  <node id="23192" visible="true" version="1" lat="48.99991503981" lon="8.39957085316" />
  <node id="23193" visible="true" version="1" lat="48.99991347182" lon="8.3995721938" />
  <node id="23194" visible="true" version="1" lat="48.99991190921" lon="8.39957354886" />
  <node id="23195" visible="true" version="1" lat="48.99991034789" lon="8.3995749074" />
  <node id="23196" visible="true" version="1" lat="48.99990878388" lon="8.39957625872" />
  <node id="23197" visible="true" version="1" lat="48.99990721324" lon="8.39957759216" />
  <node id="23198" visible="true" version="1" lat="48.99990563205" lon="8.39957889645" />
  <node id="23199" visible="true" version="1" lat="48.99990403821" lon="8.39958016469" />
  <node id="23200" visible="true" version="1" lat="48.99990243032" lon="8.39958139121" />
  <node id="23201" visible="true" version="1" lat="48.99990080696" lon="8.39958256972" />
  <node id="23202" visible="true" version="1" lat="48.99989916718" lon="8.39958369446" />
  <node id="23203" visible="true" version="1" lat="48.99989750963" lon="8.39958475731" />
  <node id="23204" visible="true" version="1" lat="48.99989583353" lon="8.39958575062" />
  <node id="23205" visible="true" version="1" lat="48.99989413843" lon="8.39958666631" />
  <node id="23206" visible="true" version="1" lat="48.99989242406" lon="8.39958749497" />
  <node id="23207" visible="true" version="1" lat="48.99989069107" lon="8.39958822876" />
  <node id="23208" visible="true" version="1" lat="48.99988894255" lon="8.39958887194" />
  <node id="23209" visible="true" version="1" lat="48.9998871822" lon="8.3995894358" />
  <node id="23210" visible="true" version="1" lat="48.99988541307" lon="8.39958993235" />
  <node id="23211" visible="true" version="1" lat="48.9998836377" lon="8.39959037459" />
  <node id="23212" visible="true" version="1" lat="48.99988185815" lon="8.3995907762" />
  <node id="23213" visible="true" version="1" lat="48.99988007608" lon="8.39959115133" />
  <node id="23214" visible="true" version="1" lat="48.99987829293" lon="8.39959151437" />
  <node id="23215" visible="true" version="1" lat="48.99987651" lon="8.39959187988" />
  <node id="23216" visible="true" version="1" lat="48.99987472861" lon="8.39959226233" />
  <node id="23217" visible="true" version="1" lat="48.99987295026" lon="8.39959267608" />
  <node id="23218" visible="true" version="1" lat="48.99987117675" lon="8.39959313517" />
  <node id="23219" visible="true" version="1" lat="48.99986941021" lon="8.3995936525" />
  <node id="23220" visible="true" version="1" lat="48.99986765159" lon="8.39959422888" />
  <node id="23221" visible="true" version="1" lat="48.99986589995" lon="8.39959485252" />
  <node id="23222" visible="true" version="1" lat="48.9998641539" lon="8.39959551144" />
  <node id="23223" visible="true" version="1" lat="48.9998624118" lon="8.39959619416" />
  <node id="23224" visible="true" version="1" lat="48.99986067183" lon="8.39959688929" />
  <node id="23225" visible="true" version="1" lat="48.99985893208" lon="8.39959758571" />
  <node id="23226" visible="true" version="1" lat="48.99985719066" lon="8.39959827235" />
  <node id="23227" visible="true" version="1" lat="48.99985544609" lon="8.39959894036" />
  <node id="23228" visible="true" version="1" lat="48.99985369837" lon="8.399599589" />
  <node id="23229" visible="true" version="1" lat="48.9998519478" lon="8.39960021967" />
  <node id="23230" visible="true" version="1" lat="48.99985019469" lon="8.3996008338" />
  <node id="23231" visible="true" version="1" lat="48.99984843933" lon="8.3996014329" />
  <node id="23232" visible="true" version="1" lat="48.99984668198" lon="8.39960201842" />
  <node id="23233" visible="true" version="1" lat="48.99984492291" lon="8.39960259187" />
  <node id="23234" visible="true" version="1" lat="48.99984316232" lon="8.39960315442" />
  <node id="23235" visible="true" version="1" lat="48.99984140026" lon="8.39960370628" />
  <node id="23236" visible="true" version="1" lat="48.99983963678" lon="8.3996042475" />
  <node id="23237" visible="true" version="1" lat="48.9998378719" lon="8.39960477812" />
  <node id="23238" visible="true" version="1" lat="48.99983610566" lon="8.39960529818" />
  <node id="23239" visible="true" version="1" lat="48.9998343381" lon="8.39960580777" />
  <node id="23240" visible="true" version="1" lat="48.99983256926" lon="8.39960630694" />
  <node id="23241" visible="true" version="1" lat="48.99983079917" lon="8.39960679587" />
  <node id="23242" visible="true" version="1" lat="48.99982902796" lon="8.39960727529" />
  <node id="23243" visible="true" version="1" lat="48.99982725575" lon="8.39960774611" />
  <node id="23244" visible="true" version="1" lat="48.99982548266" lon="8.39960820919" />
  <node id="23245" visible="true" version="1" lat="48.99982370881" lon="8.39960866546" />
  <node id="23246" visible="true" version="1" lat="48.9998219343" lon="8.39960911583" />
  <node id="23247" visible="true" version="1" lat="48.99982015924" lon="8.39960956118" />
  <node id="23248" visible="true" version="1" lat="48.99981838373" lon="8.39961000235" />
  <node id="23249" visible="true" version="1" lat="48.9998166077" lon="8.39961043863" />
  <node id="23250" visible="true" version="1" lat="48.99981483099" lon="8.39961086849" />
  <node id="23251" visible="true" version="1" lat="48.99981305345" lon="8.39961129029" />
  <node id="23252" visible="true" version="1" lat="48.99981127493" lon="8.39961170248" />
  <node id="23253" visible="true" version="1" lat="48.99980949529" lon="8.39961210343" />
  <node id="23254" visible="true" version="1" lat="48.99980771443" lon="8.3996124915" />
  <node id="23255" visible="true" version="1" lat="48.99980593224" lon="8.3996128653" />
  <node id="23256" visible="true" version="1" lat="48.99980414884" lon="8.39961322552" />
  <node id="23257" visible="true" version="1" lat="48.99980236445" lon="8.39961357423" />
  <node id="23258" visible="true" version="1" lat="48.99980057928" lon="8.39961391357" />
  <node id="23259" visible="true" version="1" lat="48.99979879352" lon="8.39961424566" />
  <node id="23260" visible="true" version="1" lat="48.99979700735" lon="8.39961457264" />
  <node id="23261" visible="true" version="1" lat="48.99979522082" lon="8.39961489503" />
  <node id="23262" visible="true" version="1" lat="48.99979343366" lon="8.39961520931" />
  <node id="23263" visible="true" version="1" lat="48.99979164559" lon="8.39961551136" />
  <node id="23264" visible="true" version="1" lat="48.99978985636" lon="8.39961579698" />
  <node id="23265" visible="true" version="1" lat="48.99978806575" lon="8.39961606191" />
  <node id="23266" visible="true" version="1" lat="48.99978627362" lon="8.39961630194" />
  <node id="23267" visible="true" version="1" lat="48.99978447991" lon="8.39961651275" />
  <node id="23268" visible="true" version="1" lat="48.99978268463" lon="8.39961669004" />
  <node id="23269" visible="true" version="1" lat="48.999780888" lon="8.39961683269" />
  <node id="23270" visible="true" version="1" lat="48.99977909063" lon="8.39961695167" />
  <node id="23271" visible="true" version="1" lat="48.99977729299" lon="8.39961706118" />
  <node id="23272" visible="true" version="1" lat="48.99977549549" lon="8.39961717541" />
  <node id="23273" visible="true" version="1" lat="48.99977369855" lon="8.3996173086" />
  <node id="23274" visible="true" version="1" lat="48.99977190281" lon="8.39961747485" />
  <node id="23275" visible="true" version="1" lat="48.99977010924" lon="8.39961768803" />
  <node id="23276" visible="true" version="1" lat="48.99976831863" lon="8.39961795274" />
  <node id="23277" visible="true" version="1" lat="48.99976653079" lon="8.3996182577" />
  <node id="23278" visible="true" version="1" lat="48.99976474506" lon="8.39961859013" />
  <node id="23279" visible="true" version="1" lat="48.99976296055" lon="8.39961893742" />
  <node id="23280" visible="true" version="1" lat="48.99976117624" lon="8.39961928709" />
  <node id="23281" visible="true" version="1" lat="48.99975939119" lon="8.39961962783" />
  <node id="23282" visible="true" version="1" lat="48.99975760471" lon="8.39961995082" />
  <node id="23283" visible="true" version="1" lat="48.99975581625" lon="8.39962024736" />
  <node id="23284" visible="true" version="1" lat="48.99975402543" lon="8.39962050887" />
  <node id="23285" visible="true" version="1" lat="48.99975223247" lon="8.39962073418" />
  <node id="23286" visible="true" version="1" lat="48.99975043815" lon="8.3996209327" />
  <node id="23287" visible="true" version="1" lat="48.99974864306" lon="8.39962111473" />
  <node id="23288" visible="true" version="1" lat="48.9997468477" lon="8.3996212906" />
  <node id="23289" visible="true" version="1" lat="48.99974505253" lon="8.39962147062" />
  <node id="23290" visible="true" version="1" lat="48.99974325801" lon="8.39962166516" />
  <node id="23291" visible="true" version="1" lat="48.99974146473" lon="8.3996218845" />
  <node id="23292" visible="true" version="1" lat="48.99973967346" lon="8.39962213867" />
  <node id="23293" visible="true" version="1" lat="48.99973788453" lon="8.39962242859" />
  <node id="23294" visible="true" version="1" lat="48.99973609731" lon="8.39962274201" />
  <node id="23295" visible="true" version="1" lat="48.99973431088" lon="8.39962306572" />
  <node id="23296" visible="true" version="1" lat="48.99973252423" lon="8.39962338655" />
  <node id="23297" visible="true" version="1" lat="48.99973073636" lon="8.39962369132" />
  <node id="23298" visible="true" version="1" lat="48.99972894645" lon="8.39962396676" />
  <node id="23299" visible="true" version="1" lat="48.99972715402" lon="8.39962420139" />
  <node id="23300" visible="true" version="1" lat="48.99972535965" lon="8.39962439894" />
  <node id="23301" visible="true" version="1" lat="48.99972356413" lon="8.39962457074" />
  <node id="23302" visible="true" version="1" lat="48.99972176804" lon="8.39962472831" />
  <node id="23303" visible="true" version="1" lat="48.99971997185" lon="8.3996248832" />
  <node id="23304" visible="true" version="1" lat="48.999718176" lon="8.39962504703" />
  <node id="23305" visible="true" version="1" lat="48.99971638082" lon="8.39962522684" />
  <node id="23306" visible="true" version="1" lat="48.99971458461" lon="8.39962538017" />
  <node id="23307" visible="true" version="1" lat="48.99971278658" lon="8.39962547188" />
  <node id="23308" visible="true" version="1" lat="48.99971098767" lon="8.39962550605" />
  <node id="23309" visible="true" version="1" lat="48.99970918866" lon="8.39962548863" />
  <node id="23310" visible="true" version="1" lat="48.99970739007" lon="8.39962542568" />
  <node id="23311" visible="true" version="1" lat="48.99970559227" lon="8.39962532329" />
  <node id="23312" visible="true" version="1" lat="48.99970379542" lon="8.39962518752" />
  <node id="23313" visible="true" version="1" lat="48.99970199955" lon="8.39962502437" />
  <node id="23314" visible="true" version="1" lat="48.99970020461" lon="8.39962483893" />
  <node id="23315" visible="true" version="1" lat="48.99969841071" lon="8.39962463177" />
  <node id="23316" visible="true" version="1" lat="48.999696618" lon="8.3996244019" />
  <node id="23317" visible="true" version="1" lat="48.99969482668" lon="8.39962414836" />
  <node id="23318" visible="true" version="1" lat="48.99969303694" lon="8.39962387019" />
  <node id="23319" visible="true" version="1" lat="48.999691249" lon="8.39962356645" />
  <node id="23320" visible="true" version="1" lat="48.9996894631" lon="8.39962323623" />
  <node id="23321" visible="true" version="1" lat="48.99968767945" lon="8.39962287893" />
  <node id="23322" visible="true" version="1" lat="48.99968589799" lon="8.39962249728" />
  <node id="23323" visible="true" version="1" lat="48.99968411832" lon="8.39962209674" />
  <node id="23324" visible="true" version="1" lat="48.99968233998" lon="8.39962168272" />
  <node id="23325" visible="true" version="1" lat="48.99968056247" lon="8.39962126061" />
  <node id="23326" visible="true" version="1" lat="48.99967878524" lon="8.39962083577" />
  <node id="23327" visible="true" version="1" lat="48.99967700773" lon="8.39962041355" />
  <node id="23328" visible="true" version="1" lat="48.99967522942" lon="8.39961999933" />
  <node id="23329" visible="true" version="1" lat="48.99967344978" lon="8.39961959847" />
  <node id="23330" visible="true" version="1" lat="48.99967166837" lon="8.39961921625" />
  <node id="23331" visible="true" version="1" lat="48.99966988548" lon="8.39961885021" />
  <node id="23332" visible="true" version="1" lat="48.99966810224" lon="8.39961848817" />
  <node id="23333" visible="true" version="1" lat="48.9996663198" lon="8.3996181172" />
  <node id="23334" visible="true" version="1" lat="48.99966453938" lon="8.39961772444" />
  <node id="23335" visible="true" version="1" lat="48.99966276241" lon="8.39961729728" />
  <node id="23336" visible="true" version="1" lat="48.99966099058" lon="8.39961682342" />
  <node id="23337" visible="true" version="1" lat="48.99965922552" lon="8.39961629452" />
  <node id="23338" visible="true" version="1" lat="48.99965746714" lon="8.39961571633" />
  <node id="23339" visible="true" version="1" lat="48.99965571462" lon="8.39961509838" />
  <node id="23340" visible="true" version="1" lat="48.99965396689" lon="8.39961444979" />
  <node id="23341" visible="true" version="1" lat="48.99965222272" lon="8.39961377943" />
  <node id="23342" visible="true" version="1" lat="48.99965048076" lon="8.39961309592" />
  <node id="23343" visible="true" version="1" lat="48.99964873973" lon="8.39961240692" />
  <node id="23344" visible="true" version="1" lat="48.99964700024" lon="8.39961170907" />
  <node id="23345" visible="true" version="1" lat="48.99964526421" lon="8.39961099156" />
  <node id="23346" visible="true" version="1" lat="48.99964353373" lon="8.39961024378" />
  <node id="23347" visible="true" version="1" lat="48.99964181106" lon="8.39960945546" />
  <node id="23348" visible="true" version="1" lat="48.99964009881" lon="8.39960861646" />
  <node id="23349" visible="true" version="1" lat="48.99963839951" lon="8.39960771871" />
  <node id="23350" visible="true" version="1" lat="48.9996367158" lon="8.39960675557" />
  <node id="23351" visible="true" version="1" lat="48.99963504793" lon="8.39960573066" />
  <node id="23352" visible="true" version="1" lat="48.99963339427" lon="8.39960465382" />
  <node id="23353" visible="true" version="1" lat="48.99963175253" lon="8.3996035356" />
  <node id="23354" visible="true" version="1" lat="48.99963012073" lon="8.39960238426" />
  <node id="23355" visible="true" version="1" lat="48.9996284966" lon="8.3996012081" />
  <node id="23356" visible="true" version="1" lat="48.99962687781" lon="8.39960001505" />
  <node id="23357" visible="true" version="1" lat="48.99962526215" lon="8.39959881225" />
  <node id="23358" visible="true" version="1" lat="48.99962364736" lon="8.39959760673" />
  <node id="23359" visible="true" version="1" lat="48.99962203316" lon="8.39959639942" />
  <node id="23360" visible="true" version="1" lat="48.99962042076" lon="8.39959518655" />
  <node id="23361" visible="true" version="1" lat="48.99961881147" lon="8.39959396415" />
  <node id="23362" visible="true" version="1" lat="48.99961720662" lon="8.39959272838" />
  <node id="23363" visible="true" version="1" lat="48.99961560746" lon="8.39959147567" />
  <node id="23364" visible="true" version="1" lat="48.9996140154" lon="8.39959020227" />
  <node id="23365" visible="true" version="1" lat="48.99961243162" lon="8.39958890523" />
  <node id="23366" visible="true" version="1" lat="48.99961085759" lon="8.39958758108" />
  <node id="23367" visible="true" version="1" lat="48.99960929445" lon="8.39958622745" />
  <node id="23368" visible="true" version="1" lat="48.99960774355" lon="8.39958484171" />
  <node id="23369" visible="true" version="1" lat="49.00018396527" lon="8.39954729344" />
  <node id="23370" visible="true" version="1" lat="49.00018238014" lon="8.39954600022" />
  <node id="23371" visible="true" version="1" lat="49.00018080229" lon="8.39954468658" />
  <node id="23372" visible="true" version="1" lat="49.00017922778" lon="8.3995433637" />
  <node id="23373" visible="true" version="1" lat="49.00017765242" lon="8.39954204314" />
  <node id="23374" visible="true" version="1" lat="49.00017607208" lon="8.39954073643" />
  <node id="23375" visible="true" version="1" lat="49.0001744827" lon="8.39953945532" />
  <node id="23376" visible="true" version="1" lat="49.00017288018" lon="8.39953821264" />
  <node id="23377" visible="true" version="1" lat="49.00017126041" lon="8.39953702282" />
  <node id="23378" visible="true" version="1" lat="49.00016961998" lon="8.39953590038" />
  <node id="23379" visible="true" version="1" lat="49.00016795823" lon="8.39953485283" />
  <node id="23380" visible="true" version="1" lat="49.00016627892" lon="8.39953387207" />
  <node id="23381" visible="true" version="1" lat="49.00016458588" lon="8.39953294732" />
  <node id="23382" visible="true" version="1" lat="49.00016288256" lon="8.39953206722" />
  <node id="23383" visible="true" version="1" lat="49.00016117218" lon="8.39953121927" />
  <node id="23384" visible="true" version="1" lat="49.0001594566" lon="8.39953039595" />
  <node id="23385" visible="true" version="1" lat="49.00015773566" lon="8.39952959894" />
  <node id="23386" visible="true" version="1" lat="49.00015600895" lon="8.39952883124" />
  <node id="23387" visible="true" version="1" lat="49.00015427613" lon="8.39952809609" />
  <node id="23388" visible="true" version="1" lat="49.00015253691" lon="8.39952739673" />
  <node id="23389" visible="true" version="1" lat="49.00015079107" lon="8.39952673656" />
  <node id="23390" visible="true" version="1" lat="49.0001490385" lon="8.39952611899" />
  <node id="23391" visible="true" version="1" lat="49.00014727974" lon="8.39952554346" />
  <node id="23392" visible="true" version="1" lat="49.00014551617" lon="8.39952500292" />
  <node id="23393" visible="true" version="1" lat="49.00014374909" lon="8.39952448954" />
  <node id="23394" visible="true" version="1" lat="49.00014197963" lon="8.39952399539" />
  <node id="23395" visible="true" version="1" lat="49.00014020885" lon="8.39952351233" />
  <node id="23396" visible="true" version="1" lat="49.00013843772" lon="8.39952303224" />
  <node id="23397" visible="true" version="1" lat="49.0001366672" lon="8.39952254693" />
  <node id="23398" visible="true" version="1" lat="49.00013489829" lon="8.3995220483" />
  <node id="23399" visible="true" version="1" lat="49.00013313155" lon="8.39952153224" />
  <node id="23400" visible="true" version="1" lat="49.00013136645" lon="8.39952100332" />
  <node id="23401" visible="true" version="1" lat="49.00012960225" lon="8.3995204675" />
  <node id="23402" visible="true" version="1" lat="49.0001278382" lon="8.39951993054" />
  <node id="23403" visible="true" version="1" lat="49.00012607366" lon="8.39951939734" />
  <node id="23404" visible="true" version="1" lat="49.00012430823" lon="8.39951887094" />
  <node id="23405" visible="true" version="1" lat="49.00012254158" lon="8.39951835414" />
  <node id="23406" visible="true" version="1" lat="49.00012077362" lon="8.3995178477" />
  <node id="23407" visible="true" version="1" lat="49.00011900466" lon="8.39951734947" />
  <node id="23408" visible="true" version="1" lat="49.00011723502" lon="8.39951685688" />
  <node id="23409" visible="true" version="1" lat="49.000115465" lon="8.3995163674" />
  <node id="23410" visible="true" version="1" lat="49.0001136949" lon="8.39951587854" />
  <node id="23411" visible="true" version="1" lat="49.00011192505" lon="8.39951538766" />
  <node id="23412" visible="true" version="1" lat="49.00011015597" lon="8.39951489044" />
  <node id="23413" visible="true" version="1" lat="49.00010838842" lon="8.39951438073" />
  <node id="23414" visible="true" version="1" lat="49.00010662327" lon="8.39951385228" />
  <node id="23415" visible="true" version="1" lat="49.00010486139" lon="8.39951329915" />
  <node id="23416" visible="true" version="1" lat="49.00010310198" lon="8.39951272814" />
  <node id="23417" visible="true" version="1" lat="49.00010134026" lon="8.39951217386" />
  <node id="23418" visible="true" version="1" lat="49.00009957137" lon="8.39951167566" />
  <node id="23419" visible="true" version="1" lat="49.00009779238" lon="8.39951126921" />
  <node id="23420" visible="true" version="1" lat="49.00009600647" lon="8.39951093932" />
  <node id="23421" visible="true" version="1" lat="49.00009421826" lon="8.39951063924" />
  <node id="23422" visible="true" version="1" lat="49.00009243143" lon="8.39951032091" />
  <node id="23423" visible="true" version="1" lat="49.0000906488" lon="8.39950995214" />
  <node id="23424" visible="true" version="1" lat="49.00008886838" lon="8.39950955937" />
  <node id="23425" visible="true" version="1" lat="49.00008708641" lon="8.39950918335" />
  <node id="23426" visible="true" version="1" lat="49.00008529962" lon="8.39950886496" />
  <node id="23427" visible="true" version="1" lat="49.00008350952" lon="8.39950859214" />
  <node id="23428" visible="true" version="1" lat="49.00008171991" lon="8.39950831191" />
  <node id="23429" visible="true" version="1" lat="49.00007992996" lon="8.39950803688" />
  <node id="23430" visible="true" version="1" lat="49.00007813879" lon="8.39950778085" />
  <node id="23431" visible="true" version="1" lat="49.00007634654" lon="8.39950754274" />
  <node id="23432" visible="true" version="1" lat="49.0000745537" lon="8.39950731515" />
  <node id="23433" visible="true" version="1" lat="49.00007276068" lon="8.39950709093" />
  <node id="23434" visible="true" version="1" lat="49.00007096786" lon="8.39950686304" />
  <node id="23435" visible="true" version="1" lat="49.0000691755" lon="8.39950662692" />
  <node id="23436" visible="true" version="1" lat="49.00006738385" lon="8.39950637867" />
  <node id="23437" visible="true" version="1" lat="49.00006559319" lon="8.39950611453" />
  <node id="23438" visible="true" version="1" lat="49.00006380378" lon="8.39950583154" />
  <node id="23439" visible="true" version="1" lat="49.00006201573" lon="8.39950552921" />
  <node id="23440" visible="true" version="1" lat="49.00006022913" lon="8.39950520771" />
  <node id="23441" visible="true" version="1" lat="49.00005844406" lon="8.39950486717" />
  <node id="23442" visible="true" version="1" lat="49.0000566606" lon="8.39950450774" />
  <node id="23443" visible="true" version="1" lat="49.00005487876" lon="8.3995041301" />
  <node id="23444" visible="true" version="1" lat="49.00005309821" lon="8.39950373869" />
  <node id="23445" visible="true" version="1" lat="49.00005131843" lon="8.39950333925" />
  <node id="23446" visible="true" version="1" lat="49.00004953886" lon="8.3995029377" />
  <node id="23447" visible="true" version="1" lat="49.00004775892" lon="8.39950253986" />
  <node id="23448" visible="true" version="1" lat="49.00004597808" lon="8.39950215154" />
  <node id="23449" visible="true" version="1" lat="49.0000441958" lon="8.39950177868" />
  <node id="23450" visible="true" version="1" lat="49.00004241166" lon="8.39950142715" />
  <node id="23451" visible="true" version="1" lat="49.00004062528" lon="8.39950110301" />
  <node id="23452" visible="true" version="1" lat="49.00003883641" lon="8.39950081231" />
  <node id="23453" visible="true" version="1" lat="49.00003704495" lon="8.39950056115" />
  <node id="23454" visible="true" version="1" lat="49.00003525098" lon="8.39950035588" />
  <node id="23455" visible="true" version="1" lat="49.00003345484" lon="8.39950020006" />
  <node id="23456" visible="true" version="1" lat="49.00003165725" lon="8.3995000897" />
  <node id="23457" visible="true" version="1" lat="49.00002985879" lon="8.3995000189" />
  <node id="23458" visible="true" version="1" lat="49.00002805988" lon="8.39949998185" />
  <node id="23459" visible="true" version="1" lat="49.00002626082" lon="8.39949997252" />
  <node id="23460" visible="true" version="1" lat="49.00002446176" lon="8.39949998511" />
  <node id="23461" visible="true" version="1" lat="49.00002266278" lon="8.3995000136" />
  <node id="23462" visible="true" version="1" lat="49.00002086388" lon="8.39950005212" />
  <node id="23463" visible="true" version="1" lat="49.00001906502" lon="8.39950009477" />
  <node id="23464" visible="true" version="1" lat="49.00001726616" lon="8.3995001377" />
  <node id="23465" visible="true" version="1" lat="49.00001546733" lon="8.399500184" />
  <node id="23466" visible="true" version="1" lat="49.00001366861" lon="8.39950023829" />
  <node id="23467" visible="true" version="1" lat="49.00001187007" lon="8.39950030536" />
  <node id="23468" visible="true" version="1" lat="49.00001007185" lon="8.39950038971" />
  <node id="23469" visible="true" version="1" lat="49.00000827414" lon="8.39950049608" />
  <node id="23470" visible="true" version="1" lat="49.0000064772" lon="8.39950062905" />
  <node id="23471" visible="true" version="1" lat="49.00000468137" lon="8.39950079314" />
  <node id="23472" visible="true" version="1" lat="49.00000288711" lon="8.39950099282" />
  <node id="23473" visible="true" version="1" lat="49.00000109482" lon="8.39950123003" />
  <node id="23474" visible="true" version="1" lat="48.9999993046" lon="8.39950150082" />
  <node id="23475" visible="true" version="1" lat="48.99999751636" lon="8.39950180055" />
  <node id="23476" visible="true" version="1" lat="48.99999572997" lon="8.39950212461" />
  <node id="23477" visible="true" version="1" lat="48.99999394517" lon="8.39950246849" />
  <node id="23478" visible="true" version="1" lat="48.99999216168" lon="8.39950282757" />
  <node id="23479" visible="true" version="1" lat="48.99999037913" lon="8.39950319742" />
  <node id="23480" visible="true" version="1" lat="48.99998859716" lon="8.39950357366" />
  <node id="23481" visible="true" version="1" lat="48.99998681541" lon="8.39950395226" />
  <node id="23482" visible="true" version="1" lat="48.99998503371" lon="8.39950433137" />
  <node id="23483" visible="true" version="1" lat="48.99998325197" lon="8.3995047101" />
  <node id="23484" visible="true" version="1" lat="48.99998147011" lon="8.39950508759" />
  <node id="23485" visible="true" version="1" lat="48.99997968806" lon="8.39950546286" />
  <node id="23486" visible="true" version="1" lat="48.99997790572" lon="8.39950583505" />
  <node id="23487" visible="true" version="1" lat="48.99997612302" lon="8.39950620321" />
  <node id="23488" visible="true" version="1" lat="48.99997434016" lon="8.39950656948" />
  <node id="23489" visible="true" version="1" lat="48.99997256158" lon="8.39950698039" />
  <node id="23490" visible="true" version="1" lat="48.99997079113" lon="8.39950746579" />
  <node id="23491" visible="true" version="1" lat="48.99996902853" lon="8.39950801343" />
  <node id="23492" visible="true" version="1" lat="48.99996727288" lon="8.39950861049" />
  <node id="23493" visible="true" version="1" lat="48.99996552288" lon="8.39950924471" />
  <node id="23494" visible="true" version="1" lat="48.99996377689" lon="8.39950990404" />
  <node id="23495" visible="true" version="1" lat="48.99996203313" lon="8.39951057689" />
  <node id="23496" visible="true" version="1" lat="48.99996028988" lon="8.39951125281" />
  <node id="23497" visible="true" version="1" lat="48.99995854658" lon="8.3995119284" />
  <node id="23498" visible="true" version="1" lat="48.99995680343" lon="8.39951260488" />
  <node id="23499" visible="true" version="1" lat="48.99995506063" lon="8.39951328343" />
  <node id="23500" visible="true" version="1" lat="48.99995331807" lon="8.39951396344" />
  <node id="23501" visible="true" version="1" lat="48.99995157499" lon="8.39951464036" />
  <node id="23502" visible="true" version="1" lat="48.9999498307" lon="8.39951531" />
  <node id="23503" visible="true" version="1" lat="48.99994809312" lon="8.39951601822" />
  <node id="23504" visible="true" version="1" lat="48.99994637339" lon="8.39951682086" />
  <node id="23505" visible="true" version="1" lat="48.99994467009" lon="8.39951770085" />
  <node id="23506" visible="true" version="1" lat="48.99994298051" lon="8.39951864012" />
  <node id="23507" visible="true" version="1" lat="48.99994130103" lon="8.39951962037" />
  <node id="23508" visible="true" version="1" lat="48.999939628" lon="8.39952062582" />
  <node id="23509" visible="true" version="1" lat="48.99993795766" lon="8.39952164155" />
  <node id="23510" visible="true" version="1" lat="48.9999362863" lon="8.39952265344" />
  <node id="23511" visible="true" version="1" lat="48.999934613" lon="8.39952365783" />
  <node id="23512" visible="true" version="1" lat="48.99993293837" lon="8.39952465714" />
  <node id="23513" visible="true" version="1" lat="48.99993126314" lon="8.39952565413" />
  <node id="23514" visible="true" version="1" lat="48.99992958802" lon="8.39952665149" />
  <node id="23515" visible="true" version="1" lat="48.99992791367" lon="8.3995276519" />
  <node id="23516" visible="true" version="1" lat="48.99992624086" lon="8.39952865821" />
  <node id="23517" visible="true" version="1" lat="48.99992457025" lon="8.3995296729" />
  <node id="23518" visible="true" version="1" lat="48.99992290248" lon="8.39953069837" />
  <node id="23519" visible="true" version="1" lat="48.99992123755" lon="8.3995317344" />
  <node id="23520" visible="true" version="1" lat="48.99991957472" lon="8.39953277822" />
  <node id="23521" visible="true" version="1" lat="48.99991791332" lon="8.39953382731" />
  <node id="23522" visible="true" version="1" lat="48.99991625274" lon="8.39953487935" />
  <node id="23523" visible="true" version="1" lat="48.99991459223" lon="8.39953593169" />
  <node id="23524" visible="true" version="1" lat="48.99991293117" lon="8.39953698199" />
  <node id="23525" visible="true" version="1" lat="48.99991126883" lon="8.39953802759" />
  <node id="23526" visible="true" version="1" lat="48.99990960456" lon="8.39953906609" />
  <node id="23527" visible="true" version="1" lat="48.99990793771" lon="8.39954009499" />
  <node id="23528" visible="true" version="1" lat="48.99990626769" lon="8.39954111196" />
  <node id="23529" visible="true" version="1" lat="48.99990459449" lon="8.39954211677" />
  <node id="23530" visible="true" version="1" lat="48.99990291817" lon="8.39954310949" />
  <node id="23531" visible="true" version="1" lat="48.99990123876" lon="8.39954409005" />
  <node id="23532" visible="true" version="1" lat="48.9998995563" lon="8.39954505848" />
  <node id="23533" visible="true" version="1" lat="48.99989787088" lon="8.39954601496" />
  <node id="23534" visible="true" version="1" lat="48.99989618255" lon="8.39954695952" />
  <node id="23535" visible="true" version="1" lat="48.99989449132" lon="8.39954789199" />
  <node id="23536" visible="true" version="1" lat="48.9998927973" lon="8.39954881268" />
  <node id="23537" visible="true" version="1" lat="48.99989110052" lon="8.39954972156" />
  <node id="23538" visible="true" version="1" lat="48.99988940079" lon="8.39955061763" />
  <node id="23539" visible="true" version="1" lat="48.99988769774" lon="8.39955149902" />
  <node id="23540" visible="true" version="1" lat="48.99988599111" lon="8.39955236424" />
  <node id="23541" visible="true" version="1" lat="48.99988428058" lon="8.3995532115" />
  <node id="23542" visible="true" version="1" lat="48.99988256587" lon="8.39955403898" />
  <node id="23543" visible="true" version="1" lat="48.99988084664" lon="8.39955484454" />
  <node id="23544" visible="true" version="1" lat="48.99987912268" lon="8.39955562639" />
  <node id="23545" visible="true" version="1" lat="48.9998773938" lon="8.3995563827" />
  <node id="23546" visible="true" version="1" lat="48.99987566012" lon="8.39955711319" />
  <node id="23547" visible="true" version="1" lat="48.99987392229" lon="8.39955782056" />
  <node id="23548" visible="true" version="1" lat="48.99987218098" lon="8.3995585079" />
  <node id="23549" visible="true" version="1" lat="48.9998704368" lon="8.39955917823" />
  <node id="23550" visible="true" version="1" lat="48.99986869039" lon="8.39955983499" />
  <node id="23551" visible="true" version="1" lat="48.99986694233" lon="8.39956048152" />
  <node id="23552" visible="true" version="1" lat="48.99986519316" lon="8.39956112113" />
  <node id="23553" visible="true" version="1" lat="48.99986344344" lon="8.39956175723" />
  <node id="23554" visible="true" version="1" lat="48.9998616937" lon="8.39956239323" />
  <node id="23555" visible="true" version="1" lat="48.99985994448" lon="8.39956303249" />
  <node id="23556" visible="true" version="1" lat="48.99985819633" lon="8.39956367846" />
  <node id="23557" visible="true" version="1" lat="48.99985644981" lon="8.39956433455" />
  <node id="23558" visible="true" version="1" lat="48.99985470547" lon="8.39956500393" />
  <node id="23559" visible="true" version="1" lat="48.9998529631" lon="8.39956568501" />
  <node id="23560" visible="true" version="1" lat="48.99985122134" lon="8.39956636974" />
  <node id="23561" visible="true" version="1" lat="48.99984947875" lon="8.39956704956" />
  <node id="23562" visible="true" version="1" lat="48.9998477339" lon="8.39956771581" />
  <node id="23563" visible="true" version="1" lat="48.9998459854" lon="8.39956835955" />
  <node id="23564" visible="true" version="1" lat="48.99984423198" lon="8.39956897162" />
  <node id="23565" visible="true" version="1" lat="48.99984247261" lon="8.39956954277" />
  <node id="23566" visible="true" version="1" lat="48.99984070688" lon="8.39957006658" />
  <node id="23567" visible="true" version="1" lat="48.999838936" lon="8.39957054871" />
  <node id="23568" visible="true" version="1" lat="48.99983716139" lon="8.39957099803" />
  <node id="23569" visible="true" version="1" lat="48.99983538426" lon="8.39957142382" />
  <node id="23570" visible="true" version="1" lat="48.99983360569" lon="8.39957183551" />
  <node id="23571" visible="true" version="1" lat="48.99983182666" lon="8.39957224265" />
  <node id="23572" visible="true" version="1" lat="48.99983004814" lon="8.39957265482" />
  <node id="23573" visible="true" version="1" lat="48.99982827111" lon="8.39957308157" />
  <node id="23574" visible="true" version="1" lat="48.99982649665" lon="8.39957353236" />
  <node id="23575" visible="true" version="1" lat="48.99982472591" lon="8.39957401563" />
  <node id="23576" visible="true" version="1" lat="48.99982295883" lon="8.399574529" />
  <node id="23577" visible="true" version="1" lat="48.99982119416" lon="8.39957506125" />
  <node id="23578" visible="true" version="1" lat="48.99981943052" lon="8.39957560126" />
  <node id="23579" visible="true" version="1" lat="48.99981766645" lon="8.39957613811" />
  <node id="23580" visible="true" version="1" lat="48.99981590055" lon="8.39957666077" />
  <node id="23581" visible="true" version="1" lat="48.99981413149" lon="8.39957715809" />
  <node id="23582" visible="true" version="1" lat="48.99981235813" lon="8.39957761864" />
  <node id="23583" visible="true" version="1" lat="48.99981057963" lon="8.39957803063" />
  <node id="23584" visible="true" version="1" lat="48.99980879551" lon="8.39957838203" />
  <node id="23585" visible="true" version="1" lat="48.99980700636" lon="8.3995786683" />
  <node id="23586" visible="true" version="1" lat="48.99980521359" lon="8.39957889645" />
  <node id="23587" visible="true" version="1" lat="48.99980341836" lon="8.39957907479" />
  <node id="23588" visible="true" version="1" lat="48.99980162156" lon="8.39957921187" />
  <node id="23589" visible="true" version="1" lat="48.9997998238" lon="8.39957931649" />
  <node id="23590" visible="true" version="1" lat="48.99979802551" lon="8.39957939744" />
  <node id="23591" visible="true" version="1" lat="48.99979622696" lon="8.39957946366" />
  <node id="23592" visible="true" version="1" lat="48.99979442832" lon="8.399579524" />
  <node id="23593" visible="true" version="1" lat="48.99979262972" lon="8.39957958712" />
  <node id="23594" visible="true" version="1" lat="48.99979083124" lon="8.39957965772" />
  <node id="23595" visible="true" version="1" lat="48.99978903293" lon="8.39957973774" />
  <node id="23596" visible="true" version="1" lat="48.99978723485" lon="8.39957982907" />
  <node id="23597" visible="true" version="1" lat="48.99978543709" lon="8.39957993357" />
  <node id="23598" visible="true" version="1" lat="48.99978363973" lon="8.3995800531" />
  <node id="23599" visible="true" version="1" lat="48.99978184289" lon="8.39958018945" />
  <node id="23600" visible="true" version="1" lat="48.99978004661" lon="8.39958034201" />
  <node id="23601" visible="true" version="1" lat="48.99977825083" lon="8.3995805075" />
  <node id="23602" visible="true" version="1" lat="48.99977645543" lon="8.39958068234" />
  <node id="23603" visible="true" version="1" lat="48.99977466029" lon="8.39958086304" />
  <node id="23604" visible="true" version="1" lat="48.99977286524" lon="8.39958104613" />
  <node id="23605" visible="true" version="1" lat="48.99977107015" lon="8.39958122808" />
  <node id="23606" visible="true" version="1" lat="48.99976927486" lon="8.39958140543" />
  <node id="23607" visible="true" version="1" lat="48.99976747923" lon="8.39958157463" />
  <node id="23608" visible="true" version="1" lat="48.99976568315" lon="8.39958173247" />
  <node id="23609" visible="true" version="1" lat="48.99976388667" lon="8.3995818796" />
  <node id="23610" visible="true" version="1" lat="48.99976208997" lon="8.39958201999" />
  <node id="23611" visible="true" version="1" lat="48.99976029317" lon="8.39958215768" />
  <node id="23612" visible="true" version="1" lat="48.99975849641" lon="8.39958229664" />
  <node id="23613" visible="true" version="1" lat="48.99975669984" lon="8.39958244094" />
  <node id="23614" visible="true" version="1" lat="48.9997549036" lon="8.39958259461" />
  <node id="23615" visible="true" version="1" lat="48.99975310788" lon="8.39958276164" />
  <node id="23616" visible="true" version="1" lat="48.9997513129" lon="8.39958294603" />
  <node id="23617" visible="true" version="1" lat="48.99974951893" lon="8.39958315174" />
  <node id="23618" visible="true" version="1" lat="48.99974772628" lon="8.39958338269" />
  <node id="23619" visible="true" version="1" lat="48.99974593537" lon="8.39958364273" />
  <node id="23620" visible="true" version="1" lat="48.99974414656" lon="8.39958393439" />
  <node id="23621" visible="true" version="1" lat="48.9997423595" lon="8.39958424987" />
  <node id="23622" visible="true" version="1" lat="48.99974057329" lon="8.39958457642" />
  <node id="23623" visible="true" version="1" lat="48.99973878696" lon="8.39958490129" />
  <node id="23624" visible="true" version="1" lat="48.99973699951" lon="8.39958521165" />
  <node id="23625" visible="true" version="1" lat="48.99973521011" lon="8.39958549469" />
  <node id="23626" visible="true" version="1" lat="48.99973341814" lon="8.39958573728" />
  <node id="23627" visible="true" version="1" lat="48.9997316234" lon="8.39958592612" />
  <node id="23628" visible="true" version="1" lat="48.99972982616" lon="8.39958604772" />
  <node id="23629" visible="true" version="1" lat="48.99972802738" lon="8.3995860925" />
  <node id="23630" visible="true" version="1" lat="48.99972622833" lon="8.39958608363" />
  <node id="23631" visible="true" version="1" lat="48.9997244293" lon="8.39958606145" />
  <node id="23632" visible="true" version="1" lat="48.99972263024" lon="8.39958605124" />
  <node id="23633" visible="true" version="1" lat="48.99972083116" lon="8.39958605164" />
  <node id="23634" visible="true" version="1" lat="48.99971903208" lon="8.3995860583" />
  <node id="23635" visible="true" version="1" lat="48.99971723301" lon="8.39958606686" />
  <node id="23636" visible="true" version="1" lat="48.99971543394" lon="8.39958607293" />
  <node id="23637" visible="true" version="1" lat="48.99971363486" lon="8.39958607216" />
  <node id="23638" visible="true" version="1" lat="48.99971183579" lon="8.39958606021" />
  <node id="23639" visible="true" version="1" lat="48.9997100368" lon="8.39958603332" />
  <node id="23640" visible="true" version="1" lat="48.99970823797" lon="8.39958598849" />
  <node id="23641" visible="true" version="1" lat="48.99970643941" lon="8.39958592277" />
  <node id="23642" visible="true" version="1" lat="48.9997046413" lon="8.39958583323" />
  <node id="23643" visible="true" version="1" lat="48.99970284386" lon="8.39958571694" />
  <node id="23644" visible="true" version="1" lat="48.99970104735" lon="8.39958557103" />
  <node id="23645" visible="true" version="1" lat="48.99969925212" lon="8.39958539258" />
  <node id="23646" visible="true" version="1" lat="48.99969745856" lon="8.39958517876" />
  <node id="23647" visible="true" version="1" lat="48.99969566715" lon="8.39958492683" />
  <node id="23648" visible="true" version="1" lat="48.99969387844" lon="8.39958463404" />
  <node id="23649" visible="true" version="1" lat="48.99969209303" lon="8.39958429779" />
  <node id="23650" visible="true" version="1" lat="48.99969031154" lon="8.39958391661" />
  <node id="23651" visible="true" version="1" lat="48.99968853367" lon="8.39958349808" />
  <node id="23652" visible="true" version="1" lat="48.99968675844" lon="8.3995830544" />
  <node id="23653" visible="true" version="1" lat="48.99968498464" lon="8.39958259764" />
  <node id="23654" visible="true" version="1" lat="48.99968321096" lon="8.39958213981" />
  <node id="23655" visible="true" version="1" lat="48.99968143608" lon="8.39958169285" />
  <node id="23656" visible="true" version="1" lat="48.99967965876" lon="8.39958126894" />
  <node id="23657" visible="true" version="1" lat="48.99967787801" lon="8.39958087975" />
  <node id="23658" visible="true" version="1" lat="48.99967609407" lon="8.39958052587" />
  <node id="23659" visible="true" version="1" lat="48.99967430816" lon="8.39958019561" />
  <node id="23660" visible="true" version="1" lat="48.99967252138" lon="8.39957987651" />
  <node id="23661" visible="true" version="1" lat="48.99967073469" lon="8.39957955609" />
  <node id="23662" visible="true" version="1" lat="48.99966894911" lon="8.39957922177" />
  <node id="23663" visible="true" version="1" lat="48.99966716576" lon="8.39957886116" />
  <node id="23664" visible="true" version="1" lat="48.99966538597" lon="8.399578462" />
  <node id="23665" visible="true" version="1" lat="48.99966361141" lon="8.39957801241" />
  <node id="23666" visible="true" version="1" lat="48.99966184414" lon="8.39957750099" />
  <node id="23667" visible="true" version="1" lat="48.99966008664" lon="8.39957691705" />
  <node id="23668" visible="true" version="1" lat="48.99965834164" lon="8.39957625213" />
  <node id="23669" visible="true" version="1" lat="48.99965661044" lon="8.3995755085" />
  <node id="23670" visible="true" version="1" lat="48.99965489313" lon="8.39957469379" />
  <node id="23671" visible="true" version="1" lat="48.99965318959" lon="8.39957381481" />
  <node id="23672" visible="true" version="1" lat="48.99965149931" lon="8.39957287853" />
  <node id="23673" visible="true" version="1" lat="48.99964982152" lon="8.39957189167" />
  <node id="23674" visible="true" version="1" lat="48.99964815538" lon="8.3995708602" />
  <node id="23675" visible="true" version="1" lat="48.99964650007" lon="8.39956978921" />
  <node id="23676" visible="true" version="1" lat="48.99964485449" lon="8.39956868408" />
  <node id="23677" visible="true" version="1" lat="48.99964321747" lon="8.39956755" />
  <node id="23678" visible="true" version="1" lat="48.99964158794" lon="8.39956639123" />
  <node id="23679" visible="true" version="1" lat="48.9996399647" lon="8.39956521223" />
  <node id="23680" visible="true" version="1" lat="48.99963834649" lon="8.39956401736" />
  <node id="23681" visible="true" version="1" lat="48.99963673219" lon="8.39956281034" />
  <node id="23682" visible="true" version="1" lat="48.99963512048" lon="8.39956159534" />
  <node id="23683" visible="true" version="1" lat="48.99963351016" lon="8.3995603761" />
  <node id="23684" visible="true" version="1" lat="48.99963189999" lon="8.3995591564" />
  <node id="23685" visible="true" version="1" lat="48.99963028874" lon="8.39955794" />
  <node id="23686" visible="true" version="1" lat="48.99962867514" lon="8.39955673083" />
  <node id="23687" visible="true" version="1" lat="48.99962705798" lon="8.39955553269" />
  <node id="23688" visible="true" version="1" lat="48.99962543608" lon="8.39955434944" />
  <node id="23689" visible="true" version="1" lat="48.99962380809" lon="8.39955318568" />
  <node id="23690" visible="true" version="1" lat="48.99962217299" lon="8.39955204518" />
  <node id="23691" visible="true" version="1" lat="48.99962052957" lon="8.39955093268" />
  <node id="23713" visible="true" version="1" lat="49.00038608991" lon="8.40002411893" />
  <node id="23714" visible="true" version="1" lat="49.00038440099" lon="8.4000231771" />
  <node id="23715" visible="true" version="1" lat="49.00038269717" lon="8.40002229936" />
  <node id="23716" visible="true" version="1" lat="49.00038098183" lon="8.40002147495" />
  <node id="23717" visible="true" version="1" lat="49.00037925767" lon="8.40002069421" />
  <node id="23718" visible="true" version="1" lat="49.00037752684" lon="8.40001994827" />
  <node id="23719" visible="true" version="1" lat="49.00037579117" lon="8.40001922872" />
  <node id="23720" visible="true" version="1" lat="49.00037405224" lon="8.40001852765" />
  <node id="23721" visible="true" version="1" lat="49.00037231138" lon="8.40001783766" />
  <node id="23722" visible="true" version="1" lat="49.00037056983" lon="8.40001715168" />
  <node id="23723" visible="true" version="1" lat="49.00036882883" lon="8.40001646256" />
  <node id="23724" visible="true" version="1" lat="49.00036708958" lon="8.40001576323" />
  <node id="23725" visible="true" version="1" lat="49.00036535344" lon="8.40001504635" />
  <node id="23726" visible="true" version="1" lat="49.0003636219" lon="8.40001430425" />
  <node id="23727" visible="true" version="1" lat="49.0003618967" lon="8.40001352879" />
  <node id="23728" visible="true" version="1" lat="49.00036018009" lon="8.4000127105" />
  <node id="23729" visible="true" version="1" lat="49.00035847471" lon="8.40001183977" />
  <node id="23730" visible="true" version="1" lat="49.00035678382" lon="8.40001090615" />
  <node id="23731" visible="true" version="1" lat="49.0003551117" lon="8.40000989753" />
  <node id="23732" visible="true" version="1" lat="49.00035346418" lon="8.40000879946" />
  <node id="23733" visible="true" version="1" lat="49.00035184147" lon="8.40000761899" />
  <node id="23734" visible="true" version="1" lat="49.00035023932" lon="8.40000637523" />
  <node id="23735" visible="true" version="1" lat="49.00034864965" lon="8.40000509492" />
  <node id="23736" visible="true" version="1" lat="49.00034706385" lon="8.40000380355" />
  <node id="23737" visible="true" version="1" lat="49.00034547283" lon="8.40000252714" />
  <node id="23738" visible="true" version="1" lat="49.00034387349" lon="8.40000127497" />
  <node id="23739" visible="true" version="1" lat="49.00034226772" lon="8.40000004194" />
  <node id="23740" visible="true" version="1" lat="49.00034065766" lon="8.39999882188" />
  <node id="23741" visible="true" version="1" lat="49.00033904523" lon="8.39999760907" />
  <node id="23742" visible="true" version="1" lat="49.00033743311" lon="8.39999639532" />
  <node id="23743" visible="true" version="1" lat="49.00033582456" lon="8.39999517068" />
  <node id="23744" visible="true" version="1" lat="49.00033422278" lon="8.39999392575" />
  <node id="23745" visible="true" version="1" lat="49.00033263164" lon="8.39999264971" />
  <node id="23746" visible="true" version="1" lat="49.00033105512" lon="8.39999133244" />
  <node id="23747" visible="true" version="1" lat="49.000329498" lon="8.39998996297" />
  <node id="23748" visible="true" version="1" lat="49.0003279665" lon="8.39998852838" />
  <node id="23749" visible="true" version="1" lat="49.0003264671" lon="8.39998701761" />
  <node id="23750" visible="true" version="1" lat="49.00032500698" lon="8.39998542046" />
  <node id="23751" visible="true" version="1" lat="49.00032358052" lon="8.39998375433" />
  <node id="23752" visible="true" version="1" lat="49.00032217029" lon="8.39998205649" />
  <node id="23753" visible="true" version="1" lat="49.00032075677" lon="8.39998036499" />
  <node id="23754" visible="true" version="1" lat="49.00031933186" lon="8.39997869572" />
  <node id="23755" visible="true" version="1" lat="49.0003179024" lon="8.39997703542" />
  <node id="23756" visible="true" version="1" lat="49.00031647625" lon="8.39997536858" />
  <node id="23757" visible="true" version="1" lat="49.00031506143" lon="8.39997367961" />
  <node id="23758" visible="true" version="1" lat="49.00031366291" lon="8.39997195956" />
  <node id="23759" visible="true" version="1" lat="49.0003122773" lon="8.39997021555" />
  <node id="23760" visible="true" version="1" lat="49.0003109" lon="8.39996845637" />
  <node id="23761" visible="true" version="1" lat="49.00030952617" lon="8.39996669092" />
  <node id="23762" visible="true" version="1" lat="49.00030815091" lon="8.39996492806" />
  <node id="23763" visible="true" version="1" lat="49.00030676933" lon="8.39996317666" />
  <node id="23764" visible="true" version="1" lat="49.00030537672" lon="8.39996144555" />
  <node id="23765" visible="true" version="1" lat="49.00030397051" lon="8.39995974005" />
  <node id="23766" visible="true" version="1" lat="49.00030255335" lon="8.3999580556" />
  <node id="23767" visible="true" version="1" lat="49.0003011286" lon="8.39995638598" />
  <node id="23768" visible="true" version="1" lat="49.00029969942" lon="8.39995472514" />
  <node id="23769" visible="true" version="1" lat="49.00029826886" lon="8.39995306705" />
  <node id="23770" visible="true" version="1" lat="49.00029683993" lon="8.39995140571" />
  <node id="23771" visible="true" version="1" lat="49.00029541577" lon="8.39994973493" />
  <node id="23772" visible="true" version="1" lat="49.00029399897" lon="8.39994804979" />
  <node id="23773" visible="true" version="1" lat="49.00029258839" lon="8.39994635261" />
  <node id="23774" visible="true" version="1" lat="49.00029118142" lon="8.39994464854" />
  <node id="23775" visible="true" version="1" lat="49.00028977534" lon="8.39994294275" />
  <node id="23776" visible="true" version="1" lat="49.00028836746" lon="8.39994124041" />
  <node id="23777" visible="true" version="1" lat="49.00028695505" lon="8.39993954674" />
  <node id="23778" visible="true" version="1" lat="49.00028553545" lon="8.39993786705" />
  <node id="23779" visible="true" version="1" lat="49.0002841062" lon="8.39993620637" />
  <node id="23780" visible="true" version="1" lat="49.00028266494" lon="8.39993456985" />
  <node id="23781" visible="true" version="1" lat="49.00028120966" lon="8.39993296225" />
  <node id="23782" visible="true" version="1" lat="49.0002797409" lon="8.39993138321" />
  <node id="23783" visible="true" version="1" lat="49.000278262" lon="8.39992982618" />
  <node id="23784" visible="true" version="1" lat="49.00027677658" lon="8.39992828354" />
  <node id="23785" visible="true" version="1" lat="49.00027528789" lon="8.39992674819" />
  <node id="23786" visible="true" version="1" lat="49.00027379908" lon="8.39992521311" />
  <node id="23787" visible="true" version="1" lat="49.00027231341" lon="8.39992367102" />
  <node id="23788" visible="true" version="1" lat="49.00027083414" lon="8.3999221148" />
  <node id="23789" visible="true" version="1" lat="49.00026936465" lon="8.39992053733" />
  <node id="23790" visible="true" version="1" lat="49.00026790862" lon="8.39991893132" />
  <node id="23791" visible="true" version="1" lat="49.00026647012" lon="8.39991728923" />
  <node id="23792" visible="true" version="1" lat="49.00026505333" lon="8.39991560412" />
  <node id="23793" visible="true" version="1" lat="49.00026365804" lon="8.39991387806" />
  <node id="23794" visible="true" version="1" lat="49.00026228121" lon="8.39991211806" />
  <node id="23795" visible="true" version="1" lat="49.00026091937" lon="8.39991033132" />
  <node id="23796" visible="true" version="1" lat="49.0002595687" lon="8.39990852509" />
  <node id="23797" visible="true" version="1" lat="49.00025822517" lon="8.39990670657" />
  <node id="23798" visible="true" version="1" lat="49.0002568846" lon="8.39990488304" />
  <node id="23799" visible="true" version="1" lat="49.00025554274" lon="8.39990306168" />
  <node id="23800" visible="true" version="1" lat="49.00025419533" lon="8.39990124983" />
  <node id="23801" visible="true" version="1" lat="49.00025283835" lon="8.39989945455" />
  <node id="23802" visible="true" version="1" lat="49.00025147105" lon="8.39989767745" />
  <node id="23803" visible="true" version="1" lat="49.00025009711" lon="8.39989591222" />
  <node id="23804" visible="true" version="1" lat="49.00024872044" lon="8.39989415189" />
  <node id="23805" visible="true" version="1" lat="49.0002473449" lon="8.39989238954" />
  <node id="23806" visible="true" version="1" lat="49.00024597436" lon="8.39989061821" />
  <node id="23807" visible="true" version="1" lat="49.00024461281" lon="8.39988883094" />
  <node id="23808" visible="true" version="1" lat="49.00024326447" lon="8.39988702071" />
  <node id="23809" visible="true" version="1" lat="49.0002419338" lon="8.39988518054" />
  <node id="23810" visible="true" version="1" lat="49.00024062549" lon="8.39988330372" />
  <node id="23811" visible="true" version="1" lat="49.00023934143" lon="8.39988138858" />
  <node id="23812" visible="true" version="1" lat="49.00023807342" lon="8.39987944887" />
  <node id="23813" visible="true" version="1" lat="49.00023681058" lon="8.39987750136" />
  <node id="23814" visible="true" version="1" lat="49.00023554189" lon="8.39987556268" />
  <node id="23815" visible="true" version="1" lat="49.00023425651" lon="8.39987364961" />
  <node id="23816" visible="true" version="1" lat="49.00023294432" lon="8.39987177911" />
  <node id="23817" visible="true" version="1" lat="49.00023160098" lon="8.39986996038" />
  <node id="23818" visible="true" version="1" lat="49.00023023653" lon="8.39986817824" />
  <node id="23819" visible="true" version="1" lat="49.00022886305" lon="8.39986641218" />
  <node id="23820" visible="true" version="1" lat="49.00022749212" lon="8.39986464156" />
  <node id="23821" visible="true" version="1" lat="49.00022613559" lon="8.39986284553" />
  <node id="23822" visible="true" version="1" lat="49.000224806" lon="8.39986100365" />
  <node id="23823" visible="true" version="1" lat="49.00022351657" lon="8.39985909704" />
  <node id="23824" visible="true" version="1" lat="49.00022226865" lon="8.39985712758" />
  <node id="23825" visible="true" version="1" lat="49.00022105117" lon="8.39985511452" />
  <node id="23826" visible="true" version="1" lat="49.00021985131" lon="8.39985307713" />
  <node id="23827" visible="true" version="1" lat="49.00021865549" lon="8.39985103424" />
  <node id="23828" visible="true" version="1" lat="49.00021745026" lon="8.39984900419" />
  <node id="23829" visible="true" version="1" lat="49.0002162295" lon="8.39984699568" />
  <node id="23830" visible="true" version="1" lat="49.0002149959" lon="8.39984500537" />
  <node id="23831" visible="true" version="1" lat="49.00021375262" lon="8.39984302903" />
  <node id="23832" visible="true" version="1" lat="49.00021250272" lon="8.39984106234" />
  <node id="23833" visible="true" version="1" lat="49.00021124922" lon="8.39983910094" />
  <node id="23834" visible="true" version="1" lat="49.00020999419" lon="8.39983714182" />
  <node id="23835" visible="true" version="1" lat="49.00020873668" lon="8.39983518637" />
  <node id="23836" visible="true" version="1" lat="49.00020747508" lon="8.39983323701" />
  <node id="23837" visible="true" version="1" lat="49.00020620781" lon="8.39983129618" />
  <node id="23838" visible="true" version="1" lat="49.00020493337" lon="8.39982936622" />
  <node id="23839" visible="true" version="1" lat="49.00020365415" lon="8.39982744356" />
  <node id="23840" visible="true" version="1" lat="49.0002023792" lon="8.39982551438" />
  <node id="23841" visible="true" version="1" lat="49.00020111839" lon="8.39982356389" />
  <node id="23842" visible="true" version="1" lat="49.000199882" lon="8.39982157764" />
  <node id="23843" visible="true" version="1" lat="49.00019868111" lon="8.39981954179" />
  <node id="23844" visible="true" version="1" lat="49.00019752136" lon="8.39981745154" />
  <node id="23845" visible="true" version="1" lat="49.00019639516" lon="8.39981531927" />
  <node id="23846" visible="true" version="1" lat="49.00019529234" lon="8.39981315892" />
  <node id="23847" visible="true" version="1" lat="49.00019420217" lon="8.39981098378" />
  <node id="23848" visible="true" version="1" lat="49.00019311368" lon="8.39980880669" />
  <node id="23849" visible="true" version="1" lat="49.0001920159" lon="8.39980664041" />
  <node id="23850" visible="true" version="1" lat="49.00019090291" lon="8.39980449214" />
  <node id="23851" visible="true" version="1" lat="49.00018977811" lon="8.39980235812" />
  <node id="23852" visible="true" version="1" lat="49.00018864597" lon="8.39980023307" />
  <node id="23853" visible="true" version="1" lat="49.0001875109" lon="8.39979811164" />
  <node id="23854" visible="true" version="1" lat="49.0001863773" lon="8.39979598839" />
  <node id="23855" visible="true" version="1" lat="49.00018524925" lon="8.39979385833" />
  <node id="23856" visible="true" version="1" lat="49.00018412737" lon="8.39979172075" />
  <node id="23857" visible="true" version="1" lat="49.00018300973" lon="8.39978957805" />
  <node id="23858" visible="true" version="1" lat="49.00018189427" lon="8.39978743272" />
  <node id="23859" visible="true" version="1" lat="49.00018077896" lon="8.39978528721" />
  <node id="23860" visible="true" version="1" lat="49.00017966176" lon="8.39978314399" />
  <node id="23861" visible="true" version="1" lat="49.00017854059" lon="8.39978100554" />
  <node id="23862" visible="true" version="1" lat="49.00017741377" lon="8.39977887398" />
  <node id="23863" visible="true" version="1" lat="49.00017628293" lon="8.39977674733" />
  <node id="23864" visible="true" version="1" lat="49.0001751519" lon="8.39977462092" />
  <node id="23865" visible="true" version="1" lat="49.00017402456" lon="8.39977249" />
  <node id="23866" visible="true" version="1" lat="49.00017290481" lon="8.39977034984" />
  <node id="23867" visible="true" version="1" lat="49.00017179664" lon="8.39976819583" />
  <node id="23868" visible="true" version="1" lat="49.00017070367" lon="8.39976602394" />
  <node id="23869" visible="true" version="1" lat="49.00016962747" lon="8.3997638328" />
  <node id="23870" visible="true" version="1" lat="49.00016856885" lon="8.39976162197" />
  <node id="23871" visible="true" version="1" lat="49.00016752859" lon="8.39975939111" />
  <node id="23872" visible="true" version="1" lat="49.00016650747" lon="8.39975713991" />
  <node id="23873" visible="true" version="1" lat="49.0001655063" lon="8.39975486811" />
  <node id="23874" visible="true" version="1" lat="49.00016452587" lon="8.3997525755" />
  <node id="23875" visible="true" version="1" lat="49.00016356699" lon="8.39975026194" />
  <node id="23876" visible="true" version="1" lat="49.00016263004" lon="8.39974792773" />
  <node id="23877" visible="true" version="1" lat="49.00016171287" lon="8.39974557541" />
  <node id="23878" visible="true" version="1" lat="49.00016081229" lon="8.39974320834" />
  <node id="23879" visible="true" version="1" lat="49.00015992503" lon="8.39974082967" />
  <node id="23880" visible="true" version="1" lat="49.00015904784" lon="8.39973844239" />
  <node id="23881" visible="true" version="1" lat="49.00015817743" lon="8.39973604937" />
  <node id="23882" visible="true" version="1" lat="49.00015731049" lon="8.39973365345" />
  <node id="23883" visible="true" version="1" lat="49.00015644374" lon="8.39973125737" />
  <node id="23884" visible="true" version="1" lat="49.00015557391" lon="8.39972886387" />
  <node id="23885" visible="true" version="1" lat="49.00015469926" lon="8.39972647443" />
  <node id="23886" visible="true" version="1" lat="49.00015382048" lon="8.39972408849" />
  <node id="23887" visible="true" version="1" lat="49.0001529385" lon="8.39972170528" />
  <node id="23888" visible="true" version="1" lat="49.00015205427" lon="8.399719324" />
  <node id="23889" visible="true" version="1" lat="49.00015116868" lon="8.39971694388" />
  <node id="23890" visible="true" version="1" lat="49.00015028267" lon="8.39971456412" />
  <node id="23891" visible="true" version="1" lat="49.00014939717" lon="8.39971218393" />
  <node id="23892" visible="true" version="1" lat="49.00014851311" lon="8.3997098025" />
  <node id="23893" visible="true" version="1" lat="49.00014763141" lon="8.39970741905" />
  <node id="23894" visible="true" version="1" lat="49.00014675299" lon="8.39970503281" />
  <node id="23895" visible="true" version="1" lat="49.0001458788" lon="8.39970264298" />
  <node id="23896" visible="true" version="1" lat="49.00014500975" lon="8.39970024883" />
  <node id="23897" visible="true" version="1" lat="49.00014414676" lon="8.39969784961" />
  <node id="23898" visible="true" version="1" lat="49.00014329033" lon="8.39969544497" />
  <node id="23899" visible="true" version="1" lat="49.00014244019" lon="8.39969303519" />
  <node id="23900" visible="true" version="1" lat="49.00014159592" lon="8.39969062064" />
  <node id="23901" visible="true" version="1" lat="49.00014075717" lon="8.39968820165" />
  <node id="23902" visible="true" version="1" lat="49.00013992358" lon="8.39968577854" />
  <node id="23903" visible="true" version="1" lat="49.00013909475" lon="8.39968335167" />
  <node id="23904" visible="true" version="1" lat="49.00013827032" lon="8.39968092134" />
  <node id="23905" visible="true" version="1" lat="49.00013744992" lon="8.39967848785" />
  <node id="23906" visible="true" version="1" lat="49.00013663316" lon="8.39967605154" />
  <node id="23907" visible="true" version="1" lat="49.00013581969" lon="8.39967361269" />
  <node id="23908" visible="true" version="1" lat="49.00013500912" lon="8.39967117161" />
  <node id="23909" visible="true" version="1" lat="49.00013420109" lon="8.39966872859" />
  <node id="23910" visible="true" version="1" lat="49.0001333952" lon="8.39966628393" />
  <node id="23911" visible="true" version="1" lat="49.0001325911" lon="8.39966383791" />
  <node id="23912" visible="true" version="1" lat="49.00013178842" lon="8.39966139082" />
  <node id="23913" visible="true" version="1" lat="49.00013098679" lon="8.39965894292" />
  <node id="23914" visible="true" version="1" lat="49.00013018589" lon="8.39965649448" />
  <node id="23915" visible="true" version="1" lat="49.00012938541" lon="8.39965404572" />
  <node id="23916" visible="true" version="1" lat="49.00012858503" lon="8.39965159689" />
  <node id="23917" visible="true" version="1" lat="49.00012778442" lon="8.39964914823" />
  <node id="23918" visible="true" version="1" lat="49.00012698327" lon="8.39964669998" />
  <node id="23919" visible="true" version="1" lat="49.00012618124" lon="8.39964425239" />
  <node id="23920" visible="true" version="1" lat="49.00012537801" lon="8.3996418057" />
  <node id="23921" visible="true" version="1" lat="49.00012457329" lon="8.39963936016" />
  <node id="23922" visible="true" version="1" lat="49.00012376672" lon="8.39963691602" />
  <node id="23923" visible="true" version="1" lat="49.000122958" lon="8.39963447353" />
  <node id="23924" visible="true" version="1" lat="49.00012214715" lon="8.39963203266" />
  <node id="23925" visible="true" version="1" lat="49.00012133518" lon="8.39962959265" />
  <node id="23926" visible="true" version="1" lat="49.0001205234" lon="8.39962715251" />
  <node id="23927" visible="true" version="1" lat="49.00011971306" lon="8.39962471125" />
  <node id="23928" visible="true" version="1" lat="49.00011890546" lon="8.3996222679" />
  <node id="23929" visible="true" version="1" lat="49.00011810185" lon="8.3996198215" />
  <node id="23930" visible="true" version="1" lat="49.00011730353" lon="8.39961737112" />
  <node id="23931" visible="true" version="1" lat="49.00011651175" lon="8.39961491584" />
  <node id="23932" visible="true" version="1" lat="49.00011572779" lon="8.39961245477" />
  <node id="23933" visible="true" version="1" lat="49.00011495278" lon="8.39960998716" />
  <node id="23934" visible="true" version="1" lat="49.00011418669" lon="8.39960751313" />
  <node id="23935" visible="true" version="1" lat="49.00011342879" lon="8.39960503327" />
  <node id="23936" visible="true" version="1" lat="49.0001126784" lon="8.39960254814" />
  <node id="23937" visible="true" version="1" lat="49.0001119348" lon="8.39960005831" />
  <node id="23938" visible="true" version="1" lat="49.00011119728" lon="8.3995975643" />
  <node id="23939" visible="true" version="1" lat="49.00011046509" lon="8.39959506666" />
  <node id="23940" visible="true" version="1" lat="49.00010973758" lon="8.39959256587" />
  <node id="23941" visible="true" version="1" lat="49.00010901402" lon="8.39959006243" />
  <node id="23942" visible="true" version="1" lat="49.00010829408" lon="8.39958755658" />
  <node id="23943" visible="true" version="1" lat="49.00010757843" lon="8.3995850479" />
  <node id="23944" visible="true" version="1" lat="49.0001068679" lon="8.39958253585" />
  <node id="23945" visible="true" version="1" lat="49.00010616331" lon="8.39958001994" />
  <node id="23946" visible="true" version="1" lat="49.00010546551" lon="8.39957749967" />
  <node id="23947" visible="true" version="1" lat="49.00010477537" lon="8.39957497453" />
  <node id="23948" visible="true" version="1" lat="49.00010409367" lon="8.3995724441" />
  <node id="23949" visible="true" version="1" lat="49.00010342101" lon="8.39956990809" />
  <node id="23950" visible="true" version="1" lat="49.00010275704" lon="8.3995673668" />
  <node id="23951" visible="true" version="1" lat="49.00010210113" lon="8.39956482067" />
  <node id="23952" visible="true" version="1" lat="49.00010145268" lon="8.39956227014" />
  <node id="23953" visible="true" version="1" lat="49.00010081105" lon="8.39955971562" />
  <node id="23954" visible="true" version="1" lat="49.00010017564" lon="8.39955715751" />
  <node id="23955" visible="true" version="1" lat="49.00009954588" lon="8.39955459617" />
  <node id="23956" visible="true" version="1" lat="49.0000989208" lon="8.3995520322" />
  <node id="23957" visible="true" version="1" lat="49.00009829611" lon="8.39954946799" />
  <node id="23958" visible="true" version="1" lat="49.00009766934" lon="8.39954690497" />
  <node id="23959" visible="true" version="1" lat="49.00009704126" lon="8.39954434268" />
  <node id="23960" visible="true" version="1" lat="49.00009641282" lon="8.3995417806" />
  <node id="23961" visible="true" version="1" lat="49.00009578496" lon="8.39953921819" />
  <node id="23962" visible="true" version="1" lat="49.00009515865" lon="8.3995366549" />
  <node id="23963" visible="true" version="1" lat="49.0000945348" lon="8.39953409022" />
  <node id="23964" visible="true" version="1" lat="49.00009391436" lon="8.39953152364" />
  <node id="23965" visible="true" version="1" lat="49.00009329825" lon="8.39952895465" />
  <node id="23966" visible="true" version="1" lat="49.00009268744" lon="8.39952638274" />
  <node id="23967" visible="true" version="1" lat="49.00009208359" lon="8.39952380703" />
  <node id="23968" visible="true" version="1" lat="49.0000914889" lon="8.39952122642" />
  <node id="23969" visible="true" version="1" lat="49.00009090551" lon="8.39951863985" />
  <node id="23970" visible="true" version="1" lat="49.00009033548" lon="8.39951604641" />
  <node id="23971" visible="true" version="1" lat="49.00008978085" lon="8.39951344527" />
  <node id="23972" visible="true" version="1" lat="49.00008924363" lon="8.39951083571" />
  <node id="23973" visible="true" version="1" lat="49.00008872588" lon="8.39950821707" />
  <node id="23974" visible="true" version="1" lat="49.00008822738" lon="8.39950558982" />
  <node id="23975" visible="true" version="1" lat="49.00008774164" lon="8.39950295705" />
  <node id="23976" visible="true" version="1" lat="49.00008726144" lon="8.39950032192" />
  <node id="23977" visible="true" version="1" lat="49.00008677955" lon="8.39949768751" />
  <node id="23978" visible="true" version="1" lat="49.00008628834" lon="8.39949505708" />
  <node id="23979" visible="true" version="1" lat="49.00008578053" lon="8.39949243395" />
  <node id="23980" visible="true" version="1" lat="49.00008525553" lon="8.39948981865" />
  <node id="23981" visible="true" version="1" lat="49.00008472133" lon="8.39948720764" />
  <node id="23982" visible="true" version="1" lat="49.00008418676" lon="8.39948459681" />
  <node id="23983" visible="true" version="1" lat="49.0000836607" lon="8.39948198199" />
  <node id="23984" visible="true" version="1" lat="49.00008315179" lon="8.39947935936" />
  <node id="23985" visible="true" version="1" lat="49.00008266828" lon="8.39947672567" />
  <node id="23986" visible="true" version="1" lat="49.00008221393" lon="8.39947408001" />
  <node id="23987" visible="true" version="1" lat="49.00008178521" lon="8.39947142447" />
  <node id="23988" visible="true" version="1" lat="49.00008137787" lon="8.39946876117" />
  <node id="23989" visible="true" version="1" lat="49.00008098812" lon="8.39946609179" />
  <node id="23990" visible="true" version="1" lat="49.00008061242" lon="8.39946341775" />
  <node id="23991" visible="true" version="1" lat="49.00008024683" lon="8.39946074048" />
  <node id="23992" visible="true" version="1" lat="49.00007988792" lon="8.39945806112" />
  <node id="23993" visible="true" version="1" lat="49.00007953256" lon="8.39945538066" />
  <node id="23994" visible="true" version="1" lat="49.00007917974" lon="8.39945269943" />
  <node id="23995" visible="true" version="1" lat="49.0000788293" lon="8.39945001748" />
  <node id="23996" visible="true" version="1" lat="49.00007848104" lon="8.39944733487" />
  <node id="23997" visible="true" version="1" lat="49.00007813476" lon="8.39944465168" />
  <node id="23998" visible="true" version="1" lat="49.00007779026" lon="8.39944196795" />
  <node id="23999" visible="true" version="1" lat="49.00007744739" lon="8.39943928374" />
  <node id="24000" visible="true" version="1" lat="49.0000771059" lon="8.39943659912" />
  <node id="24001" visible="true" version="1" lat="49.00007676568" lon="8.39943391413" />
  <node id="24002" visible="true" version="1" lat="49.00007642647" lon="8.39943122884" />
  <node id="24003" visible="true" version="1" lat="49.00007608812" lon="8.39942854331" />
  <node id="24004" visible="true" version="1" lat="49.00007575062" lon="8.39942585753" />
  <node id="24005" visible="true" version="1" lat="49.00007541507" lon="8.39942317118" />
  <node id="24006" visible="true" version="1" lat="49.00007508313" lon="8.3994204838" />
  <node id="24007" visible="true" version="1" lat="49.00007475637" lon="8.39941779495" />
  <node id="24008" visible="true" version="1" lat="49.00007443632" lon="8.39941510424" />
  <node id="24009" visible="true" version="1" lat="49.00007412472" lon="8.39941241124" />
  <node id="24010" visible="true" version="1" lat="49.00007382283" lon="8.39940971569" />
  <node id="24011" visible="true" version="1" lat="49.00007353239" lon="8.39940701724" />
  <node id="24012" visible="true" version="1" lat="49.00007325467" lon="8.39940431569" />
  <node id="24013" visible="true" version="1" lat="49.0000729911" lon="8.39940161088" />
  <node id="24014" visible="true" version="1" lat="49.00007274258" lon="8.39939890277" />
  <node id="24015" visible="true" version="1" lat="49.00007250856" lon="8.39939619169" />
  <node id="24016" visible="true" version="1" lat="49.00007228886" lon="8.39939347783" />
  <node id="24017" visible="true" version="1" lat="49.00007208273" lon="8.39939076152" />
  <node id="24018" visible="true" version="1" lat="49.00007188998" lon="8.39938804294" />
  <node id="24019" visible="true" version="1" lat="49.00007170999" lon="8.39938532234" />
  <node id="24020" visible="true" version="1" lat="49.00007154247" lon="8.3993825999" />
  <node id="24021" visible="true" version="1" lat="49.00007138698" lon="8.39937987581" />
  <node id="24022" visible="true" version="1" lat="49.00007124311" lon="8.39937715024" />
  <node id="24023" visible="true" version="1" lat="49.00007111091" lon="8.39937442331" />
  <node id="24024" visible="true" version="1" lat="49.00007098995" lon="8.39937169518" />
  <node id="24025" visible="true" version="1" lat="49.00007088042" lon="8.39936896593" />
  <node id="24026" visible="true" version="1" lat="49.00007078192" lon="8.39936623571" />
  <node id="24027" visible="true" version="1" lat="49.00007069429" lon="8.39936350463" />
  <node id="24028" visible="true" version="1" lat="49.00007061765" lon="8.39936077279" />
  <node id="24029" visible="true" version="1" lat="49.0000705516" lon="8.39935804031" />
  <node id="24030" visible="true" version="1" lat="49.00007049596" lon="8.3993553073" />
  <node id="24031" visible="true" version="1" lat="49.00007045092" lon="8.39935257383" />
  <node id="24032" visible="true" version="1" lat="49.00007041605" lon="8.39934984002" />
  <node id="24033" visible="true" version="1" lat="49.00007039124" lon="8.39934710596" />
  <node id="24034" visible="true" version="1" lat="49.00007037648" lon="8.39934437173" />
  <node id="24035" visible="true" version="1" lat="49.00007037162" lon="8.39934163742" />
  <node id="24036" visible="true" version="1" lat="49.00007037641" lon="8.39933890311" />
  <node id="24037" visible="true" version="1" lat="49.00007039074" lon="8.39933616887" />
  <node id="24038" visible="true" version="1" lat="49.00007041458" lon="8.39933343479" />
  <node id="24039" visible="true" version="1" lat="49.00007044783" lon="8.39933070093" />
  <node id="24040" visible="true" version="1" lat="49.00007049027" lon="8.39932796737" />
  <node id="24041" visible="true" version="1" lat="49.00007054176" lon="8.39932523416" />
  <node id="24042" visible="true" version="1" lat="49.00007060222" lon="8.39932250139" />
  <node id="24043" visible="true" version="1" lat="49.0000706715" lon="8.39931976909" />
  <node id="24044" visible="true" version="1" lat="49.00007074957" lon="8.39931703734" />
  <node id="24045" visible="true" version="1" lat="49.0000708363" lon="8.3993143062" />
  <node id="24046" visible="true" version="1" lat="49.00007093153" lon="8.39931157571" />
  <node id="24047" visible="true" version="1" lat="49.00039899962" lon="8.39999510816" />
  <node id="24048" visible="true" version="1" lat="49.00039735948" lon="8.3999939845" />
  <node id="24049" visible="true" version="1" lat="49.00039572274" lon="8.39999284941" />
  <node id="24050" visible="true" version="1" lat="49.00039408934" lon="8.39999170326" />
  <node id="24051" visible="true" version="1" lat="49.000392459" lon="8.3999905471" />
  <node id="24052" visible="true" version="1" lat="49.0003908316" lon="8.3999893814" />
  <node id="24053" visible="true" version="1" lat="49.00038920685" lon="8.39998820718" />
  <node id="24054" visible="true" version="1" lat="49.00038758459" lon="8.39998702505" />
  <node id="24055" visible="true" version="1" lat="49.00038596456" lon="8.39998583587" />
  <node id="24056" visible="true" version="1" lat="49.00038434651" lon="8.39998464047" />
  <node id="24057" visible="true" version="1" lat="49.00038273026" lon="8.39998343949" />
  <node id="24058" visible="true" version="1" lat="49.00038111547" lon="8.39998223397" />
  <node id="24059" visible="true" version="1" lat="49.00037950156" lon="8.3999810257" />
  <node id="24060" visible="true" version="1" lat="49.00037788629" lon="8.39997982167" />
  <node id="24061" visible="true" version="1" lat="49.00037626701" lon="8.39997863016" />
  <node id="24062" visible="true" version="1" lat="49.00037464116" lon="8.39997745948" />
  <node id="24063" visible="true" version="1" lat="49.00037300665" lon="8.39997631704" />
  <node id="24064" visible="true" version="1" lat="49.00037136388" lon="8.39997520226" />
  <node id="24065" visible="true" version="1" lat="49.00036971837" lon="8.39997409686" />
  <node id="24066" visible="true" version="1" lat="49.00036807588" lon="8.39997298114" />
  <node id="24067" visible="true" version="1" lat="49.00036644225" lon="8.39997183584" />
  <node id="24068" visible="true" version="1" lat="49.00036482447" lon="8.39997063973" />
  <node id="24069" visible="true" version="1" lat="49.00036321771" lon="8.39996940966" />
  <node id="24070" visible="true" version="1" lat="49.00036160711" lon="8.39996819129" />
  <node id="24071" visible="true" version="1" lat="49.00035999649" lon="8.39996697293" />
  <node id="24072" visible="true" version="1" lat="49.00035839484" lon="8.39996572766" />
  <node id="24073" visible="true" version="1" lat="49.00035680922" lon="8.39996443585" />
  <node id="24074" visible="true" version="1" lat="49.00035523725" lon="8.39996310605" />
  <node id="24075" visible="true" version="1" lat="49.00035367478" lon="8.3999617506" />
  <node id="24076" visible="true" version="1" lat="49.00035211701" lon="8.3999603827" />
  <node id="24077" visible="true" version="1" lat="49.00035055882" lon="8.3999590159" />
  <node id="24078" visible="true" version="1" lat="49.00034899532" lon="8.39995766321" />
  <node id="24079" visible="true" version="1" lat="49.00034742449" lon="8.39995633024" />
  <node id="24080" visible="true" version="1" lat="49.00034585072" lon="8.39995500532" />
  <node id="24081" visible="true" version="1" lat="49.00034427877" lon="8.39995367541" />
  <node id="24082" visible="true" version="1" lat="49.00034271378" lon="8.39995232672" />
  <node id="24083" visible="true" version="1" lat="49.00034116096" lon="8.39995094593" />
  <node id="24084" visible="true" version="1" lat="49.00033962624" lon="8.39994951924" />
  <node id="24085" visible="true" version="1" lat="49.00033811407" lon="8.39994803794" />
  <node id="24086" visible="true" version="1" lat="49.00033661668" lon="8.39994652228" />
  <node id="24087" visible="true" version="1" lat="49.00033512178" lon="8.39994500094" />
  <node id="24088" visible="true" version="1" lat="49.0003336209" lon="8.39994349325" />
  <node id="24089" visible="true" version="1" lat="49.00033212362" lon="8.39994197733" />
  <node id="24090" visible="true" version="1" lat="49.00033063864" lon="8.39994043375" />
  <node id="24091" visible="true" version="1" lat="49.00032917002" lon="8.39993885446" />
  <node id="24092" visible="true" version="1" lat="49.00032772236" lon="8.39993723111" />
  <node id="24093" visible="true" version="1" lat="49.00032630083" lon="8.39993555531" />
  <node id="24094" visible="true" version="1" lat="49.00032490942" lon="8.39993382209" />
  <node id="24095" visible="true" version="1" lat="49.00032353902" lon="8.39993205052" />
  <node id="24096" visible="true" version="1" lat="49.00032217307" lon="8.39993027102" />
  <node id="24097" visible="true" version="1" lat="49.00032079477" lon="8.39992851369" />
  <node id="24098" visible="true" version="1" lat="49.00031939894" lon="8.39992678859" />
  <node id="24099" visible="true" version="1" lat="49.00031799326" lon="8.39992508205" />
  <node id="24100" visible="true" version="1" lat="49.00031658575" lon="8.39992337901" />
  <node id="24101" visible="true" version="1" lat="49.00031518418" lon="8.39992166469" />
  <node id="24102" visible="true" version="1" lat="49.00031379579" lon="8.3999199258" />
  <node id="24103" visible="true" version="1" lat="49.0003124278" lon="8.39991814999" />
  <node id="24104" visible="true" version="1" lat="49.00031108291" lon="8.39991633386" />
  <node id="24105" visible="true" version="1" lat="49.00030975381" lon="8.39991449104" />
  <node id="24106" visible="true" version="1" lat="49.00030843142" lon="8.39991263707" />
  <node id="24107" visible="true" version="1" lat="49.00030710635" lon="8.39991078755" />
  <node id="24108" visible="true" version="1" lat="49.00030576935" lon="8.399908958" />
  <node id="24109" visible="true" version="1" lat="49.00030441249" lon="8.39990716254" />
  <node id="24110" visible="true" version="1" lat="49.00030303469" lon="8.39990540434" />
  <node id="24111" visible="true" version="1" lat="49.00030163762" lon="8.39990368158" />
  <node id="24112" visible="true" version="1" lat="49.0003002229" lon="8.39990199243" />
  <node id="24113" visible="true" version="1" lat="49.00029879205" lon="8.39990033497" />
  <node id="24114" visible="true" version="1" lat="49.00029734649" lon="8.39989870723" />
  <node id="24115" visible="true" version="1" lat="49.00029588777" lon="8.39989710683" />
  <node id="24116" visible="true" version="1" lat="49.00029441787" lon="8.39989553024" />
  <node id="24117" visible="true" version="1" lat="49.00029293889" lon="8.39989397339" />
  <node id="24118" visible="true" version="1" lat="49.00029145268" lon="8.39989243249" />
  <node id="24119" visible="true" version="1" lat="49.00028996103" lon="8.3998909038" />
  <node id="24120" visible="true" version="1" lat="49.00028846563" lon="8.3998893836" />
  <node id="24121" visible="true" version="1" lat="49.00028696824" lon="8.39988786792" />
  <node id="24122" visible="true" version="1" lat="49.00028547136" lon="8.39988635109" />
  <node id="24123" visible="true" version="1" lat="49.00028397769" lon="8.39988482696" />
  <node id="24124" visible="true" version="1" lat="49.00028249001" lon="8.39988328935" />
  <node id="24125" visible="true" version="1" lat="49.00028101134" lon="8.39988173182" />
  <node id="24126" visible="true" version="1" lat="49.00027954484" lon="8.39988014794" />
  <node id="24127" visible="true" version="1" lat="49.00027809373" lon="8.39987853169" />
  <node id="24128" visible="true" version="1" lat="49.00027665975" lon="8.39987688047" />
  <node id="24129" visible="true" version="1" lat="49.00027524302" lon="8.39987519522" />
  <node id="24130" visible="true" version="1" lat="49.00027384353" lon="8.39987347702" />
  <node id="24131" visible="true" version="1" lat="49.00027246117" lon="8.39987172707" />
  <node id="24132" visible="true" version="1" lat="49.00027109585" lon="8.39986994648" />
  <node id="24133" visible="true" version="1" lat="49.00026974735" lon="8.39986813652" />
  <node id="24134" visible="true" version="1" lat="49.00026841536" lon="8.39986629855" />
  <node id="24135" visible="true" version="1" lat="49.00026709915" lon="8.39986443448" />
  <node id="24136" visible="true" version="1" lat="49.00026579686" lon="8.39986254797" />
  <node id="24137" visible="true" version="1" lat="49.00026450632" lon="8.39986064289" />
  <node id="24138" visible="true" version="1" lat="49.00026322524" lon="8.3998587231" />
  <node id="24139" visible="true" version="1" lat="49.00026195129" lon="8.39985679239" />
  <node id="24140" visible="true" version="1" lat="49.00026068202" lon="8.39985485457" />
  <node id="24141" visible="true" version="1" lat="49.00025941498" lon="8.39985291338" />
  <node id="24142" visible="true" version="1" lat="49.00025814771" lon="8.39985097254" />
  <node id="24143" visible="true" version="1" lat="49.0002568779" lon="8.39984903553" />
  <node id="24144" visible="true" version="1" lat="49.00025560387" lon="8.39984710493" />
  <node id="24145" visible="true" version="1" lat="49.00025432406" lon="8.3998451832" />
  <node id="24146" visible="true" version="1" lat="49.0002530369" lon="8.39984327283" />
  <node id="24147" visible="true" version="1" lat="49.00025174091" lon="8.39984137632" />
  <node id="24148" visible="true" version="1" lat="49.00025043463" lon="8.39983949617" />
  <node id="24149" visible="true" version="1" lat="49.0002491167" lon="8.39983763491" />
  <node id="24150" visible="true" version="1" lat="49.00024778616" lon="8.3998357945" />
  <node id="24151" visible="true" version="1" lat="49.00024644501" lon="8.39983397194" />
  <node id="24152" visible="true" version="1" lat="49.00024509661" lon="8.39983216179" />
  <node id="24153" visible="true" version="1" lat="49.00024374422" lon="8.39983035853" />
  <node id="24154" visible="true" version="1" lat="49.00024239102" lon="8.39982855665" />
  <node id="24155" visible="true" version="1" lat="49.00024104019" lon="8.39982675068" />
  <node id="24156" visible="true" version="1" lat="49.00023969494" lon="8.39982493512" />
  <node id="24157" visible="true" version="1" lat="49.00023835776" lon="8.39982310584" />
  <node id="24158" visible="true" version="1" lat="49.00023702797" lon="8.39982126417" />
  <node id="24159" visible="true" version="1" lat="49.0002357039" lon="8.39981941299" />
  <node id="24160" visible="true" version="1" lat="49.00023438385" lon="8.39981755518" />
  <node id="24161" visible="true" version="1" lat="49.00023306608" lon="8.39981569364" />
  <node id="24162" visible="true" version="1" lat="49.00023174885" lon="8.39981383122" />
  <node id="24163" visible="true" version="1" lat="49.00023043085" lon="8.39981197006" />
  <node id="24164" visible="true" version="1" lat="49.00022911536" lon="8.39981010481" />
  <node id="24165" visible="true" version="1" lat="49.00022780872" lon="8.39980822526" />
  <node id="24166" visible="true" version="1" lat="49.00022651754" lon="8.39980632119" />
  <node id="24167" visible="true" version="1" lat="49.00022524875" lon="8.39980438271" />
  <node id="24168" visible="true" version="1" lat="49.00022400977" lon="8.39980240023" />
  <node id="24169" visible="true" version="1" lat="49.00022280862" lon="8.39980036473" />
  <node id="24170" visible="true" version="1" lat="49.00022165397" lon="8.39979826805" />
  <node id="24171" visible="true" version="1" lat="49.00022055131" lon="8.39979610767" />
  <node id="24172" visible="true" version="1" lat="49.00021949036" lon="8.39979389949" />
  <node id="24173" visible="true" version="1" lat="49.00021845551" lon="8.39979166281" />
  <node id="24174" visible="true" version="1" lat="49.00021743056" lon="8.39978941561" />
  <node id="24175" visible="true" version="1" lat="49.00021639914" lon="8.39978717526" />
  <node id="24176" visible="true" version="1" lat="49.00021534551" lon="8.39978495896" />
  <node id="24177" visible="true" version="1" lat="49.00021426467" lon="8.39978277312" />
  <node id="24178" visible="true" version="1" lat="49.0002131615" lon="8.3997806132" />
  <node id="24179" visible="true" version="1" lat="49.00021204116" lon="8.39977847377" />
  <node id="24180" visible="true" version="1" lat="49.00021090868" lon="8.39977634915" />
  <node id="24181" visible="true" version="1" lat="49.00020976901" lon="8.39977423341" />
  <node id="24182" visible="true" version="1" lat="49.000208627" lon="8.3997721206" />
  <node id="24183" visible="true" version="1" lat="49.00020748749" lon="8.39977000468" />
  <node id="24184" visible="true" version="1" lat="49.00020635525" lon="8.39976787976" />
  <node id="24185" visible="true" version="1" lat="49.00020523259" lon="8.39976574313" />
  <node id="24186" visible="true" version="1" lat="49.00020411913" lon="8.39976359541" />
  <node id="24187" visible="true" version="1" lat="49.00020301434" lon="8.39976143738" />
  <node id="24188" visible="true" version="1" lat="49.00020191765" lon="8.39975926982" />
  <node id="24189" visible="true" version="1" lat="49.0002008285" lon="8.39975709349" />
  <node id="24190" visible="true" version="1" lat="49.00019974631" lon="8.39975490916" />
  <node id="24191" visible="true" version="1" lat="49.0001986705" lon="8.39975271755" />
  <node id="24192" visible="true" version="1" lat="49.00019760049" lon="8.3997505194" />
  <node id="24193" visible="true" version="1" lat="49.0001965357" lon="8.39974831541" />
  <node id="24194" visible="true" version="1" lat="49.00019547549" lon="8.39974610632" />
  <node id="24195" visible="true" version="1" lat="49.00019441923" lon="8.39974389286" />
  <node id="24196" visible="true" version="1" lat="49.00019336629" lon="8.39974167575" />
  <node id="24197" visible="true" version="1" lat="49.00019231604" lon="8.39973945569" />
  <node id="24198" visible="true" version="1" lat="49.00019126784" lon="8.3997372334" />
  <node id="24199" visible="true" version="1" lat="49.00019022103" lon="8.39973500959" />
  <node id="24200" visible="true" version="1" lat="49.00018917499" lon="8.39973278495" />
  <node id="24201" visible="true" version="1" lat="49.00018812968" lon="8.39973055952" />
  <node id="24202" visible="true" version="1" lat="49.0001870887" lon="8.3997283294" />
  <node id="24203" visible="true" version="1" lat="49.00018605724" lon="8.3997260891" />
  <node id="24204" visible="true" version="1" lat="49.00018504049" lon="8.39972383332" />
  <node id="24205" visible="true" version="1" lat="49.00018404378" lon="8.39972155701" />
  <node id="24206" visible="true" version="1" lat="49.00018307246" lon="8.39971925548" />
  <node id="24207" visible="true" version="1" lat="49.00018213199" lon="8.39971692457" />
  <node id="24208" visible="true" version="1" lat="49.00018122759" lon="8.39971456094" />
  <node id="24209" visible="true" version="1" lat="49.00018035692" lon="8.39971216819" />
  <node id="24210" visible="true" version="1" lat="49.00017950821" lon="8.39970975725" />
  <node id="24211" visible="true" version="1" lat="49.00017866899" lon="8.39970733863" />
  <node id="24212" visible="true" version="1" lat="49.00017782677" lon="8.39970492243" />
  <node id="24213" visible="true" version="1" lat="49.00017696907" lon="8.39970251886" />
  <node id="24214" visible="true" version="1" lat="49.0001760834" lon="8.39970013888" />
  <node id="24215" visible="true" version="1" lat="49.00017516121" lon="8.39969779116" />
  <node id="24216" visible="true" version="1" lat="49.0001742084" lon="8.39969547183" />
  <node id="24217" visible="true" version="1" lat="49.0001732344" lon="8.39969317289" />
  <node id="24218" visible="true" version="1" lat="49.00017224852" lon="8.39969088567" />
  <node id="24219" visible="true" version="1" lat="49.00017125997" lon="8.3996886011" />
  <node id="24220" visible="true" version="1" lat="49.000170278" lon="8.39968631" />
  <node id="24221" visible="true" version="1" lat="49.00016931189" lon="8.3996840034" />
  <node id="24222" visible="true" version="1" lat="49.00016837095" lon="8.39968167291" />
  <node id="24223" visible="true" version="1" lat="49.00016746117" lon="8.399679314" />
  <node id="24224" visible="true" version="1" lat="49.0001665782" lon="8.39967693168" />
  <node id="24225" visible="true" version="1" lat="49.0001657156" lon="8.39967453215" />
  <node id="24226" visible="true" version="1" lat="49.00016486695" lon="8.39967212116" />
  <node id="24227" visible="true" version="1" lat="49.00016402579" lon="8.3996697041" />
  <node id="24228" visible="true" version="1" lat="49.00016318571" lon="8.39966728617" />
  <node id="24229" visible="true" version="1" lat="49.00016234025" lon="8.39966487259" />
  <node id="24230" visible="true" version="1" lat="49.00016148298" lon="8.39966246866" />
  <node id="24231" visible="true" version="1" lat="49.00016060745" lon="8.39966007998" />
  <node id="24232" visible="true" version="1" lat="49.00015970802" lon="8.39965771192" />
  <node id="24233" visible="true" version="1" lat="49.00015878565" lon="8.39965536432" />
  <node id="24234" visible="true" version="1" lat="49.00015784504" lon="8.39965303349" />
  <node id="24235" visible="true" version="1" lat="49.00015689091" lon="8.39965071538" />
  <node id="24236" visible="true" version="1" lat="49.00015592794" lon="8.39964840572" />
  <node id="24237" visible="true" version="1" lat="49.00015496082" lon="8.39964610007" />
  <node id="24238" visible="true" version="1" lat="49.00015399422" lon="8.39964379391" />
  <node id="24239" visible="true" version="1" lat="49.00015303279" lon="8.39964148277" />
  <node id="24240" visible="true" version="1" lat="49.00015208048" lon="8.39963916293" />
  <node id="24241" visible="true" version="1" lat="49.00015113952" lon="8.39963683242" />
  <node id="24242" visible="true" version="1" lat="49.00015021181" lon="8.39963448968" />
  <node id="24243" visible="true" version="1" lat="49.00014929928" lon="8.3996321332" />
  <node id="24244" visible="true" version="1" lat="49.00014840384" lon="8.39962976163" />
  <node id="24245" visible="true" version="1" lat="49.00014752744" lon="8.39962737369" />
  <node id="24246" visible="true" version="1" lat="49.00014667206" lon="8.39962496821" />
  <node id="24247" visible="true" version="1" lat="49.00014583958" lon="8.39962254425" />
  <node id="24248" visible="true" version="1" lat="49.00014503128" lon="8.39962010146" />
  <node id="24249" visible="true" version="1" lat="49.00014424544" lon="8.39961764179" />
  <node id="24250" visible="true" version="1" lat="49.00014347933" lon="8.39961516779" />
  <node id="24251" visible="true" version="1" lat="49.00014273023" lon="8.39961268177" />
  <node id="24252" visible="true" version="1" lat="49.00014199543" lon="8.39961018591" />
  <node id="24253" visible="true" version="1" lat="49.00014127226" lon="8.39960768221" />
  <node id="24254" visible="true" version="1" lat="49.00014055806" lon="8.39960517257" />
  <node id="24255" visible="true" version="1" lat="49.0001398502" lon="8.39960265879" />
  <node id="24256" visible="true" version="1" lat="49.0001391468" lon="8.39960014211" />
  <node id="24257" visible="true" version="1" lat="49.00013844692" lon="8.39959762317" />
  <node id="24258" visible="true" version="1" lat="49.00013774972" lon="8.39959510251" />
  <node id="24259" visible="true" version="1" lat="49.00013705439" lon="8.39959258065" />
  <node id="24260" visible="true" version="1" lat="49.0001363601" lon="8.39959005814" />
  <node id="24261" visible="true" version="1" lat="49.00013566657" lon="8.39958753514" />
  <node id="24262" visible="true" version="1" lat="49.0001349751" lon="8.39958501084" />
  <node id="24263" visible="true" version="1" lat="49.00013428739" lon="8.39958248416" />
  <node id="24264" visible="true" version="1" lat="49.00013360515" lon="8.39957995407" />
  <node id="24265" visible="true" version="1" lat="49.00013293001" lon="8.39957741958" />
  <node id="24266" visible="true" version="1" lat="49.00013226359" lon="8.39957487977" />
  <node id="24267" visible="true" version="1" lat="49.00013160754" lon="8.39957233372" />
  <node id="24268" visible="true" version="1" lat="49.00013096344" lon="8.39956978064" />
  <node id="24269" visible="true" version="1" lat="49.00013033297" lon="8.39956721972" />
  <node id="24270" visible="true" version="1" lat="49.00012971545" lon="8.39956465151" />
  <node id="24271" visible="true" version="1" lat="49.00012910568" lon="8.39956207903" />
  <node id="24272" visible="true" version="1" lat="49.00012849802" lon="8.39955950539" />
  <node id="24273" visible="true" version="1" lat="49.00012788688" lon="8.39955693366" />
  <node id="24274" visible="true" version="1" lat="49.00012726676" lon="8.39955436691" />
  <node id="24275" visible="true" version="1" lat="49.00012663595" lon="8.39955180616" />
  <node id="24276" visible="true" version="1" lat="49.00012599699" lon="8.3995492501" />
  <node id="24277" visible="true" version="1" lat="49.00012535249" lon="8.39954669725" />
  <node id="24278" visible="true" version="1" lat="49.00012470506" lon="8.39954414611" />
  <node id="24279" visible="true" version="1" lat="49.00012405736" lon="8.39954159513" />
  <node id="24280" visible="true" version="1" lat="49.00012341204" lon="8.39953904276" />
  <node id="24281" visible="true" version="1" lat="49.00012277178" lon="8.39953648744" />
  <node id="24282" visible="true" version="1" lat="49.00012213919" lon="8.39953392772" />
  <node id="24283" visible="true" version="1" lat="49.00012151686" lon="8.3995313622" />
  <node id="24284" visible="true" version="1" lat="49.00012090734" lon="8.39952878959" />
  <node id="24285" visible="true" version="1" lat="49.00012031318" lon="8.39952620869" />
  <node id="24286" visible="true" version="1" lat="49.00011973706" lon="8.39952361837" />
  <node id="24287" visible="true" version="1" lat="49.00011918114" lon="8.39952101788" />
  <node id="24288" visible="true" version="1" lat="49.00011864772" lon="8.39951840653" />
  <node id="24289" visible="true" version="1" lat="49.00011813882" lon="8.39951578389" />
  <node id="24290" visible="true" version="1" lat="49.00011765292" lon="8.3995131512" />
  <node id="24291" visible="true" version="1" lat="49.00011718403" lon="8.39951051138" />
  <node id="24292" visible="true" version="1" lat="49.00011672667" lon="8.39950786688" />
  <node id="24293" visible="true" version="1" lat="49.0001162756" lon="8.39950521989" />
  <node id="24294" visible="true" version="1" lat="49.00011582524" lon="8.39950257262" />
  <node id="24295" visible="true" version="1" lat="49.00011537049" lon="8.39949992708" />
  <node id="24296" visible="true" version="1" lat="49.00011490941" lon="8.39949728408" />
  <node id="24297" visible="true" version="1" lat="49.00011444378" lon="8.39949464292" />
  <node id="24298" visible="true" version="1" lat="49.00011397562" lon="8.39949200279" />
  <node id="24299" visible="true" version="1" lat="49.00011350694" lon="8.39948936288" />
  <node id="24300" visible="true" version="1" lat="49.00011303973" lon="8.39948672236" />
  <node id="24301" visible="true" version="1" lat="49.00011257499" lon="8.39948408084" />
  <node id="24302" visible="true" version="1" lat="49.00011211258" lon="8.39948143837" />
  <node id="24303" visible="true" version="1" lat="49.00011165226" lon="8.39947879506" />
  <node id="24304" visible="true" version="1" lat="49.00011119378" lon="8.39947615101" />
  <node id="24305" visible="true" version="1" lat="49.00011073687" lon="8.39947350633" />
  <node id="24306" visible="true" version="1" lat="49.00011028133" lon="8.39947086111" />
  <node id="24307" visible="true" version="1" lat="49.00010982688" lon="8.39946821546" />
  <node id="24308" visible="true" version="1" lat="49.0001093733" lon="8.39946556945" />
  <node id="24309" visible="true" version="1" lat="49.00010892034" lon="8.39946292321" />
  <node id="24310" visible="true" version="1" lat="49.00010846772" lon="8.39946027683" />
  <node id="24311" visible="true" version="1" lat="49.00010801532" lon="8.39945763036" />
  <node id="24312" visible="true" version="1" lat="49.00010756343" lon="8.3994549837" />
  <node id="24313" visible="true" version="1" lat="49.00010711281" lon="8.39945233653" />
  <node id="24314" visible="true" version="1" lat="49.00010666412" lon="8.3994496886" />
  <node id="24315" visible="true" version="1" lat="49.0001062181" lon="8.39944703963" />
  <node id="24316" visible="true" version="1" lat="49.0001057754" lon="8.39944438938" />
  <node id="24317" visible="true" version="1" lat="49.00010533671" lon="8.39944173759" />
  <node id="24318" visible="true" version="1" lat="49.00010490281" lon="8.39943908398" />
  <node id="24319" visible="true" version="1" lat="49.00010447427" lon="8.39943642835" />
  <node id="24320" visible="true" version="1" lat="49.00010405177" lon="8.3994337705" />
  <node id="24321" visible="true" version="1" lat="49.00010363665" lon="8.39943110996" />
  <node id="24322" visible="true" version="1" lat="49.00010323019" lon="8.39942844633" />
  <node id="24323" visible="true" version="1" lat="49.00010283391" lon="8.39942577916" />
  <node id="24324" visible="true" version="1" lat="49.00010244945" lon="8.39942310801" />
  <node id="24325" visible="true" version="1" lat="49.00010207791" lon="8.39942043263" />
  <node id="24326" visible="true" version="1" lat="49.00010172096" lon="8.39941775267" />
  <node id="24327" visible="true" version="1" lat="49.00010137969" lon="8.399415068" />
  <node id="24328" visible="true" version="1" lat="49.0001010554" lon="8.39941237847" />
  <node id="24329" visible="true" version="1" lat="49.0001007494" lon="8.399409684" />
  <node id="24330" visible="true" version="1" lat="49.00010046253" lon="8.39940698467" />
  <node id="24331" visible="true" version="1" lat="49.0001001962" lon="8.39940428048" />
  <node id="24332" visible="true" version="1" lat="49.00009995099" lon="8.39940157169" />
  <node id="24333" visible="true" version="1" lat="49.00009972813" lon="8.39939885844" />
  <node id="24334" visible="true" version="1" lat="49.00009952774" lon="8.39939614115" />
  <node id="24335" visible="true" version="1" lat="49.00009934771" lon="8.39939342056" />
  <node id="24336" visible="true" version="1" lat="49.0000991857" lon="8.39939069735" />
  <node id="24337" visible="true" version="1" lat="49.00009903873" lon="8.39938797217" />
  <node id="24338" visible="true" version="1" lat="49.00009890461" lon="8.39938524546" />
  <node id="24339" visible="true" version="1" lat="49.00009878095" lon="8.3993825176" />
  <node id="24340" visible="true" version="1" lat="49.00009866541" lon="8.39937978892" />
  <node id="24341" visible="true" version="1" lat="49.00009855587" lon="8.39937705966" />
  <node id="24342" visible="true" version="1" lat="49.00009845016" lon="8.39937433006" />
  <node id="24343" visible="true" version="1" lat="49.00009834614" lon="8.39937160031" />
  <node id="24344" visible="true" version="1" lat="49.00009824176" lon="8.39936887058" />
  <node id="24345" visible="true" version="1" lat="49.00009813554" lon="8.39936614103" />
  <node id="24346" visible="true" version="1" lat="49.0000980281" lon="8.39936341158" />
  <node id="24347" visible="true" version="1" lat="49.00009792016" lon="8.39936068218" />
  <node id="24348" visible="true" version="1" lat="49.00009781262" lon="8.39935795274" />
  <node id="24349" visible="true" version="1" lat="49.00009770625" lon="8.39935522319" />
  <node id="24350" visible="true" version="1" lat="49.00009760185" lon="8.39935249347" />
  <node id="24351" visible="true" version="1" lat="49.0000975003" lon="8.39934976351" />
  <node id="24352" visible="true" version="1" lat="49.00009740238" lon="8.39934703323" />
  <node id="24353" visible="true" version="1" lat="49.00009730882" lon="8.3993443026" />
  <node id="24354" visible="true" version="1" lat="49.0000972204" lon="8.39934157158" />
  <node id="24355" visible="true" version="1" lat="49.00009713803" lon="8.39933884012" />
  <node id="24356" visible="true" version="1" lat="49.00009706233" lon="8.39933610822" />
  <node id="24357" visible="true" version="1" lat="49.00009699399" lon="8.39933337587" />
  <node id="24358" visible="true" version="1" lat="49.00009693375" lon="8.39933064307" />
  <node id="24359" visible="true" version="1" lat="49.00009688242" lon="8.39932790986" />
  <node id="24360" visible="true" version="1" lat="49.00009684053" lon="8.39932517628" />
  <node id="24361" visible="true" version="1" lat="49.00009680863" lon="8.39932244239" />
  <node id="24362" visible="true" version="1" lat="49.00009678739" lon="8.39931970825" />
  <node id="24363" visible="true" version="1" lat="49.00009677746" lon="8.39931697397" />
  <node id="24364" visible="true" version="1" lat="49.00009677936" lon="8.39931423965" />
  <node id="24365" visible="true" version="1" lat="49.00009679352" lon="8.39931150541" />
  <node id="24381" visible="true" version="1" lat="49.00029123118" lon="8.40024186702" />
  <node id="24382" visible="true" version="1" lat="49.00028980872" lon="8.40024019294" />
  <node id="24383" visible="true" version="1" lat="49.00028839463" lon="8.40023850252" />
  <node id="24384" visible="true" version="1" lat="49.00028698581" lon="8.40023680197" />
  <node id="24385" visible="true" version="1" lat="49.00028557911" lon="8.40023509737" />
  <node id="24386" visible="true" version="1" lat="49.00028417136" lon="8.40023339477" />
  <node id="24387" visible="true" version="1" lat="49.0002827594" lon="8.40023170026" />
  <node id="24388" visible="true" version="1" lat="49.0002813401" lon="8.40023001998" />
  <node id="24389" visible="true" version="1" lat="49.00027991038" lon="8.40022836022" />
  <node id="24390" visible="true" version="1" lat="49.00027846909" lon="8.40022672375" />
  <node id="24391" visible="true" version="1" lat="49.00027702099" lon="8.40022510122" />
  <node id="24392" visible="true" version="1" lat="49.0002755712" lon="8.40022348215" />
  <node id="24393" visible="true" version="1" lat="49.00027411411" lon="8.40022187835" />
  <node id="24394" visible="true" version="1" lat="49.00027263656" lon="8.40022031849" />
  <node id="24395" visible="true" version="1" lat="49.00027112942" lon="8.40021882553" />
  <node id="24396" visible="true" version="1" lat="49.00026959463" lon="8.40021739905" />
  <node id="24397" visible="true" version="1" lat="49.00026803627" lon="8.40021603286" />
  <node id="24398" visible="true" version="1" lat="49.00026645806" lon="8.4002147203" />
  <node id="24399" visible="true" version="1" lat="49.00026486314" lon="8.40021345525" />
  <node id="24400" visible="true" version="1" lat="49.00026325401" lon="8.40021223243" />
  <node id="24401" visible="true" version="1" lat="49.00026163299" lon="8.40021104642" />
  <node id="24402" visible="true" version="1" lat="49.00026000302" lon="8.4002098891" />
  <node id="24403" visible="true" version="1" lat="49.00025836797" lon="8.40020874837" />
  <node id="24404" visible="true" version="1" lat="49.00025673084" lon="8.40020761461" />
  <node id="24405" visible="true" version="1" lat="49.00025508903" lon="8.40020649657" />
  <node id="24406" visible="true" version="1" lat="49.00025343779" lon="8.40020541119" />
  <node id="24407" visible="true" version="1" lat="49.00025177324" lon="8.40020437381" />
  <node id="24408" visible="true" version="1" lat="49.00025010187" lon="8.40020336202" />
  <node id="24409" visible="true" version="1" lat="49.00024843165" lon="8.40020234581" />
  <node id="24410" visible="true" version="1" lat="49.00024676464" lon="8.40020131751" />
  <node id="24411" visible="true" version="1" lat="49.00024510027" lon="8.40020027934" />
  <node id="24412" visible="true" version="1" lat="49.00024343272" lon="8.40019925309" />
  <node id="24413" visible="true" version="1" lat="49.00024175572" lon="8.40019826312" />
  <node id="24414" visible="true" version="1" lat="49.0002400638" lon="8.40019733379" />
  <node id="24415" visible="true" version="1" lat="49.00023835262" lon="8.40019649013" />
  <node id="24416" visible="true" version="1" lat="49.00023661878" lon="8.40019576157" />
  <node id="24417" visible="true" version="1" lat="49.00023486183" lon="8.40019517535" />
  <node id="24418" visible="true" version="1" lat="49.00023308508" lon="8.40019474857" />
  <node id="24419" visible="true" version="1" lat="49.00023129507" lon="8.40019447786" />
  <node id="24420" visible="true" version="1" lat="49.00022949826" lon="8.40019434702" />
  <node id="24421" visible="true" version="1" lat="49.00022769933" lon="8.40019434432" />
  <node id="24422" visible="true" version="1" lat="49.00022590086" lon="8.40019441515" />
  <node id="24423" visible="true" version="1" lat="49.00022410213" lon="8.40019446774" />
  <node id="24424" visible="true" version="1" lat="49.00022230351" lon="8.40019452731" />
  <node id="24425" visible="true" version="1" lat="49.00022050733" lon="8.4001946785" />
  <node id="24426" visible="true" version="1" lat="49.00021871622" lon="8.4001949344" />
  <node id="24427" visible="true" version="1" lat="49.00021693032" lon="8.40019526422" />
  <node id="24428" visible="true" version="1" lat="49.00021514857" lon="8.40019564269" />
  <node id="24429" visible="true" version="1" lat="49.00021336985" lon="8.4001960528" />
  <node id="24430" visible="true" version="1" lat="49.00021159342" lon="8.40019648531" />
  <node id="24431" visible="true" version="1" lat="49.00020981859" lon="8.4001969327" />
  <node id="24432" visible="true" version="1" lat="49.00020804674" lon="8.40019740639" />
  <node id="24433" visible="true" version="1" lat="49.00020628284" lon="8.40019794384" />
  <node id="24434" visible="true" version="1" lat="49.00020453264" lon="8.40019857599" />
  <node id="24435" visible="true" version="1" lat="49.00020279916" lon="8.40019930713" />
  <node id="24436" visible="true" version="1" lat="49.00020108069" lon="8.40020011615" />
  <node id="24437" visible="true" version="1" lat="49.00019937405" lon="8.40020098123" />
  <node id="24438" visible="true" version="1" lat="49.00019767814" lon="8.40020189376" />
  <node id="24439" visible="true" version="1" lat="49.00019599382" lon="8.40020285454" />
  <node id="24440" visible="true" version="1" lat="49.00019432352" lon="8.40020387028" />
  <node id="24441" visible="true" version="1" lat="49.00019266897" lon="8.40020494384" />
  <node id="24442" visible="true" version="1" lat="49.00019103342" lon="8.40020608266" />
  <node id="24443" visible="true" version="1" lat="49.0001894198" lon="8.40020729163" />
  <node id="24444" visible="true" version="1" lat="49.00018782429" lon="8.40020855495" />
  <node id="24445" visible="true" version="1" lat="49.00018623943" lon="8.40020984899" />
  <node id="24446" visible="true" version="1" lat="49.00018465891" lon="8.4002111552" />
  <node id="24447" visible="true" version="1" lat="49.00018307894" lon="8.40021246296" />
  <node id="24448" visible="true" version="1" lat="49.00018149668" lon="8.40021376432" />
  <node id="24449" visible="true" version="1" lat="49.0001799093" lon="8.40021505118" />
  <node id="24450" visible="true" version="1" lat="49.00017831732" lon="8.40021632485" />
  <node id="24451" visible="true" version="1" lat="49.00017672753" lon="8.40021760479" />
  <node id="24452" visible="true" version="1" lat="49.00017514723" lon="8.40021891157" />
  <node id="24453" visible="true" version="1" lat="49.0001735827" lon="8.40022026141" />
  <node id="24454" visible="true" version="1" lat="49.00017203576" lon="8.40022165735" />
  <node id="24455" visible="true" version="1" lat="49.00017050071" lon="8.40022308332" />
  <node id="24456" visible="true" version="1" lat="49.00016897049" lon="8.40022452126" />
  <node id="24457" visible="true" version="1" lat="49.00016743895" lon="8.40022595595" />
  <node id="24458" visible="true" version="1" lat="49.00016590013" lon="8.40022737247" />
  <node id="24459" visible="true" version="1" lat="49.00016434947" lon="8.40022875886" />
  <node id="24460" visible="true" version="1" lat="49.00016278735" lon="8.40023011523" />
  <node id="24461" visible="true" version="1" lat="49.00016121565" lon="8.40023144577" />
  <node id="24462" visible="true" version="1" lat="49.00015963663" lon="8.40023275618" />
  <node id="24463" visible="true" version="1" lat="49.00015805445" lon="8.40023405777" />
  <node id="24464" visible="true" version="1" lat="49.00015647608" lon="8.40023536997" />
  <node id="24465" visible="true" version="1" lat="49.00015490829" lon="8.40023671112" />
  <node id="24466" visible="true" version="1" lat="49.00015335605" lon="8.40023809341" />
  <node id="24467" visible="true" version="1" lat="49.000151811" lon="8.40023949424" />
  <node id="24468" visible="true" version="1" lat="49.00015025927" lon="8.40024087783" />
  <node id="24469" visible="true" version="1" lat="49.00014868585" lon="8.40024220332" />
  <node id="24470" visible="true" version="1" lat="49.00014708184" lon="8.40024344116" />
  <node id="24471" visible="true" version="1" lat="49.00014545334" lon="8.40024460309" />
  <node id="24472" visible="true" version="1" lat="49.00014381127" lon="8.40024572023" />
  <node id="24473" visible="true" version="1" lat="49.00014216854" lon="8.40024683511" />
  <node id="24474" visible="true" version="1" lat="49.0001405292" lon="8.40024796149" />
  <node id="24475" visible="true" version="1" lat="49.00013888775" lon="8.40024908077" />
  <node id="24476" visible="true" version="1" lat="49.0001372377" lon="8.40025017035" />
  <node id="24477" visible="true" version="1" lat="49.00013557564" lon="8.40025121691" />
  <node id="24478" visible="true" version="1" lat="49.00013390385" lon="8.40025222705" />
  <node id="24479" visible="true" version="1" lat="49.00013222466" lon="8.40025320849" />
  <node id="24480" visible="true" version="1" lat="49.00013054123" lon="8.40025417304" />
  <node id="24481" visible="true" version="1" lat="49.00012885563" lon="8.40025512876" />
  <node id="24482" visible="true" version="1" lat="49.00012716804" lon="8.40025607636" />
  <node id="24483" visible="true" version="1" lat="49.00012547833" lon="8.40025701518" />
  <node id="24484" visible="true" version="1" lat="49.0001237863" lon="8.40025794432" />
  <node id="24485" visible="true" version="1" lat="49.00012209186" lon="8.40025886324" />
  <node id="24486" visible="true" version="1" lat="49.00012039475" lon="8.40025977072" />
  <node id="24487" visible="true" version="1" lat="49.0001186947" lon="8.40026066536" />
  <node id="24488" visible="true" version="1" lat="49.00011699122" lon="8.40026154484" />
  <node id="24489" visible="true" version="1" lat="49.00011528388" lon="8.40026240682" />
  <node id="24490" visible="true" version="1" lat="49.00011357232" lon="8.40026324927" />
  <node id="24491" visible="true" version="1" lat="49.00011185589" lon="8.40026406847" />
  <node id="24492" visible="true" version="1" lat="49.0001101344" lon="8.40026486279" />
  <node id="24493" visible="true" version="1" lat="49.00010840793" lon="8.40026563171" />
  <node id="24494" visible="true" version="1" lat="49.00010667711" lon="8.40026637771" />
  <node id="24495" visible="true" version="1" lat="49.00010494278" lon="8.40026710466" />
  <node id="24496" visible="true" version="1" lat="49.00010320564" lon="8.40026781598" />
  <node id="24497" visible="true" version="1" lat="49.00010146636" lon="8.40026851512" />
  <node id="24498" visible="true" version="1" lat="49.00009972509" lon="8.40026920266" />
  <node id="24499" visible="true" version="1" lat="49.00009798127" lon="8.40026987514" />
  <node id="24500" visible="true" version="1" lat="49.00009623431" lon="8.40027052851" />
  <node id="24501" visible="true" version="1" lat="49.00009448362" lon="8.40027115834" />
  <node id="24502" visible="true" version="1" lat="49.00009272865" lon="8.40027176009" />
  <node id="24503" visible="true" version="1" lat="49.00009096934" lon="8.40027233178" />
  <node id="24504" visible="true" version="1" lat="49.00008920568" lon="8.40027287154" />
  <node id="24505" visible="true" version="1" lat="49.00008743765" lon="8.4002733773" />
  <node id="24506" visible="true" version="1" lat="49.00008566557" lon="8.40027384909" />
  <node id="24507" visible="true" version="1" lat="49.00008389033" lon="8.40027429267" />
  <node id="24508" visible="true" version="1" lat="49.00008211289" lon="8.40027471546" />
  <node id="24509" visible="true" version="1" lat="49.00008033415" lon="8.40027512547" />
  <node id="24510" visible="true" version="1" lat="49.00007855468" lon="8.40027552806" />
  <node id="24511" visible="true" version="1" lat="49.00007677422" lon="8.40027592051" />
  <node id="24512" visible="true" version="1" lat="49.00007499241" lon="8.40027629839" />
  <node id="24513" visible="true" version="1" lat="49.00007320885" lon="8.4002766567" />
  <node id="24514" visible="true" version="1" lat="49.00007142299" lon="8.4002769875" />
  <node id="24515" visible="true" version="1" lat="49.00006963421" lon="8.40027727927" />
  <node id="24516" visible="true" version="1" lat="49.0000678421" lon="8.40027751906" />
  <node id="24517" visible="true" version="1" lat="49.00006604671" lon="8.40027769272" />
  <node id="24518" visible="true" version="1" lat="49.0000642491" lon="8.40027780226" />
  <node id="24519" visible="true" version="1" lat="49.00006245078" lon="8.40027788155" />
  <node id="24520" visible="true" version="1" lat="49.00006065262" lon="8.40027796883" />
  <node id="24521" visible="true" version="1" lat="49.00005885573" lon="8.40027810222" />
  <node id="24522" visible="true" version="1" lat="49.00005706201" lon="8.40027831186" />
  <node id="24523" visible="true" version="1" lat="49.00005527201" lon="8.40027858582" />
  <node id="24524" visible="true" version="1" lat="49.00005348416" lon="8.40027889081" />
  <node id="24525" visible="true" version="1" lat="49.00005169629" lon="8.40027919556" />
  <node id="24526" visible="true" version="1" lat="49.00004990629" lon="8.40027946965" />
  <node id="24527" visible="true" version="1" lat="49.00004811374" lon="8.40027970209" />
  <node id="24528" visible="true" version="1" lat="49.00004631952" lon="8.40027990274" />
  <node id="24529" visible="true" version="1" lat="49.00004452434" lon="8.4002800826" />
  <node id="24530" visible="true" version="1" lat="49.00004272876" lon="8.40028025328" />
  <node id="24531" visible="true" version="1" lat="49.00004093323" lon="8.40028042482" />
  <node id="24532" visible="true" version="1" lat="49.00003913776" lon="8.40028059798" />
  <node id="24533" visible="true" version="1" lat="49.00003734227" lon="8.40028077081" />
  <node id="24534" visible="true" version="1" lat="49.00003554669" lon="8.40028094128" />
  <node id="24535" visible="true" version="1" lat="49.00003375093" lon="8.40028110735" />
  <node id="24536" visible="true" version="1" lat="49.00003195493" lon="8.40028126707" />
  <node id="24537" visible="true" version="1" lat="49.00003015861" lon="8.40028141853" />
  <node id="24538" visible="true" version="1" lat="49.00002836193" lon="8.40028155987" />
  <node id="24539" visible="true" version="1" lat="49.00002656488" lon="8.40028168965" />
  <node id="24540" visible="true" version="1" lat="49.00002476744" lon="8.40028180632" />
  <node id="24541" visible="true" version="1" lat="49.00002296967" lon="8.40028191072" />
  <node id="24542" visible="true" version="1" lat="49.00002117184" lon="8.40028201249" />
  <node id="24543" visible="true" version="1" lat="49.00001937423" lon="8.40028212286" />
  <node id="24544" visible="true" version="1" lat="49.00001757719" lon="8.40028225306" />
  <node id="24545" visible="true" version="1" lat="49.00001578123" lon="8.40028241365" />
  <node id="24546" visible="true" version="1" lat="49.00001398629" lon="8.40028259898" />
  <node id="24547" visible="true" version="1" lat="49.00001219094" lon="8.40028277475" />
  <node id="24548" visible="true" version="1" lat="49.0000103938" lon="8.40028289978" />
  <node id="24549" visible="true" version="1" lat="49.00000859504" lon="8.40028294616" />
  <node id="24550" visible="true" version="1" lat="49.000006796" lon="8.40028293214" />
  <node id="24551" visible="true" version="1" lat="49.00000499716" lon="8.40028288803" />
  <node id="24552" visible="true" version="1" lat="49.00000319828" lon="8.40028284793" />
  <node id="24553" visible="true" version="1" lat="49.00000139922" lon="8.40028283501" />
  <node id="24554" visible="true" version="1" lat="48.99999960015" lon="8.40028282652" />
  <node id="24555" visible="true" version="1" lat="48.99999780123" lon="8.4002827914" />
  <node id="24556" visible="true" version="1" lat="48.99999600265" lon="8.40028272746" />
  <node id="24557" visible="true" version="1" lat="48.99999420435" lon="8.40028264706" />
  <node id="24558" visible="true" version="1" lat="48.99999240612" lon="8.40028256262" />
  <node id="24559" visible="true" version="1" lat="48.99999060774" lon="8.40028248668" />
  <node id="24560" visible="true" version="1" lat="48.99998880905" lon="8.40028242956" />
  <node id="24561" visible="true" version="1" lat="48.99998701025" lon="8.40028238161" />
  <node id="24562" visible="true" version="1" lat="48.99998521156" lon="8.40028232519" />
  <node id="24563" visible="true" version="1" lat="48.99998341331" lon="8.40028224257" />
  <node id="24564" visible="true" version="1" lat="48.99998161625" lon="8.40028211416" />
  <node id="24565" visible="true" version="1" lat="48.99997982174" lon="8.40028192056" />
  <node id="24566" visible="true" version="1" lat="48.99997803092" lon="8.4002816594" />
  <node id="24567" visible="true" version="1" lat="48.99997624284" lon="8.40028135762" />
  <node id="24568" visible="true" version="1" lat="48.99997445559" lon="8.40028104458" />
  <node id="24569" visible="true" version="1" lat="48.99997266717" lon="8.40028074739" />
  <node id="24570" visible="true" version="1" lat="48.99997087767" lon="8.40028046558" />
  <node id="24571" visible="true" version="1" lat="48.99996908805" lon="8.40028018556" />
  <node id="24572" visible="true" version="1" lat="48.99996729907" lon="8.40027989628" />
  <node id="24573" visible="true" version="1" lat="48.99996551098" lon="8.40027959454" />
  <node id="24574" visible="true" version="1" lat="48.9999637239" lon="8.40027927923" />
  <node id="24575" visible="true" version="1" lat="48.99996193797" lon="8.40027894925" />
  <node id="24576" visible="true" version="1" lat="48.99996015338" lon="8.40027860291" />
  <node id="24577" visible="true" version="1" lat="48.99995837028" lon="8.40027823935" />
  <node id="24578" visible="true" version="1" lat="48.99995658887" lon="8.40027785715" />
  <node id="24579" visible="true" version="1" lat="48.99995480942" lon="8.40027745436" />
  <node id="24580" visible="true" version="1" lat="48.9999530323" lon="8.40027702847" />
  <node id="24581" visible="true" version="1" lat="48.99995125803" lon="8.40027657606" />
  <node id="24582" visible="true" version="1" lat="48.99994948727" lon="8.40027609287" />
  <node id="24583" visible="true" version="1" lat="48.99994772067" lon="8.40027557579" />
  <node id="24584" visible="true" version="1" lat="48.99994595902" lon="8.400275021" />
  <node id="24585" visible="true" version="1" lat="48.99994420329" lon="8.40027442456" />
  <node id="24586" visible="true" version="1" lat="48.99994245466" lon="8.40027378169" />
  <node id="24587" visible="true" version="1" lat="48.99994071401" lon="8.40027309068" />
  <node id="24588" visible="true" version="1" lat="48.9999389814" lon="8.40027235441" />
  <node id="24589" visible="true" version="1" lat="48.99993725662" lon="8.40027157683" />
  <node id="24590" visible="true" version="1" lat="48.99993553927" lon="8.40027076211" />
  <node id="24591" visible="true" version="1" lat="48.99993382881" lon="8.40026991459" />
  <node id="24592" visible="true" version="1" lat="48.99993212454" lon="8.40026903866" />
  <node id="24593" visible="true" version="1" lat="48.9999304257" lon="8.40026813873" />
  <node id="24594" visible="true" version="1" lat="48.99992873132" lon="8.40026721958" />
  <node id="24595" visible="true" version="1" lat="48.99992704051" lon="8.40026628533" />
  <node id="24596" visible="true" version="1" lat="48.99992535299" lon="8.40026533745" />
  <node id="24597" visible="true" version="1" lat="48.99992366868" lon="8.4002643765" />
  <node id="24598" visible="true" version="1" lat="48.9999219875" lon="8.40026340295" />
  <node id="24599" visible="true" version="1" lat="48.99992030936" lon="8.40026241733" />
  <node id="24600" visible="true" version="1" lat="48.99991863418" lon="8.40026142017" />
  <node id="24601" visible="true" version="1" lat="48.99991696186" lon="8.40026041198" />
  <node id="24602" visible="true" version="1" lat="48.9999152923" lon="8.40025939332" />
  <node id="24603" visible="true" version="1" lat="48.99991362538" lon="8.40025836467" />
  <node id="24604" visible="true" version="1" lat="48.99991196099" lon="8.4002573266" />
  <node id="24605" visible="true" version="1" lat="48.99991029918" lon="8.40025627906" />
  <node id="24606" visible="true" version="1" lat="48.99990864033" lon="8.40025522069" />
  <node id="24607" visible="true" version="1" lat="48.99990698495" lon="8.4002541499" />
  <node id="24608" visible="true" version="1" lat="48.9999053335" lon="8.40025306515" />
  <node id="24609" visible="true" version="1" lat="48.99990368651" lon="8.40025196487" />
  <node id="24610" visible="true" version="1" lat="48.99990204451" lon="8.40025084748" />
  <node id="24611" visible="true" version="1" lat="48.99990040771" lon="8.4002497126" />
  <node id="24612" visible="true" version="1" lat="48.99989877551" lon="8.40024856254" />
  <node id="24613" visible="true" version="1" lat="48.99989714711" lon="8.40024740006" />
  <node id="24614" visible="true" version="1" lat="48.99989552173" lon="8.40024622788" />
  <node id="24615" visible="true" version="1" lat="48.99989389853" lon="8.40024504877" />
  <node id="24616" visible="true" version="1" lat="48.99989227664" lon="8.40024386548" />
  <node id="24617" visible="true" version="1" lat="48.99989065521" lon="8.40024268072" />
  <node id="24618" visible="true" version="1" lat="48.99988903345" lon="8.400241497" />
  <node id="24619" visible="true" version="1" lat="48.99988741128" lon="8.40024031459" />
  <node id="24620" visible="true" version="1" lat="48.999885789" lon="8.40023913254" />
  <node id="24621" visible="true" version="1" lat="48.9998841669" lon="8.4002379499" />
  <node id="24622" visible="true" version="1" lat="48.9998825453" lon="8.4002367657" />
  <node id="24623" visible="true" version="1" lat="48.99988092449" lon="8.40023557899" />
  <node id="24624" visible="true" version="1" lat="48.99987930478" lon="8.40023438881" />
  <node id="24625" visible="true" version="1" lat="48.99987768648" lon="8.40023319421" />
  <node id="24626" visible="true" version="1" lat="48.9998760699" lon="8.40023199424" />
  <node id="24627" visible="true" version="1" lat="48.99987445537" lon="8.40023078794" />
  <node id="24628" visible="true" version="1" lat="48.99987284313" lon="8.40022957455" />
  <node id="24629" visible="true" version="1" lat="48.99987123308" lon="8.40022835448" />
  <node id="24630" visible="true" version="1" lat="48.99986962498" lon="8.40022712849" />
  <node id="24631" visible="true" version="1" lat="48.99986801858" lon="8.40022589737" />
  <node id="24632" visible="true" version="1" lat="48.99986641362" lon="8.40022466188" />
  <node id="24633" visible="true" version="1" lat="48.99986480987" lon="8.4002234228" />
  <node id="24634" visible="true" version="1" lat="48.99986320706" lon="8.40022218089" />
  <node id="24635" visible="true" version="1" lat="48.99986160494" lon="8.40022093696" />
  <node id="24636" visible="true" version="1" lat="48.99986000324" lon="8.40021969175" />
  <node id="24637" visible="true" version="1" lat="48.99985840171" lon="8.40021844603" />
  <node id="24638" visible="true" version="1" lat="48.99985680018" lon="8.40021720032" />
  <node id="24639" visible="true" version="1" lat="48.9998551994" lon="8.4002159524" />
  <node id="24640" visible="true" version="1" lat="48.99985360063" lon="8.40021469854" />
  <node id="24641" visible="true" version="1" lat="48.99985200516" lon="8.40021343499" />
  <node id="24642" visible="true" version="1" lat="48.99985041433" lon="8.40021215802" />
  <node id="24643" visible="true" version="1" lat="48.99984882952" lon="8.40021086388" />
  <node id="24644" visible="true" version="1" lat="48.99984725216" lon="8.4002095489" />
  <node id="24645" visible="true" version="1" lat="48.99984568375" lon="8.4002082094" />
  <node id="24646" visible="true" version="1" lat="48.99984412562" lon="8.4002068425" />
  <node id="24647" visible="true" version="1" lat="48.99984257669" lon="8.40020545162" />
  <node id="24648" visible="true" version="1" lat="48.99984103449" lon="8.40020404357" />
  <node id="24649" visible="true" version="1" lat="48.99983949639" lon="8.40020262518" />
  <node id="24650" visible="true" version="1" lat="48.99983795975" lon="8.40020120318" />
  <node id="24651" visible="true" version="1" lat="48.99983642184" lon="8.40019978431" />
  <node id="24652" visible="true" version="1" lat="48.99983488002" lon="8.40019837529" />
  <node id="24653" visible="true" version="1" lat="48.99983333167" lon="8.40019698295" />
  <node id="24654" visible="true" version="1" lat="48.99983177551" lon="8.40019561084" />
  <node id="24655" visible="true" version="1" lat="48.99983021396" lon="8.40019425293" />
  <node id="24656" visible="true" version="1" lat="48.99982865005" lon="8.40019290132" />
  <node id="24657" visible="true" version="1" lat="48.99982708674" lon="8.40019154811" />
  <node id="24658" visible="true" version="1" lat="48.99982552702" lon="8.40019018537" />
  <node id="24659" visible="true" version="1" lat="48.99982397389" lon="8.40018880535" />
  <node id="24660" visible="true" version="1" lat="48.99982242845" lon="8.40018740554" />
  <node id="24661" visible="true" version="1" lat="48.999820889" lon="8.40018599056" />
  <node id="24662" visible="true" version="1" lat="48.99981935356" lon="8.40018456554" />
  <node id="24663" visible="true" version="1" lat="48.99981782013" lon="8.40018313554" />
  <node id="24664" visible="true" version="1" lat="48.99981628666" lon="8.40018170562" />
  <node id="24665" visible="true" version="1" lat="48.99981475113" lon="8.40018028083" />
  <node id="24666" visible="true" version="1" lat="48.99981321152" lon="8.40017886626" />
  <node id="24667" visible="true" version="1" lat="48.99981166585" lon="8.40017746704" />
  <node id="24668" visible="true" version="1" lat="48.99981011306" lon="8.40017608611" />
  <node id="24669" visible="true" version="1" lat="48.99980855571" lon="8.40017471714" />
  <node id="24670" visible="true" version="1" lat="48.99980699713" lon="8.40017335136" />
  <node id="24671" visible="true" version="1" lat="48.99980544069" lon="8.40017198" />
  <node id="24672" visible="true" version="1" lat="48.99980388977" lon="8.40017059424" />
  <node id="24673" visible="true" version="1" lat="48.99980234788" lon="8.40016918544" />
  <node id="24674" visible="true" version="1" lat="48.99980081867" lon="8.40016774509" />
  <node id="24675" visible="true" version="1" lat="48.99979930441" lon="8.40016626869" />
  <node id="24676" visible="true" version="1" lat="48.99979780367" lon="8.40016476072" />
  <node id="24677" visible="true" version="1" lat="48.9997963144" lon="8.40016322672" />
  <node id="24678" visible="true" version="1" lat="48.99979483439" lon="8.40016167212" />
  <node id="24679" visible="true" version="1" lat="48.99979336138" lon="8.40016010226" />
  <node id="24680" visible="true" version="1" lat="48.99979189301" lon="8.40015852237" />
  <node id="24681" visible="true" version="1" lat="48.99979042691" lon="8.40015693763" />
  <node id="24682" visible="true" version="1" lat="48.99978896107" lon="8.40015535232" />
  <node id="24683" visible="true" version="1" lat="48.99978749978" lon="8.40015375737" />
  <node id="24684" visible="true" version="1" lat="48.99978605266" lon="8.40015213288" />
  <node id="24685" visible="true" version="1" lat="48.99978462994" lon="8.40015045943" />
  <node id="24686" visible="true" version="1" lat="48.99978324244" lon="8.40014871911" />
  <node id="24687" visible="true" version="1" lat="48.99978190158" lon="8.40014689643" />
  <node id="24688" visible="true" version="1" lat="48.99978061907" lon="8.40014497934" />
  <node id="24689" visible="true" version="1" lat="48.99977940638" lon="8.40014296013" />
  <node id="24690" visible="true" version="1" lat="48.99977825517" lon="8.40014085902" />
  <node id="24691" visible="true" version="1" lat="48.99977711102" lon="8.4001387489" />
  <node id="24692" visible="true" version="1" lat="48.99977596039" lon="8.40013664693" />
  <node id="24693" visible="true" version="1" lat="48.99977480579" lon="8.40013455001" />
  <node id="24694" visible="true" version="1" lat="48.99977364956" lon="8.40013245515" />
  <node id="24695" visible="true" version="1" lat="48.99977249422" lon="8.40013035917" />
  <node id="24696" visible="true" version="1" lat="48.99977134403" lon="8.40012825665" />
  <node id="24697" visible="true" version="1" lat="48.99977020388" lon="8.40012614155" />
  <node id="24698" visible="true" version="1" lat="48.99976907528" lon="8.40012401218" />
  <node id="24699" visible="true" version="1" lat="48.99976795891" lon="8.40012186798" />
  <node id="24700" visible="true" version="1" lat="48.99976685552" lon="8.40011970832" />
  <node id="24701" visible="true" version="1" lat="48.99976576595" lon="8.40011753251" />
  <node id="24702" visible="true" version="1" lat="48.99976469065" lon="8.40011534035" />
  <node id="24703" visible="true" version="1" lat="48.99976363038" lon="8.40011313136" />
  <node id="24704" visible="true" version="1" lat="48.99976258668" lon="8.40011090423" />
  <node id="24705" visible="true" version="1" lat="48.99976156078" lon="8.40010865807" />
  <node id="24706" visible="true" version="1" lat="48.99976055385" lon="8.40010639216" />
  <node id="24707" visible="true" version="1" lat="48.99975956767" lon="8.40010410529" />
  <node id="24708" visible="true" version="1" lat="48.99975860195" lon="8.40010179832" />
  <node id="24709" visible="true" version="1" lat="48.99975765394" lon="8.40009947444" />
  <node id="24710" visible="true" version="1" lat="48.99975672035" lon="8.40009713712" />
  <node id="24711" visible="true" version="1" lat="48.99975579764" lon="8.40009478982" />
  <node id="24712" visible="true" version="1" lat="48.99975488262" lon="8.40009243558" />
  <node id="24713" visible="true" version="1" lat="48.99975397026" lon="8.40009007895" />
  <node id="24714" visible="true" version="1" lat="48.99975305456" lon="8.40008772532" />
  <node id="24715" visible="true" version="1" lat="48.99975213413" lon="8.40008537597" />
  <node id="24716" visible="true" version="1" lat="48.99975122137" lon="8.40008301971" />
  <node id="24717" visible="true" version="1" lat="48.99975033041" lon="8.40008064429" />
  <node id="24718" visible="true" version="1" lat="48.99974946688" lon="8.40007824558" />
  <node id="24719" visible="true" version="1" lat="48.99974862801" lon="8.40007582673" />
  <node id="24720" visible="true" version="1" lat="48.99974781245" lon="8.40007338954" />
  <node id="24721" visible="true" version="1" lat="48.99974701733" lon="8.40007093679" />
  <node id="24722" visible="true" version="1" lat="48.99974624099" lon="8.40006847018" />
  <node id="24723" visible="true" version="1" lat="48.99974548141" lon="8.40006599154" />
  <node id="24724" visible="true" version="1" lat="48.99974473577" lon="8.40006350314" />
  <node id="24725" visible="true" version="1" lat="48.99974400165" lon="8.40006100683" />
  <node id="24726" visible="true" version="1" lat="48.99974327662" lon="8.40005850439" />
  <node id="24727" visible="true" version="1" lat="48.99974255814" lon="8.4000559976" />
  <node id="24728" visible="true" version="1" lat="48.99974184388" lon="8.40005348802" />
  <node id="24729" visible="true" version="1" lat="48.99974113154" lon="8.40005097717" />
  <node id="24730" visible="true" version="1" lat="48.99974041882" lon="8.40004846658" />
  <node id="24731" visible="true" version="1" lat="48.99973970468" lon="8.40004595692" />
  <node id="24732" visible="true" version="1" lat="48.99973898958" lon="8.40004344789" />
  <node id="24733" visible="true" version="1" lat="48.99973827409" lon="8.40004093911" />
  <node id="24734" visible="true" version="1" lat="48.99973755887" lon="8.40003843016" />
  <node id="24735" visible="true" version="1" lat="48.99973684447" lon="8.40003592067" />
  <node id="24736" visible="true" version="1" lat="48.99973613151" lon="8.40003341023" />
  <node id="24737" visible="true" version="1" lat="48.99973542062" lon="8.40003089845" />
  <node id="24738" visible="true" version="1" lat="48.99973471233" lon="8.40002838496" />
  <node id="24739" visible="true" version="1" lat="48.99973400724" lon="8.40002586939" />
  <node id="24740" visible="true" version="1" lat="48.99973330582" lon="8.40002335146" />
  <node id="24741" visible="true" version="1" lat="48.99973260838" lon="8.40002083097" />
  <node id="24742" visible="true" version="1" lat="48.99973191516" lon="8.4000183078" />
  <node id="24743" visible="true" version="1" lat="48.99973122639" lon="8.40001578182" />
  <node id="24744" visible="true" version="1" lat="48.99973054238" lon="8.40001325284" />
  <node id="24745" visible="true" version="1" lat="48.99972986341" lon="8.40001072073" />
  <node id="24746" visible="true" version="1" lat="48.99972918968" lon="8.40000818539" />
  <node id="24747" visible="true" version="1" lat="48.99972852142" lon="8.40000564671" />
  <node id="24748" visible="true" version="1" lat="48.99972785888" lon="8.40000310458" />
  <node id="24749" visible="true" version="1" lat="48.99972720233" lon="8.40000055885" />
  <node id="24750" visible="true" version="1" lat="48.99972655201" lon="8.39999800943" />
  <node id="24751" visible="true" version="1" lat="48.9997259081" lon="8.39999545625" />
  <node id="24752" visible="true" version="1" lat="48.9997252708" lon="8.39999289926" />
  <node id="24753" visible="true" version="1" lat="48.99972464036" lon="8.39999033833" />
  <node id="24754" visible="true" version="1" lat="48.99972401737" lon="8.39998777319" />
  <node id="24755" visible="true" version="1" lat="48.99972340257" lon="8.3999852035" />
  <node id="24756" visible="true" version="1" lat="48.9997227967" lon="8.39998262891" />
  <node id="24757" visible="true" version="1" lat="48.99972220034" lon="8.3999800492" />
  <node id="24758" visible="true" version="1" lat="48.99972161414" lon="8.39997746412" />
  <node id="24759" visible="true" version="1" lat="48.99972103868" lon="8.39997487346" />
  <node id="24760" visible="true" version="1" lat="48.99972047454" lon="8.39997227707" />
  <node id="24761" visible="true" version="1" lat="48.99971992225" lon="8.3999696748" />
  <node id="24762" visible="true" version="1" lat="48.99971938233" lon="8.39996706654" />
  <node id="24763" visible="true" version="1" lat="48.99971885523" lon="8.39996445222" />
  <node id="24764" visible="true" version="1" lat="48.99971834139" lon="8.39996183182" />
  <node id="24765" visible="true" version="1" lat="48.9997178412" lon="8.39995920533" />
  <node id="24766" visible="true" version="1" lat="48.99971735487" lon="8.39995657283" />
  <node id="24767" visible="true" version="1" lat="48.99971688227" lon="8.39995393456" />
  <node id="24768" visible="true" version="1" lat="48.99971642319" lon="8.39995129078" />
  <node id="24769" visible="true" version="1" lat="48.99971597741" lon="8.39994864174" />
  <node id="24770" visible="true" version="1" lat="48.99971554496" lon="8.39994598761" />
  <node id="24771" visible="true" version="1" lat="48.99971512548" lon="8.39994332868" />
  <node id="24772" visible="true" version="1" lat="48.99971471871" lon="8.39994066518" />
  <node id="24773" visible="true" version="1" lat="48.99971432444" lon="8.39993799735" />
  <node id="24774" visible="true" version="1" lat="48.99971394249" lon="8.39993532538" />
  <node id="24775" visible="true" version="1" lat="48.99971357296" lon="8.39993264938" />
  <node id="24776" visible="true" version="1" lat="48.99971321541" lon="8.39992996962" />
  <node id="24777" visible="true" version="1" lat="48.99971286958" lon="8.39992728631" />
  <node id="24778" visible="true" version="1" lat="48.99971253539" lon="8.3999245996" />
  <node id="24779" visible="true" version="1" lat="48.99971221297" lon="8.39992190957" />
  <node id="24780" visible="true" version="1" lat="48.99971190196" lon="8.39991921643" />
  <node id="24781" visible="true" version="1" lat="48.9997116026" lon="8.39991652025" />
  <node id="24782" visible="true" version="1" lat="48.99971131504" lon="8.3999138211" />
  <node id="24783" visible="true" version="1" lat="48.99971103887" lon="8.39991111921" />
  <node id="24784" visible="true" version="1" lat="48.99971077472" lon="8.39990841454" />
  <node id="24785" visible="true" version="1" lat="48.99971052196" lon="8.39990570736" />
  <node id="24786" visible="true" version="1" lat="48.99971028099" lon="8.3999029977" />
  <node id="24787" visible="true" version="1" lat="48.99971005149" lon="8.39990028574" />
  <node id="24788" visible="true" version="1" lat="48.99970983366" lon="8.39989757155" />
  <node id="24789" visible="true" version="1" lat="48.99970962719" lon="8.39989485532" />
  <node id="24790" visible="true" version="1" lat="48.99970943236" lon="8.3998921371" />
  <node id="24791" visible="true" version="1" lat="48.99970924852" lon="8.39988941711" />
  <node id="24792" visible="true" version="1" lat="48.99970907608" lon="8.39988669539" />
  <node id="24793" visible="true" version="1" lat="48.99970891393" lon="8.39988397222" />
  <node id="24794" visible="true" version="1" lat="48.9997087621" lon="8.39988124767" />
  <node id="24795" visible="true" version="1" lat="48.99970862024" lon="8.39987852188" />
  <node id="24796" visible="true" version="1" lat="48.99970848772" lon="8.39987579501" />
  <node id="24797" visible="true" version="1" lat="48.9997083646" lon="8.39987306712" />
  <node id="24798" visible="true" version="1" lat="48.99970825043" lon="8.39987033832" />
  <node id="24799" visible="true" version="1" lat="48.99970814477" lon="8.39986760874" />
  <node id="24800" visible="true" version="1" lat="48.99970804745" lon="8.39986487844" />
  <node id="24801" visible="true" version="1" lat="48.99970795846" lon="8.39986214748" />
  <node id="24802" visible="true" version="1" lat="48.99970787726" lon="8.39985941596" />
  <node id="24803" visible="true" version="1" lat="48.9997078039" lon="8.39985668393" />
  <node id="24804" visible="true" version="1" lat="48.99970773848" lon="8.39985395144" />
  <node id="24805" visible="true" version="1" lat="48.99970768143" lon="8.39985121851" />
  <node id="24806" visible="true" version="1" lat="48.99970763258" lon="8.39984848521" />
  <node id="24807" visible="true" version="1" lat="48.99970759196" lon="8.39984575161" />
  <node id="24808" visible="true" version="1" lat="48.99970755968" lon="8.39984301774" />
  <node id="24809" visible="true" version="1" lat="48.99970753577" lon="8.39984028368" />
  <node id="24810" visible="true" version="1" lat="48.99970752029" lon="8.39983754948" />
  <node id="24811" visible="true" version="1" lat="48.99970751288" lon="8.3998348152" />
  <node id="24812" visible="true" version="1" lat="48.9997075127" lon="8.39983208089" />
  <node id="24813" visible="true" version="1" lat="48.99970751868" lon="8.3998293466" />
  <node id="24814" visible="true" version="1" lat="48.99970752997" lon="8.39982661235" />
  <node id="24815" visible="true" version="1" lat="48.99970754575" lon="8.39982387815" />
  <node id="24816" visible="true" version="1" lat="48.9997075652" lon="8.399821144" />
  <node id="24817" visible="true" version="1" lat="48.99970758758" lon="8.39981840991" />
  <node id="24818" visible="true" version="1" lat="48.99970761215" lon="8.39981567586" />
  <node id="24819" visible="true" version="1" lat="48.99970763815" lon="8.39981294184" />
  <node id="24820" visible="true" version="1" lat="48.99970766504" lon="8.39981020784" />
  <node id="24821" visible="true" version="1" lat="48.99970769298" lon="8.39980747386" />
  <node id="24822" visible="true" version="1" lat="48.99970772235" lon="8.39980473992" />
  <node id="24823" visible="true" version="1" lat="48.99970775357" lon="8.39980200602" />
  <node id="24824" visible="true" version="1" lat="48.99970778699" lon="8.39979927219" />
  <node id="24825" visible="true" version="1" lat="48.99970782303" lon="8.39979653843" />
  <node id="24826" visible="true" version="1" lat="48.99970786202" lon="8.39979380477" />
  <node id="24827" visible="true" version="1" lat="48.99970790436" lon="8.39979107122" />
  <node id="24828" visible="true" version="1" lat="48.99970795037" lon="8.39978833781" />
  <node id="24829" visible="true" version="1" lat="48.99970800039" lon="8.39978560456" />
  <node id="24830" visible="true" version="1" lat="48.99970805472" lon="8.3997828715" />
  <node id="24831" visible="true" version="1" lat="48.99970811361" lon="8.39978013866" />
  <node id="24832" visible="true" version="1" lat="48.99970817676" lon="8.39977740604" />
  <node id="24833" visible="true" version="1" lat="48.99970824374" lon="8.39977467363" />
  <node id="24834" visible="true" version="1" lat="48.99970831416" lon="8.39977194142" />
  <node id="24835" visible="true" version="1" lat="48.9997083876" lon="8.39976920939" />
  <node id="24836" visible="true" version="1" lat="48.9997084637" lon="8.39976647753" />
  <node id="24837" visible="true" version="1" lat="48.99970854206" lon="8.39976374582" />
  <node id="24838" visible="true" version="1" lat="48.99970862234" lon="8.39976101423" />
  <node id="24839" visible="true" version="1" lat="48.99970870417" lon="8.39975828276" />
  <node id="24840" visible="true" version="1" lat="48.99970878719" lon="8.39975555136" />
  <node id="24841" visible="true" version="1" lat="48.99970887106" lon="8.39975282003" />
  <node id="24842" visible="true" version="1" lat="48.99970895546" lon="8.39975008873" />
  <node id="24843" visible="true" version="1" lat="48.99970904089" lon="8.39974735751" />
  <node id="24844" visible="true" version="1" lat="48.99970912829" lon="8.39974462643" />
  <node id="24845" visible="true" version="1" lat="48.99970921857" lon="8.39974189557" />
  <node id="24846" visible="true" version="1" lat="48.9997093126" lon="8.399739165" />
  <node id="24847" visible="true" version="1" lat="48.99970941127" lon="8.39973643481" />
  <node id="24848" visible="true" version="1" lat="48.99970951539" lon="8.39973370509" />
  <node id="24849" visible="true" version="1" lat="48.99970962568" lon="8.39973097593" />
  <node id="24850" visible="true" version="1" lat="48.99970974287" lon="8.39972824743" />
  <node id="24851" visible="true" version="1" lat="48.99970986761" lon="8.39972551971" />
  <node id="24852" visible="true" version="1" lat="48.9997100013" lon="8.39972279297" />
  <node id="24853" visible="true" version="1" lat="48.99971015045" lon="8.39972006809" />
  <node id="24854" visible="true" version="1" lat="48.99971032159" lon="8.39971734621" />
  <node id="24855" visible="true" version="1" lat="48.99971051934" lon="8.39971462852" />
  <node id="24856" visible="true" version="1" lat="48.99971074801" lon="8.39971191644" />
  <node id="24857" visible="true" version="1" lat="48.99971101035" lon="8.39970921142" />
  <node id="24858" visible="true" version="1" lat="48.99971130368" lon="8.39970651375" />
  <node id="24859" visible="true" version="1" lat="48.99971163196" lon="8.39970382541" />
  <node id="24860" visible="true" version="1" lat="48.99971198816" lon="8.39970114527" />
  <node id="24861" visible="true" version="1" lat="48.99971236492" lon="8.39969847161" />
  <node id="24862" visible="true" version="1" lat="48.99971275541" lon="8.39969580249" />
  <node id="24863" visible="true" version="1" lat="48.99971315102" lon="8.39969313511" />
  <node id="24864" visible="true" version="1" lat="48.99971354632" lon="8.39969046762" />
  <node id="24865" visible="true" version="1" lat="48.99971393404" lon="8.39968779758" />
  <node id="24866" visible="true" version="1" lat="48.99971430777" lon="8.39968512294" />
  <node id="24867" visible="true" version="1" lat="48.99971466146" lon="8.39968244202" />
  <node id="24868" visible="true" version="1" lat="48.99971500085" lon="8.39967975681" />
  <node id="24869" visible="true" version="1" lat="48.99971535168" lon="8.39967707503" />
  <node id="24870" visible="true" version="1" lat="48.99971573494" lon="8.39967440358" />
  <node id="24871" visible="true" version="1" lat="48.99971616694" lon="8.39967174941" />
  <node id="24872" visible="true" version="1" lat="48.99971664551" lon="8.39966911382" />
  <node id="24873" visible="true" version="1" lat="48.99971716844" lon="8.39966649778" />
  <node id="24874" visible="true" version="1" lat="48.99971773021" lon="8.39966390036" />
  <node id="24875" visible="true" version="1" lat="48.9997183224" lon="8.3996613185" />
  <node id="24876" visible="true" version="1" lat="48.99971893614" lon="8.39965874821" />
  <node id="24877" visible="true" version="1" lat="48.99971956563" lon="8.39965618675" />
  <node id="24878" visible="true" version="1" lat="48.99972020043" lon="8.39965362831" />
  <node id="24879" visible="true" version="1" lat="48.99972083752" lon="8.39965107119" />
  <node id="24880" visible="true" version="1" lat="48.99972147436" lon="8.39964851392" />
  <node id="24881" visible="true" version="1" lat="48.99972210313" lon="8.39964595205" />
  <node id="24882" visible="true" version="1" lat="48.99972272001" lon="8.39964338353" />
  <node id="24883" visible="true" version="1" lat="48.99972331881" lon="8.39964080522" />
  <node id="24884" visible="true" version="1" lat="48.99972390013" lon="8.39963821759" />
  <node id="24885" visible="true" version="1" lat="48.99972447796" lon="8.39963562816" />
  <node id="24886" visible="true" version="1" lat="48.99972506179" lon="8.39963304183" />
  <node id="24887" visible="true" version="1" lat="48.99972564877" lon="8.39963045715" />
  <node id="24888" visible="true" version="1" lat="48.99972623535" lon="8.39962787226" />
  <node id="24889" visible="true" version="1" lat="48.99972681874" lon="8.39962528571" />
  <node id="24890" visible="true" version="1" lat="48.99972739609" lon="8.39962269603" />
  <node id="24891" visible="true" version="1" lat="48.99972796394" lon="8.39962010152" />
  <node id="24892" visible="true" version="1" lat="48.99972851773" lon="8.39961750001" />
  <node id="24893" visible="true" version="1" lat="48.99972905153" lon="8.3996148889" />
  <node id="24894" visible="true" version="1" lat="48.99972956269" lon="8.39961226732" />
  <node id="24895" visible="true" version="1" lat="48.9997300632" lon="8.39960964095" />
  <node id="24896" visible="true" version="1" lat="48.99973057445" lon="8.39960701942" />
  <node id="24897" visible="true" version="1" lat="48.9997311136" lon="8.39960441093" />
  <node id="24898" visible="true" version="1" lat="48.99973168833" lon="8.39960182012" />
  <node id="24899" visible="true" version="1" lat="48.99973229752" lon="8.39959924751" />
  <node id="24900" visible="true" version="1" lat="48.9997329407" lon="8.39959669391" />
  <node id="24901" visible="true" version="1" lat="48.99973361947" lon="8.39959416178" />
  <node id="24902" visible="true" version="1" lat="48.99973431375" lon="8.39959163941" />
  <node id="24903" visible="true" version="1" lat="48.99973503177" lon="8.3995891323" />
  <node id="24904" visible="true" version="1" lat="48.99973575847" lon="8.39958663103" />
  <node id="24905" visible="true" version="1" lat="48.99973649392" lon="8.39958413562" />
  <node id="24906" visible="true" version="1" lat="48.99973723189" lon="8.39958164194" />
  <node id="24907" visible="true" version="1" lat="48.99973797186" lon="8.39957914962" />
  <node id="24908" visible="true" version="1" lat="48.99973870796" lon="8.39957665467" />
  <node id="24909" visible="true" version="1" lat="48.99973944117" lon="8.39957415774" />
  <node id="24910" visible="true" version="1" lat="48.99974017695" lon="8.39957166256" />
  <node id="24911" visible="true" version="1" lat="48.99974091411" lon="8.39956916832" />
  <node id="24912" visible="true" version="1" lat="48.99974168416" lon="8.39956669742" />
  <node id="24913" visible="true" version="1" lat="48.99974246867" lon="8.39956423676" />
  <node id="24914" visible="true" version="1" lat="48.99974325692" lon="8.39956177891" />
  <node id="24915" visible="true" version="1" lat="48.99974406375" lon="8.399559335" />
  <node id="24916" visible="true" version="1" lat="48.99974487059" lon="8.39955689108" />
  <node id="24917" visible="true" version="1" lat="48.99974567866" lon="8.39955444811" />
  <node id="24918" visible="true" version="1" lat="48.99974649084" lon="8.39955200828" />
  <node id="24919" visible="true" version="1" lat="48.99974730301" lon="8.39954956845" />
  <node id="24920" visible="true" version="1" lat="48.99974811386" lon="8.3995471276" />
  <node id="24921" visible="true" version="1" lat="48.99974891849" lon="8.39954468201" />
  <node id="24922" visible="true" version="1" lat="48.99974972313" lon="8.39954223642" />
  <node id="24923" visible="true" version="1" lat="48.99975052329" lon="8.39953978747" />
  <node id="24924" visible="true" version="1" lat="48.99975131234" lon="8.39953733017" />
  <node id="24925" visible="true" version="1" lat="48.99975210139" lon="8.39953487288" />
  <node id="24926" visible="true" version="1" lat="48.99975287912" lon="8.39953240729" />
  <node id="24927" visible="true" version="1" lat="48.99975365167" lon="8.39952993791" />
  <node id="24928" visible="true" version="1" lat="48.99975441884" lon="8.3995274647" />
  <node id="24929" visible="true" version="1" lat="48.99975517525" lon="8.39952498381" />
  <node id="24930" visible="true" version="1" lat="48.99975592907" lon="8.39952250112" />
  <node id="24931" visible="true" version="1" lat="48.99975667106" lon="8.39952001019" />
  <node id="24932" visible="true" version="1" lat="48.99975741109" lon="8.39951751792" />
  <node id="24933" visible="true" version="1" lat="48.99975814194" lon="8.39951501939" />
  <node id="24934" visible="true" version="1" lat="48.99975887101" lon="8.39951251967" />
  <node id="24935" visible="true" version="1" lat="48.9997595954" lon="8.39951001681" />
  <node id="24936" visible="true" version="1" lat="48.99976031947" lon="8.39950751372" />
  <node id="24937" visible="true" version="1" lat="48.99976104311" lon="8.39950501035" />
  <node id="24938" visible="true" version="1" lat="48.99976176972" lon="8.39950250898" />
  <node id="24939" visible="true" version="1" lat="48.99976249841" lon="8.39950000899" />
  <node id="24940" visible="true" version="1" lat="48.99976323421" lon="8.39949751384" />
  <node id="24941" visible="true" version="1" lat="48.99976397295" lon="8.39949502068" />
  <node id="24942" visible="true" version="1" lat="48.99976472181" lon="8.39949253452" />
  <node id="24943" visible="true" version="1" lat="48.99976547429" lon="8.39949005087" />
  <node id="24944" visible="true" version="1" lat="48.99976623667" lon="8.39948757424" />
  <node id="24945" visible="true" version="1" lat="48.99976700496" lon="8.39948510179" />
  <node id="24946" visible="true" version="1" lat="49.00030320823" lon="8.40022029631" />
  <node id="24947" visible="true" version="1" lat="49.00030191979" lon="8.40021838808" />
  <node id="24948" visible="true" version="1" lat="49.0003005935" lon="8.40021654071" />
  <node id="24949" visible="true" version="1" lat="49.00029923322" lon="8.40021475132" />
  <node id="24950" visible="true" version="1" lat="49.00029784276" lon="8.40021301633" />
  <node id="24951" visible="true" version="1" lat="49.0002964258" lon="8.40021133156" />
  <node id="24952" visible="true" version="1" lat="49.00029498587" lon="8.40020969239" />
  <node id="24953" visible="true" version="1" lat="49.00029352632" lon="8.40020809378" />
  <node id="24954" visible="true" version="1" lat="49.00029205032" lon="8.40020653043" />
  <node id="24955" visible="true" version="1" lat="49.00029056088" lon="8.40020499679" />
  <node id="24956" visible="true" version="1" lat="49.00028906079" lon="8.40020348732" />
  <node id="24957" visible="true" version="1" lat="49.0002875516" lon="8.40020199893" />
  <node id="24958" visible="true" version="1" lat="49.00028603391" lon="8.40020053065" />
  <node id="24959" visible="true" version="1" lat="49.00028450826" lon="8.40019908153" />
  <node id="24960" visible="true" version="1" lat="49.00028297519" lon="8.40019765063" />
  <node id="24961" visible="true" version="1" lat="49.00028143521" lon="8.40019623699" />
  <node id="24962" visible="true" version="1" lat="49.00027988846" lon="8.40019484049" />
  <node id="24963" visible="true" version="1" lat="49.00027833284" lon="8.40019346699" />
  <node id="24964" visible="true" version="1" lat="49.00027676535" lon="8.40019212504" />
  <node id="24965" visible="true" version="1" lat="49.00027518327" lon="8.40019082328" />
  <node id="24966" visible="true" version="1" lat="49.00027358438" lon="8.40018956985" />
  <node id="24967" visible="true" version="1" lat="49.00027196867" lon="8.40018836732" />
  <node id="24968" visible="true" version="1" lat="49.00027033738" lon="8.40018721435" />
  <node id="24969" visible="true" version="1" lat="49.00026869176" lon="8.40018610943" />
  <node id="24970" visible="true" version="1" lat="49.00026703296" lon="8.400185051" />
  <node id="24971" visible="true" version="1" lat="49.00026536164" lon="8.4001840391" />
  <node id="24972" visible="true" version="1" lat="49.00026367766" lon="8.40018307693" />
  <node id="24973" visible="true" version="1" lat="49.00026198079" lon="8.40018216853" />
  <node id="24974" visible="true" version="1" lat="49.0002602713" lon="8.40018131665" />
  <node id="24975" visible="true" version="1" lat="49.00025854948" lon="8.40018052415" />
  <node id="24976" visible="true" version="1" lat="49.00025681698" lon="8.40017978732" />
  <node id="24977" visible="true" version="1" lat="49.00025507918" lon="8.40017907975" />
  <node id="24978" visible="true" version="1" lat="49.00025334191" lon="8.4001783692" />
  <node id="24979" visible="true" version="1" lat="49.00025160816" lon="8.40017763907" />
  <node id="24980" visible="true" version="1" lat="49.0002498759" lon="8.40017690075" />
  <node id="24981" visible="true" version="1" lat="49.00024814235" lon="8.40017616952" />
  <node id="24982" visible="true" version="1" lat="49.0002464048" lon="8.40017546058" />
  <node id="24983" visible="true" version="1" lat="49.00024466097" lon="8.40017478832" />
  <node id="24984" visible="true" version="1" lat="49.00024290938" lon="8.40017416439" />
  <node id="24985" visible="true" version="1" lat="49.00024114975" lon="8.40017359514" />
  <node id="24986" visible="true" version="1" lat="49.00023938252" lon="8.40017308326" />
  <node id="24987" visible="true" version="1" lat="49.00023760805" lon="8.40017263291" />
  <node id="24988" visible="true" version="1" lat="49.00023582707" lon="8.40017224661" />
  <node id="24989" visible="true" version="1" lat="49.00023404064" lon="8.40017192348" />
  <node id="24990" visible="true" version="1" lat="49.00023224982" lon="8.4001716623" />
  <node id="24991" visible="true" version="1" lat="49.00023045567" lon="8.40017146088" />
  <node id="24992" visible="true" version="1" lat="49.00022865957" lon="8.40017130382" />
  <node id="24993" visible="true" version="1" lat="49.00022686318" lon="8.40017115437" />
  <node id="24994" visible="true" version="1" lat="49.00022506766" lon="8.40017098247" />
  <node id="24995" visible="true" version="1" lat="49.00022327208" lon="8.40017081218" />
  <node id="24996" visible="true" version="1" lat="49.00022147485" lon="8.40017068991" />
  <node id="24997" visible="true" version="1" lat="49.00021967609" lon="8.40017064397" />
  <node id="24998" visible="true" version="1" lat="49.0002178771" lon="8.40017066456" />
  <node id="24999" visible="true" version="1" lat="49.00021607865" lon="8.40017073583" />
  <node id="25000" visible="true" version="1" lat="49.00021428096" lon="8.40017084311" />
  <node id="25001" visible="true" version="1" lat="49.00021248392" lon="8.40017097299" />
  <node id="25002" visible="true" version="1" lat="49.0002106872" lon="8.4001711132" />
  <node id="25003" visible="true" version="1" lat="49.00020889056" lon="8.40017125551" />
  <node id="25004" visible="true" version="1" lat="49.00020709499" lon="8.40017142557" />
  <node id="25005" visible="true" version="1" lat="49.00020530308" lon="8.40017166765" />
  <node id="25006" visible="true" version="1" lat="49.00020351891" lon="8.4001720168" />
  <node id="25007" visible="true" version="1" lat="49.00020174771" lon="8.40017249428" />
  <node id="25008" visible="true" version="1" lat="49.00019999481" lon="8.40017310835" />
  <node id="25009" visible="true" version="1" lat="49.00019826536" lon="8.40017386052" />
  <node id="25010" visible="true" version="1" lat="49.00019656046" lon="8.40017473276" />
  <node id="25011" visible="true" version="1" lat="49.00019488048" lon="8.40017571051" />
  <node id="25012" visible="true" version="1" lat="49.00019322526" lon="8.40017678153" />
  <node id="25013" visible="true" version="1" lat="49.00019159394" lon="8.40017793424" />
  <node id="25014" visible="true" version="1" lat="49.00018998519" lon="8.40017915802" />
  <node id="25015" visible="true" version="1" lat="49.00018839729" lon="8.40018044319" />
  <node id="25016" visible="true" version="1" lat="49.00018682711" lon="8.40018177778" />
  <node id="25017" visible="true" version="1" lat="49.00018527113" lon="8.40018315035" />
  <node id="25018" visible="true" version="1" lat="49.00018372402" lon="8.40018454591" />
  <node id="25019" visible="true" version="1" lat="49.00018218262" lon="8.40018595599" />
  <node id="25020" visible="true" version="1" lat="49.00018064373" lon="8.40018737239" />
  <node id="25021" visible="true" version="1" lat="49.0001791044" lon="8.4001887877" />
  <node id="25022" visible="true" version="1" lat="49.00017756125" lon="8.40019019333" />
  <node id="25023" visible="true" version="1" lat="49.00017601331" lon="8.40019158677" />
  <node id="25024" visible="true" version="1" lat="49.00017446085" lon="8.40019296855" />
  <node id="25025" visible="true" version="1" lat="49.00017290575" lon="8.40019434344" />
  <node id="25026" visible="true" version="1" lat="49.0001713493" lon="8.40019571481" />
  <node id="25027" visible="true" version="1" lat="49.00016979314" lon="8.40019708693" />
  <node id="25028" visible="true" version="1" lat="49.00016823845" lon="8.4001984629" />
  <node id="25029" visible="true" version="1" lat="49.00016668487" lon="8.40019984177" />
  <node id="25030" visible="true" version="1" lat="49.00016513048" lon="8.40020121852" />
  <node id="25031" visible="true" version="1" lat="49.00016357357" lon="8.40020258869" />
  <node id="25032" visible="true" version="1" lat="49.00016201164" lon="8.40020394556" />
  <node id="25033" visible="true" version="1" lat="49.00016044306" lon="8.40020528459" />
  <node id="25034" visible="true" version="1" lat="49.00015886529" lon="8.40020659846" />
  <node id="25035" visible="true" version="1" lat="49.00015727484" lon="8.40020787646" />
  <node id="25036" visible="true" version="1" lat="49.00015567227" lon="8.400209119" />
  <node id="25037" visible="true" version="1" lat="49.0001540601" lon="8.40021033258" />
  <node id="25038" visible="true" version="1" lat="49.00015244174" lon="8.40021152696" />
  <node id="25039" visible="true" version="1" lat="49.00015082099" lon="8.40021271387" />
  <node id="25040" visible="true" version="1" lat="49.00014920182" lon="8.40021390574" />
  <node id="25041" visible="true" version="1" lat="49.00014758801" lon="8.40021511427" />
  <node id="25042" visible="true" version="1" lat="49.00014597909" lon="8.40021633778" />
  <node id="25043" visible="true" version="1" lat="49.00014437287" lon="8.40021756947" />
  <node id="25044" visible="true" version="1" lat="49.00014276729" lon="8.40021880309" />
  <node id="25045" visible="true" version="1" lat="49.00014116032" lon="8.40022003249" />
  <node id="25046" visible="true" version="1" lat="49.00013954983" lon="8.40022125125" />
  <node id="25047" visible="true" version="1" lat="49.00013793388" lon="8.40022245316" />
  <node id="25048" visible="true" version="1" lat="49.00013631236" lon="8.4002236376" />
  <node id="25049" visible="true" version="1" lat="49.00013468528" lon="8.40022480431" />
  <node id="25050" visible="true" version="1" lat="49.00013305265" lon="8.40022595297" />
  <node id="25051" visible="true" version="1" lat="49.0001314145" lon="8.40022708334" />
  <node id="25052" visible="true" version="1" lat="49.00012977087" lon="8.40022819517" />
  <node id="25053" visible="true" version="1" lat="49.00012812172" lon="8.40022928793" />
  <node id="25054" visible="true" version="1" lat="49.00012646687" lon="8.40023036062" />
  <node id="25055" visible="true" version="1" lat="49.00012480613" lon="8.40023141208" />
  <node id="25056" visible="true" version="1" lat="49.0001231393" lon="8.40023244103" />
  <node id="25057" visible="true" version="1" lat="49.00012146619" lon="8.40023344617" />
  <node id="25058" visible="true" version="1" lat="49.00011978639" lon="8.40023442519" />
  <node id="25059" visible="true" version="1" lat="49.00011809991" lon="8.40023537731" />
  <node id="25060" visible="true" version="1" lat="49.0001164066" lon="8.40023630098" />
  <node id="25061" visible="true" version="1" lat="49.00011470632" lon="8.40023719455" />
  <node id="25062" visible="true" version="1" lat="49.00011299858" lon="8.4002380547" />
  <node id="25063" visible="true" version="1" lat="49.00011128344" lon="8.40023888004" />
  <node id="25064" visible="true" version="1" lat="49.00010956101" lon="8.40023966961" />
  <node id="25065" visible="true" version="1" lat="49.0001078319" lon="8.40024042468" />
  <node id="25066" visible="true" version="1" lat="49.00010609807" lon="8.40024115439" />
  <node id="25067" visible="true" version="1" lat="49.00010436083" lon="8.40024186511" />
  <node id="25068" visible="true" version="1" lat="49.00010262196" lon="8.40024256657" />
  <node id="25069" visible="true" version="1" lat="49.00010088297" lon="8.40024326739" />
  <node id="25070" visible="true" version="1" lat="49.00009914445" lon="8.40024397087" />
  <node id="25071" visible="true" version="1" lat="49.0000974056" lon="8.40024467247" />
  <node id="25072" visible="true" version="1" lat="49.00009566555" lon="8.40024536714" />
  <node id="25073" visible="true" version="1" lat="49.00009392329" lon="8.40024604887" />
  <node id="25074" visible="true" version="1" lat="49.00009217801" lon="8.40024671251" />
  <node id="25075" visible="true" version="1" lat="49.00009042869" lon="8.40024735114" />
  <node id="25076" visible="true" version="1" lat="49.00008867448" lon="8.40024795787" />
  <node id="25077" visible="true" version="1" lat="49.00008691473" lon="8.40024852635" />
  <node id="25078" visible="true" version="1" lat="49.00008514968" lon="8.40024905556" />
  <node id="25079" visible="true" version="1" lat="49.00008338057" lon="8.40024955248" />
  <node id="25080" visible="true" version="1" lat="49.00008160847" lon="8.40025002416" />
  <node id="25081" visible="true" version="1" lat="49.00007983437" lon="8.40025047823" />
  <node id="25082" visible="true" version="1" lat="49.00007805922" lon="8.40025092278" />
  <node id="25083" visible="true" version="1" lat="49.00007628361" lon="8.40025136294" />
  <node id="25084" visible="true" version="1" lat="49.00007450771" lon="8.40025180052" />
  <node id="25085" visible="true" version="1" lat="49.00007273172" lon="8.40025223716" />
  <node id="25086" visible="true" version="1" lat="49.00007095579" lon="8.40025267446" />
  <node id="25087" visible="true" version="1" lat="49.00006918012" lon="8.40025311412" />
  <node id="25088" visible="true" version="1" lat="49.00006740489" lon="8.40025355781" />
  <node id="25089" visible="true" version="1" lat="49.00006563024" lon="8.40025400696" />
  <node id="25090" visible="true" version="1" lat="49.00006385591" lon="8.40025445892" />
  <node id="25091" visible="true" version="1" lat="49.00006208104" lon="8.40025490597" />
  <node id="25092" visible="true" version="1" lat="49.00006030474" lon="8.40025533969" />
  <node id="25093" visible="true" version="1" lat="49.0000585261" lon="8.40025575065" />
  <node id="25094" visible="true" version="1" lat="49.00005674439" lon="8.40025612952" />
  <node id="25095" visible="true" version="1" lat="49.00005495897" lon="8.40025646544" />
  <node id="25096" visible="true" version="1" lat="49.00005316958" lon="8.40025674843" />
  <node id="25097" visible="true" version="1" lat="49.00005137703" lon="8.40025698057" />
  <node id="25098" visible="true" version="1" lat="49.0000495823" lon="8.40025717035" />
  <node id="25099" visible="true" version="1" lat="49.00004778621" lon="8.4002573277" />
  <node id="25100" visible="true" version="1" lat="49.00004598936" lon="8.40025746364" />
  <node id="25101" visible="true" version="1" lat="49.0000441922" lon="8.40025758997" />
  <node id="25102" visible="true" version="1" lat="49.00004239512" lon="8.40025771879" />
  <node id="25103" visible="true" version="1" lat="49.00004059834" lon="8.40025785725" />
  <node id="25104" visible="true" version="1" lat="49.00003880189" lon="8.40025800506" />
  <node id="25105" visible="true" version="1" lat="49.00003700576" lon="8.4002581614" />
  <node id="25106" visible="true" version="1" lat="49.00003520992" lon="8.40025832545" />
  <node id="25107" visible="true" version="1" lat="49.00003341436" lon="8.40025849642" />
  <node id="25108" visible="true" version="1" lat="49.00003161906" lon="8.40025867354" />
  <node id="25109" visible="true" version="1" lat="49.00002982399" lon="8.40025885603" />
  <node id="25110" visible="true" version="1" lat="49.00002802912" lon="8.40025904315" />
  <node id="25111" visible="true" version="1" lat="49.00002623442" lon="8.40025923384" />
  <node id="25112" visible="true" version="1" lat="49.00002443972" lon="8.40025942446" />
  <node id="25113" visible="true" version="1" lat="49.00002264478" lon="8.40025960992" />
  <node id="25114" visible="true" version="1" lat="49.0000208494" lon="8.40025978506" />
  <node id="25115" visible="true" version="1" lat="49.00001905338" lon="8.40025994437" />
  <node id="25116" visible="true" version="1" lat="49.00001725659" lon="8.40026008227" />
  <node id="25117" visible="true" version="1" lat="49.00001545899" lon="8.40026019282" />
  <node id="25118" visible="true" version="1" lat="49.00001366064" lon="8.4002602696" />
  <node id="25119" visible="true" version="1" lat="49.00001186174" lon="8.4002603057" />
  <node id="25120" visible="true" version="1" lat="49.0000100627" lon="8.40026029352" />
  <node id="25121" visible="true" version="1" lat="49.00000826415" lon="8.40026022858" />
  <node id="25122" visible="true" version="1" lat="49.00000646633" lon="8.40026012656" />
  <node id="25123" visible="true" version="1" lat="49.00000466892" lon="8.4002600088" />
  <node id="25124" visible="true" version="1" lat="49.00000287135" lon="8.40025989692" />
  <node id="25125" visible="true" version="1" lat="49.00000107342" lon="8.40025979944" />
  <node id="25126" visible="true" version="1" lat="48.99999927538" lon="8.4002597063" />
  <node id="25127" visible="true" version="1" lat="48.99999747751" lon="8.40025960612" />
  <node id="25128" visible="true" version="1" lat="48.9999956801" lon="8.4002594885" />
  <node id="25129" visible="true" version="1" lat="48.99999388329" lon="8.40025935118" />
  <node id="25130" visible="true" version="1" lat="48.99999208718" lon="8.40025919415" />
  <node id="25131" visible="true" version="1" lat="48.99999029187" lon="8.40025901749" />
  <node id="25132" visible="true" version="1" lat="48.9999884974" lon="8.40025882185" />
  <node id="25133" visible="true" version="1" lat="48.99998670388" lon="8.40025860715" />
  <node id="25134" visible="true" version="1" lat="48.99998491085" lon="8.40025838304" />
  <node id="25135" visible="true" version="1" lat="48.99998311701" lon="8.40025817462" />
  <node id="25136" visible="true" version="1" lat="48.99998132323" lon="8.40025796526" />
  <node id="25137" visible="true" version="1" lat="48.99997953462" lon="8.40025767285" />
  <node id="25138" visible="true" version="1" lat="48.99997775468" lon="8.40025727571" />
  <node id="25139" visible="true" version="1" lat="48.99997597923" lon="8.40025683399" />
  <node id="25140" visible="true" version="1" lat="48.99997420184" lon="8.40025641089" />
  <node id="25141" visible="true" version="1" lat="48.99997242139" lon="8.40025601845" />
  <node id="25142" visible="true" version="1" lat="48.99997064318" lon="8.40025560353" />
  <node id="25143" visible="true" version="1" lat="48.99996887283" lon="8.40025511739" />
  <node id="25144" visible="true" version="1" lat="48.9999671113" lon="8.40025456193" />
  <node id="25145" visible="true" version="1" lat="48.99996535703" lon="8.40025395564" />
  <node id="25146" visible="true" version="1" lat="48.99996360711" lon="8.40025332078" />
  <node id="25147" visible="true" version="1" lat="48.99996185831" lon="8.4002526789" />
  <node id="25148" visible="true" version="1" lat="48.99996010803" lon="8.40025204632" />
  <node id="25149" visible="true" version="1" lat="48.99995835731" lon="8.40025141664" />
  <node id="25150" visible="true" version="1" lat="48.99995660789" lon="8.4002507786" />
  <node id="25151" visible="true" version="1" lat="48.99995486174" lon="8.40025012028" />
  <node id="25152" visible="true" version="1" lat="48.99995312098" lon="8.40024942982" />
  <node id="25153" visible="true" version="1" lat="48.99995138809" lon="8.40024869514" />
  <node id="25154" visible="true" version="1" lat="48.99994966598" lon="8.40024790412" />
  <node id="25155" visible="true" version="1" lat="48.99994795576" lon="8.40024705556" />
  <node id="25156" visible="true" version="1" lat="48.99994625575" lon="8.40024616082" />
  <node id="25157" visible="true" version="1" lat="48.99994456384" lon="8.40024523122" />
  <node id="25158" visible="true" version="1" lat="48.99994287753" lon="8.4002442784" />
  <node id="25159" visible="true" version="1" lat="48.999941194" lon="8.40024331424" />
  <node id="25160" visible="true" version="1" lat="48.99993951032" lon="8.40024235072" />
  <node id="25161" visible="true" version="1" lat="48.99993782392" lon="8.40024139828" />
  <node id="25162" visible="true" version="1" lat="48.99993613455" lon="8.40024045804" />
  <node id="25163" visible="true" version="1" lat="48.99993444271" lon="8.40023952812" />
  <node id="25164" visible="true" version="1" lat="48.99993274886" lon="8.40023860668" />
  <node id="25165" visible="true" version="1" lat="48.99993105345" lon="8.40023769187" />
  <node id="25166" visible="true" version="1" lat="48.99992935693" lon="8.40023678189" />
  <node id="25167" visible="true" version="1" lat="48.99992765971" lon="8.40023587488" />
  <node id="25168" visible="true" version="1" lat="48.99992596222" lon="8.40023496902" />
  <node id="25169" visible="true" version="1" lat="48.9999242649" lon="8.40023406247" />
  <node id="25170" visible="true" version="1" lat="48.99992256815" lon="8.40023315343" />
  <node id="25171" visible="true" version="1" lat="48.99992087241" lon="8.40023224008" />
  <node id="25172" visible="true" version="1" lat="48.9999191781" lon="8.4002313206" />
  <node id="25173" visible="true" version="1" lat="48.99991748563" lon="8.40023039335" />
  <node id="25174" visible="true" version="1" lat="48.99991579511" lon="8.40022945788" />
  <node id="25175" visible="true" version="1" lat="48.99991410666" lon="8.40022851383" />
  <node id="25176" visible="true" version="1" lat="48.9999124204" lon="8.40022756078" />
  <node id="25177" visible="true" version="1" lat="48.99991073645" lon="8.40022659836" />
  <node id="25178" visible="true" version="1" lat="48.99990905492" lon="8.40022562622" />
  <node id="25179" visible="true" version="1" lat="48.99990737594" lon="8.40022464391" />
  <node id="25180" visible="true" version="1" lat="48.99990569967" lon="8.400223651" />
  <node id="25181" visible="true" version="1" lat="48.99990402622" lon="8.40022264716" />
  <node id="25182" visible="true" version="1" lat="48.99990235589" lon="8.40022163136" />
  <node id="25183" visible="true" version="1" lat="48.99990068919" lon="8.40022060194" />
  <node id="25184" visible="true" version="1" lat="48.99989902664" lon="8.40021955711" />
  <node id="25185" visible="true" version="1" lat="48.9998973688" lon="8.40021849512" />
  <node id="25186" visible="true" version="1" lat="48.99989571627" lon="8.40021741419" />
  <node id="25187" visible="true" version="1" lat="48.99989406968" lon="8.40021631254" />
  <node id="25188" visible="true" version="1" lat="48.99989242973" lon="8.40021518822" />
  <node id="25189" visible="true" version="1" lat="48.99989079709" lon="8.40021403959" />
  <node id="25190" visible="true" version="1" lat="48.9998891725" lon="8.40021286493" />
  <node id="25191" visible="true" version="1" lat="48.9998875558" lon="8.40021166535" />
  <node id="25192" visible="true" version="1" lat="48.99988594588" lon="8.4002104449" />
  <node id="25193" visible="true" version="1" lat="48.99988434148" lon="8.40020920778" />
  <node id="25194" visible="true" version="1" lat="48.99988274126" lon="8.4002079582" />
  <node id="25195" visible="true" version="1" lat="48.99988114382" lon="8.40020670041" />
  <node id="25196" visible="true" version="1" lat="48.99987954775" lon="8.40020543863" />
  <node id="25197" visible="true" version="1" lat="48.9998779516" lon="8.40020417707" />
  <node id="25198" visible="true" version="1" lat="48.99987635414" lon="8.40020291934" />
  <node id="25199" visible="true" version="1" lat="48.9998747554" lon="8.40020166539" />
  <node id="25200" visible="true" version="1" lat="48.99987315587" lon="8.40020041375" />
  <node id="25201" visible="true" version="1" lat="48.99987155607" lon="8.40019916293" />
  <node id="25202" visible="true" version="1" lat="48.9998699565" lon="8.40019791143" />
  <node id="25203" visible="true" version="1" lat="48.99986835766" lon="8.40019665776" />
  <node id="25204" visible="true" version="1" lat="48.99986676007" lon="8.40019540043" />
  <node id="25205" visible="true" version="1" lat="48.99986516423" lon="8.40019413797" />
  <node id="25206" visible="true" version="1" lat="48.99986357068" lon="8.40019286883" />
  <node id="25207" visible="true" version="1" lat="48.99986197994" lon="8.40019159158" />
  <node id="25208" visible="true" version="1" lat="48.99986039257" lon="8.40019030469" />
  <node id="25209" visible="true" version="1" lat="48.99985880912" lon="8.40018900672" />
  <node id="25210" visible="true" version="1" lat="48.99985723017" lon="8.40018769614" />
  <node id="25211" visible="true" version="1" lat="48.9998556563" lon="8.40018637148" />
  <node id="25212" visible="true" version="1" lat="48.999854088" lon="8.40018503169" />
  <node id="25213" visible="true" version="1" lat="48.99985252508" lon="8.40018367745" />
  <node id="25214" visible="true" version="1" lat="48.99985096713" lon="8.40018231002" />
  <node id="25215" visible="true" version="1" lat="48.99984941376" lon="8.40018093064" />
  <node id="25216" visible="true" version="1" lat="48.99984786453" lon="8.40017954053" />
  <node id="25217" visible="true" version="1" lat="48.99984631898" lon="8.40017814098" />
  <node id="25218" visible="true" version="1" lat="48.99984477668" lon="8.40017673318" />
  <node id="25219" visible="true" version="1" lat="48.99984323715" lon="8.40017531841" />
  <node id="25220" visible="true" version="1" lat="48.99984169992" lon="8.40017389785" />
  <node id="25221" visible="true" version="1" lat="48.9998401645" lon="8.40017247276" />
  <node id="25222" visible="true" version="1" lat="48.99983863043" lon="8.40017104436" />
  <node id="25223" visible="true" version="1" lat="48.99983709719" lon="8.40016961388" />
  <node id="25224" visible="true" version="1" lat="48.9998355643" lon="8.40016818251" />
  <node id="25225" visible="true" version="1" lat="48.99983403138" lon="8.40016675125" />
  <node id="25226" visible="true" version="1" lat="48.99983249867" lon="8.40016531945" />
  <node id="25227" visible="true" version="1" lat="48.99983096669" lon="8.40016388587" />
  <node id="25228" visible="true" version="1" lat="48.99982943595" lon="8.40016244922" />
  <node id="25229" visible="true" version="1" lat="48.99982790697" lon="8.40016100823" />
  <node id="25230" visible="true" version="1" lat="48.99982638028" lon="8.40015956166" />
  <node id="25231" visible="true" version="1" lat="48.99982485641" lon="8.40015810825" />
  <node id="25232" visible="true" version="1" lat="48.9998233359" lon="8.40015664672" />
  <node id="25233" visible="true" version="1" lat="48.9998218193" lon="8.40015517585" />
  <node id="25234" visible="true" version="1" lat="48.99982030717" lon="8.40015369438" />
  <node id="25235" visible="true" version="1" lat="48.99981880008" lon="8.40015220109" />
  <node id="25236" visible="true" version="1" lat="48.9998172984" lon="8.40015069527" />
  <node id="25237" visible="true" version="1" lat="48.99981580157" lon="8.40014917832" />
  <node id="25238" visible="true" version="1" lat="48.99981430881" lon="8.40014765215" />
  <node id="25239" visible="true" version="1" lat="48.99981281928" lon="8.40014611871" />
  <node id="25240" visible="true" version="1" lat="48.99981133216" lon="8.40014457987" />
  <node id="25241" visible="true" version="1" lat="48.9998098466" lon="8.40014303755" />
  <node id="25242" visible="true" version="1" lat="48.99980836175" lon="8.40014149363" />
  <node id="25243" visible="true" version="1" lat="48.99980687678" lon="8.40013995001" />
  <node id="25244" visible="true" version="1" lat="48.99980539082" lon="8.40013840858" />
  <node id="25245" visible="true" version="1" lat="48.99980390303" lon="8.40013687124" />
  <node id="25246" visible="true" version="1" lat="48.99980241256" lon="8.40013533989" />
  <node id="25247" visible="true" version="1" lat="48.9998009186" lon="8.40013381643" />
  <node id="25248" visible="true" version="1" lat="48.99979942033" lon="8.40013230279" />
  <node id="25249" visible="true" version="1" lat="48.99979791752" lon="8.40013079957" />
  <node id="25250" visible="true" version="1" lat="48.99979641467" lon="8.40012929643" />
  <node id="25251" visible="true" version="1" lat="48.99979491882" lon="8.40012777729" />
  <node id="25252" visible="true" version="1" lat="48.99979343725" lon="8.40012622621" />
  <node id="25253" visible="true" version="1" lat="48.99979197772" lon="8.40012462763" />
  <node id="25254" visible="true" version="1" lat="48.99979054866" lon="8.40012296678" />
  <node id="25255" visible="true" version="1" lat="48.99978915919" lon="8.40012123014" />
  <node id="25256" visible="true" version="1" lat="48.99978781915" lon="8.40011940608" />
  <node id="25257" visible="true" version="1" lat="48.99978652837" lon="8.40011750147" />
  <node id="25258" visible="true" version="1" lat="48.99978522536" lon="8.40011561618" />
  <node id="25259" visible="true" version="1" lat="48.99978390474" lon="8.40011375933" />
  <node id="25260" visible="true" version="1" lat="48.99978258281" lon="8.40011190464" />
  <node id="25261" visible="true" version="1" lat="48.99978127583" lon="8.40011002569" />
  <node id="25262" visible="true" version="1" lat="48.99978000043" lon="8.40010809736" />
  <node id="25263" visible="true" version="1" lat="48.99977877372" lon="8.40010609754" />
  <node id="25264" visible="true" version="1" lat="48.99977761224" lon="8.40010400984" />
  <node id="25265" visible="true" version="1" lat="48.99977651561" lon="8.40010184247" />
  <node id="25266" visible="true" version="1" lat="48.9997754681" lon="8.40009961957" />
  <node id="25267" visible="true" version="1" lat="48.9997744536" lon="8.4000973615" />
  <node id="25268" visible="true" version="1" lat="48.99977345646" lon="8.40009508561" />
  <node id="25269" visible="true" version="1" lat="48.99977246585" lon="8.40009280313" />
  <node id="25270" visible="true" version="1" lat="48.99977149491" lon="8.40009050127" />
  <node id="25271" visible="true" version="1" lat="48.99977056269" lon="8.40008816279" />
  <node id="25272" visible="true" version="1" lat="48.99976966673" lon="8.4000857917" />
  <node id="25273" visible="true" version="1" lat="48.99976878216" lon="8.40008341073" />
  <node id="25274" visible="true" version="1" lat="48.99976789501" lon="8.40008103197" />
  <node id="25275" visible="true" version="1" lat="48.99976701878" lon="8.40007864391" />
  <node id="25276" visible="true" version="1" lat="48.99976617103" lon="8.40007623227" />
  <node id="25277" visible="true" version="1" lat="48.99976536898" lon="8.40007378487" />
  <node id="25278" visible="true" version="1" lat="48.99976462021" lon="8.40007129877" />
  <node id="25279" visible="true" version="1" lat="48.99976392511" lon="8.40006877694" />
  <node id="25280" visible="true" version="1" lat="48.9997632817" lon="8.40006622359" />
  <node id="25281" visible="true" version="1" lat="48.99976268979" lon="8.40006364161" />
  <node id="25282" visible="true" version="1" lat="48.99976213619" lon="8.40006104" />
  <node id="25283" visible="true" version="1" lat="48.99976159885" lon="8.4000584305" />
  <node id="25284" visible="true" version="1" lat="48.99976106314" lon="8.40005582022" />
  <node id="25285" visible="true" version="1" lat="48.99976052457" lon="8.40005321131" />
  <node id="25286" visible="true" version="1" lat="48.99975997955" lon="8.40005060549" />
  <node id="25287" visible="true" version="1" lat="48.99975942458" lon="8.40004800453" />
  <node id="25288" visible="true" version="1" lat="48.99975885599" lon="8.40004541039" />
  <node id="25289" visible="true" version="1" lat="48.99975826979" lon="8.40004282531" />
  <node id="25290" visible="true" version="1" lat="48.9997576626" lon="8.40004025146" />
  <node id="25291" visible="true" version="1" lat="48.99975703576" lon="8.4000376885" />
  <node id="25292" visible="true" version="1" lat="48.99975639141" lon="8.40003513559" />
  <node id="25293" visible="true" version="1" lat="48.99975573174" lon="8.40003259173" />
  <node id="25294" visible="true" version="1" lat="48.99975505967" lon="8.40003005538" />
  <node id="25295" visible="true" version="1" lat="48.99975437764" lon="8.40002752518" />
  <node id="25296" visible="true" version="1" lat="48.99975368845" lon="8.40002499945" />
  <node id="25297" visible="true" version="1" lat="48.99975299497" lon="8.40002247645" />
  <node id="25298" visible="true" version="1" lat="48.99975229994" lon="8.40001995442" />
  <node id="25299" visible="true" version="1" lat="48.99975160572" lon="8.40001743188" />
  <node id="25300" visible="true" version="1" lat="48.99975091426" lon="8.40001490759" />
  <node id="25301" visible="true" version="1" lat="48.99975022742" lon="8.40001238039" />
  <node id="25302" visible="true" version="1" lat="48.99974954702" lon="8.40000984917" />
  <node id="25303" visible="true" version="1" lat="48.99974887505" lon="8.40000731275" />
  <node id="25304" visible="true" version="1" lat="48.99974821304" lon="8.4000047703" />
  <node id="25305" visible="true" version="1" lat="48.99974756297" lon="8.40000222074" />
  <node id="25306" visible="true" version="1" lat="48.99974692636" lon="8.39999966334" />
  <node id="25307" visible="true" version="1" lat="48.99974630468" lon="8.39999709749" />
  <node id="25308" visible="true" version="1" lat="48.99974569972" lon="8.39999452241" />
  <node id="25309" visible="true" version="1" lat="48.99974511272" lon="8.39999193775" />
  <node id="25310" visible="true" version="1" lat="48.99974454376" lon="8.39998934379" />
  <node id="25311" visible="true" version="1" lat="48.9997439892" lon="8.39998674264" />
  <node id="25312" visible="true" version="1" lat="48.99974344459" lon="8.39998413662" />
  <node id="25313" visible="true" version="1" lat="48.99974290534" lon="8.39998152803" />
  <node id="25314" visible="true" version="1" lat="48.9997423671" lon="8.39997891896" />
  <node id="25315" visible="true" version="1" lat="48.99974182562" lon="8.39997631144" />
  <node id="25316" visible="true" version="1" lat="48.99974127651" lon="8.39997370761" />
  <node id="25317" visible="true" version="1" lat="48.99974071507" lon="8.39997110986" />
  <node id="25318" visible="true" version="1" lat="48.99974013835" lon="8.39996851986" />
  <node id="25319" visible="true" version="1" lat="48.99973955049" lon="8.39996593564" />
  <node id="25320" visible="true" version="1" lat="48.99973895837" lon="8.39996335367" />
  <node id="25321" visible="true" version="1" lat="48.99973836919" lon="8.39996077015" />
  <node id="25322" visible="true" version="1" lat="48.9997377899" lon="8.39995818147" />
  <node id="25323" visible="true" version="1" lat="48.99973722717" lon="8.39995558438" />
  <node id="25324" visible="true" version="1" lat="48.99973668771" lon="8.39995297592" />
  <node id="25325" visible="true" version="1" lat="48.99973617726" lon="8.39995035402" />
  <node id="25326" visible="true" version="1" lat="48.99973570078" lon="8.39994771742" />
  <node id="25327" visible="true" version="1" lat="48.99973526252" lon="8.39994506555" />
  <node id="25328" visible="true" version="1" lat="48.99973486208" lon="8.39994239989" />
  <node id="25329" visible="true" version="1" lat="48.99973449205" lon="8.39993972408" />
  <node id="25330" visible="true" version="1" lat="48.99973414504" lon="8.39993704113" />
  <node id="25331" visible="true" version="1" lat="48.99973381436" lon="8.39993435341" />
  <node id="25332" visible="true" version="1" lat="48.99973349385" lon="8.39993166285" />
  <node id="25333" visible="true" version="1" lat="48.99973317768" lon="8.3999289711" />
  <node id="25334" visible="true" version="1" lat="48.99973286009" lon="8.39992627973" />
  <node id="25335" visible="true" version="1" lat="48.99973253873" lon="8.3999235894" />
  <node id="25336" visible="true" version="1" lat="48.99973221981" lon="8.39992089839" />
  <node id="25337" visible="true" version="1" lat="48.99973191067" lon="8.39991820476" />
  <node id="25338" visible="true" version="1" lat="48.99973161827" lon="8.39991550683" />
  <node id="25339" visible="true" version="1" lat="48.99973134892" lon="8.39991280337" />
  <node id="25340" visible="true" version="1" lat="48.999731108" lon="8.39991009373" />
  <node id="25341" visible="true" version="1" lat="48.99973090112" lon="8.3999073776" />
  <node id="25342" visible="true" version="1" lat="48.99973072739" lon="8.39990465611" />
  <node id="25343" visible="true" version="1" lat="48.99973057983" lon="8.39990193104" />
  <node id="25344" visible="true" version="1" lat="48.99973045283" lon="8.39989920356" />
  <node id="25345" visible="true" version="1" lat="48.99973033928" lon="8.39989647471" />
  <node id="25346" visible="true" version="1" lat="48.9997302343" lon="8.39989374506" />
  <node id="25347" visible="true" version="1" lat="48.99973013242" lon="8.39989101514" />
  <node id="25348" visible="true" version="1" lat="48.99973002866" lon="8.39988828539" />
  <node id="25349" visible="true" version="1" lat="48.99972991782" lon="8.39988555628" />
  <node id="25350" visible="true" version="1" lat="48.9997297958" lon="8.39988282827" />
  <node id="25351" visible="true" version="1" lat="48.99972966351" lon="8.39988010137" />
  <node id="25352" visible="true" version="1" lat="48.99972952446" lon="8.39987737524" />
  <node id="25353" visible="true" version="1" lat="48.99972938178" lon="8.39987464955" />
  <node id="25354" visible="true" version="1" lat="48.9997292391" lon="8.39987192385" />
  <node id="25355" visible="true" version="1" lat="48.9997290998" lon="8.39986919775" />
  <node id="25356" visible="true" version="1" lat="48.99972896715" lon="8.39986647089" />
  <node id="25357" visible="true" version="1" lat="48.99972884204" lon="8.3998637432" />
  <node id="25358" visible="true" version="1" lat="48.99972872518" lon="8.39986101467" />
  <node id="25359" visible="true" version="1" lat="48.9997286162" lon="8.39985828539" />
  <node id="25360" visible="true" version="1" lat="48.99972851569" lon="8.39985555536" />
  <node id="25361" visible="true" version="1" lat="48.99972842345" lon="8.39985282465" />
  <node id="25362" visible="true" version="1" lat="48.99972833992" lon="8.39985009329" />
  <node id="25363" visible="true" version="1" lat="48.99972826491" lon="8.39984736136" />
  <node id="25364" visible="true" version="1" lat="48.99972819888" lon="8.3998446289" />
  <node id="25365" visible="true" version="1" lat="48.99972814148" lon="8.39984189599" />
  <node id="25366" visible="true" version="1" lat="48.99972809338" lon="8.39983916266" />
  <node id="25367" visible="true" version="1" lat="48.99972805402" lon="8.39983642901" />
  <node id="25368" visible="true" version="1" lat="48.999728024" lon="8.39983369509" />
  <node id="25369" visible="true" version="1" lat="48.99972800304" lon="8.39983096097" />
  <node id="25370" visible="true" version="1" lat="48.99972799113" lon="8.39982822673" />
  <node id="25371" visible="true" version="1" lat="48.99972798836" lon="8.39982549242" />
  <node id="25372" visible="true" version="1" lat="48.99972799383" lon="8.39982275813" />
  <node id="25373" visible="true" version="1" lat="48.99972800725" lon="8.3998200239" />
  <node id="25374" visible="true" version="1" lat="48.99972802837" lon="8.39981728978" />
  <node id="25375" visible="true" version="1" lat="48.99972805651" lon="8.39981455581" />
  <node id="25376" visible="true" version="1" lat="48.99972809127" lon="8.39981182202" />
  <node id="25377" visible="true" version="1" lat="48.99972813268" lon="8.39980908844" />
  <node id="25378" visible="true" version="1" lat="48.99972818" lon="8.39980635508" />
  <node id="25379" visible="true" version="1" lat="48.99972823291" lon="8.39980362195" />
  <node id="25380" visible="true" version="1" lat="48.99972829117" lon="8.39980088908" />
  <node id="25381" visible="true" version="1" lat="48.99972835461" lon="8.39979815647" />
  <node id="25382" visible="true" version="1" lat="48.99972842269" lon="8.39979542412" />
  <node id="25383" visible="true" version="1" lat="48.99972849518" lon="8.39979269204" />
  <node id="25384" visible="true" version="1" lat="48.99972857177" lon="8.39978996021" />
  <node id="25385" visible="true" version="1" lat="48.99972865227" lon="8.39978722864" />
  <node id="25386" visible="true" version="1" lat="48.9997287362" lon="8.39978449731" />
  <node id="25387" visible="true" version="1" lat="48.99972882317" lon="8.3997817662" />
  <node id="25388" visible="true" version="1" lat="48.9997289128" lon="8.39977903529" />
  <node id="25389" visible="true" version="1" lat="48.99972900478" lon="8.39977630456" />
  <node id="25390" visible="true" version="1" lat="48.99972909876" lon="8.39977357398" />
  <node id="25391" visible="true" version="1" lat="48.99972919443" lon="8.39977084354" />
  <node id="25392" visible="true" version="1" lat="48.99972929141" lon="8.39976811321" />
  <node id="25393" visible="true" version="1" lat="48.99972938935" lon="8.39976538296" />
  <node id="25394" visible="true" version="1" lat="48.99972948795" lon="8.39976265276" />
  <node id="25395" visible="true" version="1" lat="48.99972958689" lon="8.39975992259" />
  <node id="25396" visible="true" version="1" lat="48.99972968734" lon="8.39975719255" />
  <node id="25397" visible="true" version="1" lat="48.9997297938" lon="8.39975446303" />
  <node id="25398" visible="true" version="1" lat="48.999729911" lon="8.39975173454" />
  <node id="25399" visible="true" version="1" lat="48.99973004323" lon="8.39974900764" />
  <node id="25400" visible="true" version="1" lat="48.99973019427" lon="8.39974628301" />
  <node id="25401" visible="true" version="1" lat="48.99973036721" lon="8.39974356139" />
  <node id="25402" visible="true" version="1" lat="48.99973056444" lon="8.3997408436" />
  <node id="25403" visible="true" version="1" lat="48.99973078765" lon="8.39973813046" />
  <node id="25404" visible="true" version="1" lat="48.99973103778" lon="8.39973542275" />
  <node id="25405" visible="true" version="1" lat="48.9997313151" lon="8.39973272116" />
  <node id="25406" visible="true" version="1" lat="48.99973161901" lon="8.39973002618" />
  <node id="25407" visible="true" version="1" lat="48.99973194898" lon="8.39972733827" />
  <node id="25408" visible="true" version="1" lat="48.99973230067" lon="8.39972465674" />
  <node id="25409" visible="true" version="1" lat="48.99973267131" lon="8.39972198111" />
  <node id="25410" visible="true" version="1" lat="48.99973306104" lon="8.39971931174" />
  <node id="25411" visible="true" version="1" lat="48.9997334663" lon="8.39971664772" />
  <node id="25412" visible="true" version="1" lat="48.99973388647" lon="8.39971398904" />
  <node id="25413" visible="true" version="1" lat="48.99973432013" lon="8.39971133537" />
  <node id="25414" visible="true" version="1" lat="48.9997347661" lon="8.39970868641" />
  <node id="25415" visible="true" version="1" lat="48.99973522316" lon="8.39970604182" />
  <node id="25416" visible="true" version="1" lat="48.99973569054" lon="8.3997034014" />
  <node id="25417" visible="true" version="1" lat="48.99973616639" lon="8.39970076447" />
  <node id="25418" visible="true" version="1" lat="48.99973665124" lon="8.39969813133" />
  <node id="25419" visible="true" version="1" lat="48.99973714286" lon="8.3996955011" />
  <node id="25420" visible="true" version="1" lat="48.99973764128" lon="8.39969287382" />
  <node id="25421" visible="true" version="1" lat="48.99973814582" lon="8.39969024923" />
  <node id="25422" visible="true" version="1" lat="48.99973865495" lon="8.3996876267" />
  <node id="25423" visible="true" version="1" lat="48.99973916738" lon="8.39968500565" />
  <node id="25424" visible="true" version="1" lat="48.99973968085" lon="8.39968238508" />
  <node id="25425" visible="true" version="1" lat="48.99974019354" lon="8.39967976415" />
  <node id="25426" visible="true" version="1" lat="48.99974070324" lon="8.39967714187" />
  <node id="25427" visible="true" version="1" lat="48.99974120819" lon="8.39967451747" />
  <node id="25428" visible="true" version="1" lat="48.99974170965" lon="8.39967189152" />
  <node id="25429" visible="true" version="1" lat="48.9997422128" lon="8.39966926633" />
  <node id="25430" visible="true" version="1" lat="48.99974272306" lon="8.39966664431" />
  <node id="25431" visible="true" version="1" lat="48.99974324457" lon="8.39966402741" />
  <node id="25432" visible="true" version="1" lat="48.99974378362" lon="8.39966141874" />
  <node id="25433" visible="true" version="1" lat="48.99974434151" lon="8.39965881925" />
  <node id="25434" visible="true" version="1" lat="48.99974491944" lon="8.3996562299" />
  <node id="25435" visible="true" version="1" lat="48.99974551843" lon="8.39965365163" />
  <node id="25436" visible="true" version="1" lat="48.99974613762" lon="8.3996510844" />
  <node id="25437" visible="true" version="1" lat="48.99974677279" lon="8.39964852618" />
  <node id="25438" visible="true" version="1" lat="48.9997474194" lon="8.39964597458" />
  <node id="25439" visible="true" version="1" lat="48.99974807366" lon="8.39964342749" />
  <node id="25440" visible="true" version="1" lat="48.99974873247" lon="8.39964088311" />
  <node id="25441" visible="true" version="1" lat="48.99974939295" lon="8.39963833973" />
  <node id="25442" visible="true" version="1" lat="48.99975005247" lon="8.39963579577" />
  <node id="25443" visible="true" version="1" lat="48.99975070777" lon="8.39963324929" />
  <node id="25444" visible="true" version="1" lat="48.99975134997" lon="8.39963069514" />
  <node id="25445" visible="true" version="1" lat="48.99975196812" lon="8.39962812733" />
  <node id="25446" visible="true" version="1" lat="48.99975256043" lon="8.39962554551" />
  <node id="25447" visible="true" version="1" lat="48.99975312805" lon="8.39962295091" />
  <node id="25448" visible="true" version="1" lat="48.99975367343" lon="8.39962034529" />
  <node id="25449" visible="true" version="1" lat="48.99975419972" lon="8.39961773061" />
  <node id="25450" visible="true" version="1" lat="48.99975471263" lon="8.39961510978" />
  <node id="25451" visible="true" version="1" lat="48.99975522113" lon="8.39961248697" />
  <node id="25452" visible="true" version="1" lat="48.99975573306" lon="8.39960986569" />
  <node id="25453" visible="true" version="1" lat="48.99975625618" lon="8.39960724954" />
  <node id="25454" visible="true" version="1" lat="48.9997567905" lon="8.39960463861" />
  <node id="25455" visible="true" version="1" lat="48.99975733423" lon="8.39960203218" />
  <node id="25456" visible="true" version="1" lat="48.99975788672" lon="8.39959942999" />
  <node id="25457" visible="true" version="1" lat="48.99975844513" lon="8.39959683073" />
  <node id="25458" visible="true" version="1" lat="48.99975900811" lon="8.39959423375" />
  <node id="25459" visible="true" version="1" lat="48.99975957438" lon="8.39959163842" />
  <node id="25460" visible="true" version="1" lat="48.99976014287" lon="8.39958904421" />
  <node id="25461" visible="true" version="1" lat="48.99976071216" lon="8.3995864504" />
  <node id="25462" visible="true" version="1" lat="48.99976128102" lon="8.39958385638" />
  <node id="25463" visible="true" version="1" lat="48.99976184821" lon="8.39958126151" />
  <node id="25464" visible="true" version="1" lat="48.99976241208" lon="8.39957866497" />
  <node id="25465" visible="true" version="1" lat="48.99976296952" lon="8.39957606523" />
  <node id="25466" visible="true" version="1" lat="48.9997635186" lon="8.39957346138" />
  <node id="25467" visible="true" version="1" lat="48.9997640603" lon="8.39957085397" />
  <node id="25468" visible="true" version="1" lat="48.99976460592" lon="8.39956824844" />
  <node id="25469" visible="true" version="1" lat="48.99976517526" lon="8.39956565471" />
  <node id="25470" visible="true" version="1" lat="48.99976577592" lon="8.39956307739" />
  <node id="25471" visible="true" version="1" lat="48.99976640663" lon="8.39956051669" />
  <node id="25472" visible="true" version="1" lat="48.99976706013" lon="8.39955796919" />
  <node id="25473" visible="true" version="1" lat="48.99976773044" lon="8.39955543178" />
  <node id="25474" visible="true" version="1" lat="48.99976841319" lon="8.39955290204" />
  <node id="25475" visible="true" version="1" lat="48.99976910503" lon="8.39955037799" />
  <node id="25476" visible="true" version="1" lat="48.99976980321" lon="8.39954785798" />
  <node id="25477" visible="true" version="1" lat="48.9997705055" lon="8.3995453406" />
  <node id="25478" visible="true" version="1" lat="48.99977120982" lon="8.39954282454" />
  <node id="25479" visible="true" version="1" lat="48.99977191401" lon="8.39954030839" />
  <node id="25480" visible="true" version="1" lat="48.99977261584" lon="8.39953779072" />
  <node id="25481" visible="true" version="1" lat="48.99977331326" lon="8.39953527022" />
  <node id="25482" visible="true" version="1" lat="48.99977400397" lon="8.39953274546" />
  <node id="25483" visible="true" version="1" lat="48.99977468517" lon="8.39953021475" />
  <node id="25484" visible="true" version="1" lat="48.99977535339" lon="8.39952767607" />
  <node id="25485" visible="true" version="1" lat="48.99977600405" lon="8.3995251269" />
  <node id="25486" visible="true" version="1" lat="48.99977663095" lon="8.39952256403" />
  <node id="25487" visible="true" version="1" lat="48.99977722521" lon="8.3995199833" />
  <node id="25515" visible="true" version="1" lat="48.9999609855" lon="8.39943795958" />
  <node id="25516" visible="true" version="1" lat="48.99996780016" lon="8.39949887155" />
  <node id="25518" visible="true" version="1" lat="48.99994670067" lon="8.39944098699" />
  <node id="25519" visible="true" version="1" lat="48.99995445989" lon="8.39950475808" />
  <node id="25522" visible="true" version="1" lat="49.00023919444" lon="8.40016324244" />
  <node id="25523" visible="true" version="1" lat="49.00032314979" lon="8.39999568145" />
  <node id="25525" visible="true" version="1" lat="49.00025132133" lon="8.40017220572" />
  <node id="25526" visible="true" version="1" lat="49.00033640005" lon="8.40000563068" />
  <node id="25529" visible="true" version="1" lat="48.99970019194" lon="8.40030622633" />
  <node id="25530" visible="true" version="1" lat="48.99974563474" lon="8.40011875351" />
  <node id="25532" visible="true" version="1" lat="48.99973135891" lon="8.40032485617" />
  <node id="25533" visible="true" version="1" lat="48.99977038535" lon="8.40014472365" />
  <node id="25722" visible="true" version="1" lat="49.00025023637" lon="8.40020337099" />
  <node id="25723" visible="true" version="1" lat="49.00024877064" lon="8.4002023414" />
  <node id="25724" visible="true" version="1" lat="49.0002473769" lon="8.40020128467" />
  <node id="25725" visible="true" version="1" lat="49.00024605599" lon="8.40020020051" />
  <node id="25726" visible="true" version="1" lat="49.00024480876" lon="8.40019908859" />
  <node id="25727" visible="true" version="1" lat="49.00024363608" lon="8.4001979486" />
  <node id="25728" visible="true" version="1" lat="49.0002425388" lon="8.40019678023" />
  <node id="25729" visible="true" version="1" lat="49.00024151773" lon="8.40019558312" />
  <node id="25730" visible="true" version="1" lat="49.00024057377" lon="8.40019435698" />
  <node id="25731" visible="true" version="1" lat="49.00023970775" lon="8.40019310147" />
  <node id="25732" visible="true" version="1" lat="49.00023892053" lon="8.40019181628" />
  <node id="25733" visible="true" version="1" lat="49.00023821296" lon="8.40019050112" />
  <node id="25734" visible="true" version="1" lat="49.00023758588" lon="8.40018915562" />
  <node id="25735" visible="true" version="1" lat="49.00023704014" lon="8.40018777947" />
  <node id="25736" visible="true" version="1" lat="49.0002365766" lon="8.40018637236" />
  <node id="25737" visible="true" version="1" lat="49.00023619612" lon="8.40018493397" />
  <node id="25738" visible="true" version="1" lat="49.00023589952" lon="8.40018346401" />
  <node id="25739" visible="true" version="1" lat="49.00023568768" lon="8.40018196209" />
  <node id="25740" visible="true" version="1" lat="49.00023556144" lon="8.40018042793" />
  <node id="25741" visible="true" version="1" lat="49.00023552167" lon="8.4001788612" />
  <node id="25742" visible="true" version="1" lat="49.0002355692" lon="8.40017726162" />
  <node id="25743" visible="true" version="1" lat="49.00023570487" lon="8.4001756288" />
  <node id="25744" visible="true" version="1" lat="49.00023592956" lon="8.40017396246" />
  <node id="25745" visible="true" version="1" lat="49.00023624409" lon="8.40017226228" />
  <node id="25746" visible="true" version="1" lat="49.00023664935" lon="8.40017052792" />
  <node id="25747" visible="true" version="1" lat="49.00023714616" lon="8.4001687591" />
  <node id="25748" visible="true" version="1" lat="49.00023773537" lon="8.40016695545" />
  <node id="25749" visible="true" version="1" lat="49.00023841785" lon="8.40016511667" />
  <node id="25751" visible="true" version="1" lat="49.0002530954" lon="8.40017823838" />
  <node id="25752" visible="true" version="1" lat="49.00025286359" lon="8.40017810078" />
  <node id="25753" visible="true" version="1" lat="49.0002526462" lon="8.40017795652" />
  <node id="25754" visible="true" version="1" lat="49.00025244304" lon="8.40017780567" />
  <node id="25755" visible="true" version="1" lat="49.00025225388" lon="8.40017764833" />
  <node id="25756" visible="true" version="1" lat="49.00025207848" lon="8.40017748466" />
  <node id="25757" visible="true" version="1" lat="49.00025191662" lon="8.40017731473" />
  <node id="25758" visible="true" version="1" lat="49.00025176808" lon="8.40017713865" />
  <node id="25759" visible="true" version="1" lat="49.00025163261" lon="8.4001769565" />
  <node id="25760" visible="true" version="1" lat="49.00025151" lon="8.40017676843" />
  <node id="25761" visible="true" version="1" lat="49.00025140003" lon="8.40017657452" />
  <node id="25762" visible="true" version="1" lat="49.00025130246" lon="8.40017637489" />
  <node id="25763" visible="true" version="1" lat="49.00025121707" lon="8.40017616962" />
  <node id="25764" visible="true" version="1" lat="49.00025114363" lon="8.4001759588" />
  <node id="25765" visible="true" version="1" lat="49.00025108191" lon="8.4001757426" />
  <node id="25766" visible="true" version="1" lat="49.00025103168" lon="8.40017552109" />
  <node id="25767" visible="true" version="1" lat="49.00025099272" lon="8.40017529436" />
  <node id="25768" visible="true" version="1" lat="49.0002509648" lon="8.40017506254" />
  <node id="25769" visible="true" version="1" lat="49.00025094769" lon="8.4001748257" />
  <node id="25770" visible="true" version="1" lat="49.00025094117" lon="8.40017458398" />
  <node id="25771" visible="true" version="1" lat="49.00025094501" lon="8.40017433748" />
  <node id="25772" visible="true" version="1" lat="49.00025095898" lon="8.4001740863" />
  <node id="25773" visible="true" version="1" lat="49.00025098284" lon="8.40017383054" />
  <node id="25774" visible="true" version="1" lat="49.00025101639" lon="8.40017357029" />
  <node id="25775" visible="true" version="1" lat="49.0002510594" lon="8.40017330569" />
  <node id="25776" visible="true" version="1" lat="49.00025111161" lon="8.40017303683" />
  <node id="25777" visible="true" version="1" lat="49.00025117282" lon="8.40017276382" />
  <node id="25778" visible="true" version="1" lat="49.0002512428" lon="8.40017248676" />
  <node id="25781" visible="true" version="1" lat="49.00025255758" lon="8.40019137151" />
  <node id="25782" visible="true" version="1" lat="49.00025166589" lon="8.40019080468" />
  <node id="25783" visible="true" version="1" lat="49.00025081711" lon="8.40019022109" />
  <node id="25784" visible="true" version="1" lat="49.00025001155" lon="8.40018962059" />
  <node id="25785" visible="true" version="1" lat="49.00024924951" lon="8.40018900309" />
  <node id="25786" visible="true" version="1" lat="49.00024853132" lon="8.40018836846" />
  <node id="25787" visible="true" version="1" lat="49.00024785728" lon="8.40018771663" />
  <node id="25788" visible="true" version="1" lat="49.00024722771" lon="8.40018704748" />
  <node id="25789" visible="true" version="1" lat="49.00024664291" lon="8.40018636089" />
  <node id="25790" visible="true" version="1" lat="49.00024610319" lon="8.40018565674" />
  <node id="25791" visible="true" version="1" lat="49.00024560888" lon="8.40018493495" />
  <node id="25792" visible="true" version="1" lat="49.00024516028" lon="8.4001841954" />
  <node id="25793" visible="true" version="1" lat="49.00024475771" lon="8.40018343801" />
  <node id="25794" visible="true" version="1" lat="49.00024440147" lon="8.40018266262" />
  <node id="25795" visible="true" version="1" lat="49.00024409189" lon="8.40018186914" />
  <node id="25796" visible="true" version="1" lat="49.00024382926" lon="8.40018105748" />
  <node id="25797" visible="true" version="1" lat="49.0002436139" lon="8.40018022753" />
  <node id="25798" visible="true" version="1" lat="49.00024344612" lon="8.40017937919" />
  <node id="25799" visible="true" version="1" lat="49.00024332624" lon="8.40017851232" />
  <node id="25800" visible="true" version="1" lat="49.00024325456" lon="8.40017762681" />
  <node id="25801" visible="true" version="1" lat="49.00024323142" lon="8.40017672259" />
  <node id="25802" visible="true" version="1" lat="49.0002432571" lon="8.40017579955" />
  <node id="25803" visible="true" version="1" lat="49.00024333192" lon="8.40017485755" />
  <node id="25804" visible="true" version="1" lat="49.0002434562" lon="8.4001738965" />
  <node id="25805" visible="true" version="1" lat="49.00024363024" lon="8.40017291628" />
  <node id="25806" visible="true" version="1" lat="49.00024385437" lon="8.4001719168" />
  <node id="25807" visible="true" version="1" lat="49.00024412888" lon="8.40017089797" />
  <node id="25808" visible="true" version="1" lat="49.0002444541" lon="8.40016985963" />
  <node id="25809" visible="true" version="1" lat="49.00024483032" lon="8.40016880171" />
  <node id="25810" visible="true" version="1" lat="49.00024525789" lon="8.40016772408" />
  <node id="25812" visible="true" version="1" lat="49.00032334186" lon="8.39999510261" />
  <node id="25813" visible="true" version="1" lat="49.0003235151" lon="8.39999452724" />
  <node id="25814" visible="true" version="1" lat="49.00032366933" lon="8.39999395538" />
  <node id="25815" visible="true" version="1" lat="49.00032380456" lon="8.39999338702" />
  <node id="25816" visible="true" version="1" lat="49.00032392067" lon="8.3999928222" />
  <node id="25817" visible="true" version="1" lat="49.00032401757" lon="8.39999226092" />
  <node id="25818" visible="true" version="1" lat="49.0003240952" lon="8.39999170321" />
  <node id="25819" visible="true" version="1" lat="49.00032415344" lon="8.39999114907" />
  <node id="25820" visible="true" version="1" lat="49.00032419226" lon="8.39999059851" />
  <node id="25821" visible="true" version="1" lat="49.00032421153" lon="8.39999005157" />
  <node id="25822" visible="true" version="1" lat="49.00032421118" lon="8.39998950825" />
  <node id="25823" visible="true" version="1" lat="49.00032419114" lon="8.39998896856" />
  <node id="25824" visible="true" version="1" lat="49.0003241513" lon="8.39998843253" />
  <node id="25825" visible="true" version="1" lat="49.00032409165" lon="8.39998790015" />
  <node id="25826" visible="true" version="1" lat="49.00032401199" lon="8.39998737147" />
  <node id="25827" visible="true" version="1" lat="49.00032391234" lon="8.39998684648" />
  <node id="25828" visible="true" version="1" lat="49.0003237926" lon="8.3999863252" />
  <node id="25829" visible="true" version="1" lat="49.00032365265" lon="8.39998580764" />
  <node id="25830" visible="true" version="1" lat="49.0003234924" lon="8.39998529384" />
  <node id="25831" visible="true" version="1" lat="49.00032331181" lon="8.39998478379" />
  <node id="25832" visible="true" version="1" lat="49.00032311079" lon="8.39998427752" />
  <node id="25833" visible="true" version="1" lat="49.00032288922" lon="8.39998377503" />
  <node id="25834" visible="true" version="1" lat="49.00032264708" lon="8.39998327635" />
  <node id="25835" visible="true" version="1" lat="49.00032238423" lon="8.39998278148" />
  <node id="25836" visible="true" version="1" lat="49.0003221006" lon="8.39998229046" />
  <node id="25837" visible="true" version="1" lat="49.00032179616" lon="8.39998180327" />
  <node id="25838" visible="true" version="1" lat="49.00032147073" lon="8.39998131996" />
  <node id="25839" visible="true" version="1" lat="49.00032112432" lon="8.39998084053" />
  <node id="25841" visible="true" version="1" lat="49.00033750909" lon="8.40000330358" />
  <node id="25842" visible="true" version="1" lat="49.00033856648" lon="8.40000098707" />
  <node id="25843" visible="true" version="1" lat="49.00033956882" lon="8.39999868185" />
  <node id="25844" visible="true" version="1" lat="49.00034051267" lon="8.39999638862" />
  <node id="25845" visible="true" version="1" lat="49.00034139463" lon="8.39999410808" />
  <node id="25846" visible="true" version="1" lat="49.00034221129" lon="8.39999184093" />
  <node id="25847" visible="true" version="1" lat="49.00034295922" lon="8.39998958786" />
  <node id="25848" visible="true" version="1" lat="49.00034363503" lon="8.39998734959" />
  <node id="25849" visible="true" version="1" lat="49.00034423531" lon="8.3999851268" />
  <node id="25850" visible="true" version="1" lat="49.00034475662" lon="8.3999829202" />
  <node id="25851" visible="true" version="1" lat="49.00034519557" lon="8.39998073049" />
  <node id="25852" visible="true" version="1" lat="49.00034554876" lon="8.39997855836" />
  <node id="25853" visible="true" version="1" lat="49.00034581274" lon="8.39997640452" />
  <node id="25854" visible="true" version="1" lat="49.00034598412" lon="8.39997426966" />
  <node id="25855" visible="true" version="1" lat="49.00034605947" lon="8.39997215449" />
  <node id="25856" visible="true" version="1" lat="49.00034603542" lon="8.39997005971" />
  <node id="25857" visible="true" version="1" lat="49.0003459085" lon="8.39996798601" />
  <node id="25858" visible="true" version="1" lat="49.00034567534" lon="8.39996593409" />
  <node id="25859" visible="true" version="1" lat="49.00034533251" lon="8.39996390467" />
  <node id="25860" visible="true" version="1" lat="49.0003448766" lon="8.39996189842" />
  <node id="25861" visible="true" version="1" lat="49.00034430419" lon="8.39995991606" />
  <node id="25862" visible="true" version="1" lat="49.00034361191" lon="8.39995795828" />
  <node id="25863" visible="true" version="1" lat="49.00034279628" lon="8.39995602578" />
  <node id="25864" visible="true" version="1" lat="49.00034185391" lon="8.39995411927" />
  <node id="25865" visible="true" version="1" lat="49.00034078143" lon="8.39995223944" />
  <node id="25866" visible="true" version="1" lat="49.00033957537" lon="8.39995038699" />
  <node id="25867" visible="true" version="1" lat="49.00033823237" lon="8.39994856263" />
  <node id="25868" visible="true" version="1" lat="49.00033674895" lon="8.39994676704" />
  <node id="25871" visible="true" version="1" lat="49.00032977492" lon="8.40000065606" />
  <node id="25872" visible="true" version="1" lat="49.00033042547" lon="8.39999920309" />
  <node id="25873" visible="true" version="1" lat="49.00033104079" lon="8.39999775715" />
  <node id="25874" visible="true" version="1" lat="49.00033161908" lon="8.39999631861" />
  <node id="25875" visible="true" version="1" lat="49.00033215861" lon="8.39999488782" />
  <node id="25876" visible="true" version="1" lat="49.00033265765" lon="8.39999346514" />
  <node id="25877" visible="true" version="1" lat="49.00033311443" lon="8.39999205093" />
  <node id="25878" visible="true" version="1" lat="49.00033352721" lon="8.39999064554" />
  <node id="25879" visible="true" version="1" lat="49.00033389423" lon="8.39998924933" />
  <node id="25880" visible="true" version="1" lat="49.00033421378" lon="8.39998786266" />
  <node id="25881" visible="true" version="1" lat="49.00033448407" lon="8.39998648588" />
  <node id="25882" visible="true" version="1" lat="49.00033470337" lon="8.39998511937" />
  <node id="25883" visible="true" version="1" lat="49.00033486995" lon="8.39998376346" />
  <node id="25884" visible="true" version="1" lat="49.00033498202" lon="8.39998241852" />
  <node id="25885" visible="true" version="1" lat="49.00033503789" lon="8.39998108491" />
  <node id="25886" visible="true" version="1" lat="49.00033503573" lon="8.39997976298" />
  <node id="25887" visible="true" version="1" lat="49.00033497388" lon="8.39997845309" />
  <node id="25888" visible="true" version="1" lat="49.00033485055" lon="8.39997715561" />
  <node id="25889" visible="true" version="1" lat="49.00033466399" lon="8.39997587087" />
  <node id="25890" visible="true" version="1" lat="49.00033441245" lon="8.39997459926" />
  <node id="25891" visible="true" version="1" lat="49.00033409421" lon="8.39997334111" />
  <node id="25892" visible="true" version="1" lat="49.00033370749" lon="8.39997209679" />
  <node id="25893" visible="true" version="1" lat="49.00033325057" lon="8.39997086666" />
  <node id="25894" visible="true" version="1" lat="49.00033272168" lon="8.39996965107" />
  <node id="25895" visible="true" version="1" lat="49.00033211907" lon="8.39996845038" />
  <node id="25896" visible="true" version="1" lat="49.00033144102" lon="8.39996726495" />
  <node id="25897" visible="true" version="1" lat="49.00033068577" lon="8.39996609514" />
  <node id="25898" visible="true" version="1" lat="49.00032985155" lon="8.3999649413" />
  <node id="25899" visible="true" version="1" lat="49.00032893664" lon="8.39996380379" />
  <node id="25900" visible="true" version="1" lat="49.00032793928" lon="8.39996268297" />
  <node id="25902" visible="true" version="1" lat="48.9997460203" lon="8.40011700226" />
  <node id="25903" visible="true" version="1" lat="48.99974638978" lon="8.40011525177" />
  <node id="25904" visible="true" version="1" lat="48.99974674203" lon="8.4001135021" />
  <node id="25905" visible="true" version="1" lat="48.99974707595" lon="8.4001117533" />
  <node id="25906" visible="true" version="1" lat="48.99974739046" lon="8.40011000542" />
  <node id="25907" visible="true" version="1" lat="48.99974768444" lon="8.40010825852" />
  <node id="25908" visible="true" version="1" lat="48.9997479568" lon="8.40010651265" />
  <node id="25909" visible="true" version="1" lat="48.99974820641" lon="8.40010476786" />
  <node id="25910" visible="true" version="1" lat="48.99974843219" lon="8.40010302421" />
  <node id="25911" visible="true" version="1" lat="48.99974863302" lon="8.40010128174" />
  <node id="25912" visible="true" version="1" lat="48.99974880782" lon="8.40009954051" />
  <node id="25913" visible="true" version="1" lat="48.99974895545" lon="8.40009780057" />
  <node id="25914" visible="true" version="1" lat="48.99974907484" lon="8.40009606198" />
  <node id="25915" visible="true" version="1" lat="48.99974916485" lon="8.40009432478" />
  <node id="25916" visible="true" version="1" lat="48.9997492244" lon="8.40009258903" />
  <node id="25917" visible="true" version="1" lat="48.99974925239" lon="8.40009085479" />
  <node id="25918" visible="true" version="1" lat="48.9997492477" lon="8.4000891221" />
  <node id="25919" visible="true" version="1" lat="48.99974920925" lon="8.40008739101" />
  <node id="25920" visible="true" version="1" lat="48.9997491359" lon="8.40008566159" />
  <node id="25921" visible="true" version="1" lat="48.99974902656" lon="8.40008393388" />
  <node id="25922" visible="true" version="1" lat="48.99974888013" lon="8.40008220793" />
  <node id="25923" visible="true" version="1" lat="48.99974869552" lon="8.4000804838" />
  <node id="25924" visible="true" version="1" lat="48.9997484716" lon="8.40007876154" />
  <node id="25925" visible="true" version="1" lat="48.99974820728" lon="8.4000770412" />
  <node id="25926" visible="true" version="1" lat="48.99974790146" lon="8.40007532284" />
  <node id="25927" visible="true" version="1" lat="48.99974755302" lon="8.4000736065" />
  <node id="25928" visible="true" version="1" lat="48.99974716086" lon="8.40007189224" />
  <node id="25929" visible="true" version="1" lat="48.99974672388" lon="8.40007018012" />
  <node id="25931" visible="true" version="1" lat="48.99977086816" lon="8.4001417424" />
  <node id="25932" visible="true" version="1" lat="48.99977126133" lon="8.40013876179" />
  <node id="25933" visible="true" version="1" lat="48.99977156864" lon="8.4001357818" />
  <node id="25934" visible="true" version="1" lat="48.99977179378" lon="8.40013280239" />
  <node id="25935" visible="true" version="1" lat="48.99977194046" lon="8.40012982355" />
  <node id="25936" visible="true" version="1" lat="48.99977201241" lon="8.40012684523" />
  <node id="25937" visible="true" version="1" lat="48.99977201336" lon="8.40012386743" />
  <node id="25938" visible="true" version="1" lat="48.99977194703" lon="8.40012089012" />
  <node id="25939" visible="true" version="1" lat="48.99977181712" lon="8.40011791325" />
  <node id="25940" visible="true" version="1" lat="48.99977162737" lon="8.40011493681" />
  <node id="25941" visible="true" version="1" lat="48.99977138147" lon="8.40011196078" />
  <node id="25942" visible="true" version="1" lat="48.99977108318" lon="8.40010898512" />
  <node id="25943" visible="true" version="1" lat="48.99977073622" lon="8.40010600981" />
  <node id="25944" visible="true" version="1" lat="48.99977034426" lon="8.40010303482" />
  <node id="25945" visible="true" version="1" lat="48.99976991108" lon="8.40010006012" />
  <node id="25946" visible="true" version="1" lat="48.99976944036" lon="8.40009708569" />
  <node id="25947" visible="true" version="1" lat="48.99976893584" lon="8.40009411152" />
  <node id="25948" visible="true" version="1" lat="48.99976840125" lon="8.40009113755" />
  <node id="25949" visible="true" version="1" lat="48.99976784026" lon="8.40008816377" />
  <node id="25950" visible="true" version="1" lat="48.99976725664" lon="8.40008519015" />
  <node id="25951" visible="true" version="1" lat="48.9997666541" lon="8.40008221667" />
  <node id="25952" visible="true" version="1" lat="48.99976603635" lon="8.4000792433" />
  <node id="25953" visible="true" version="1" lat="48.99976540711" lon="8.40007627" />
  <node id="25954" visible="true" version="1" lat="48.99976477012" lon="8.40007329677" />
  <node id="25955" visible="true" version="1" lat="48.99976412908" lon="8.40007032357" />
  <node id="25956" visible="true" version="1" lat="48.99976348771" lon="8.40006735036" />
  <node id="25957" visible="true" version="1" lat="48.99976284972" lon="8.40006437713" />
  <node id="25958" visible="true" version="1" lat="48.99976221887" lon="8.40006140385" />
  <node id="25961" visible="true" version="1" lat="48.99975801005" lon="8.40013173858" />
  <node id="25962" visible="true" version="1" lat="48.99975844423" lon="8.40012937233" />
  <node id="25963" visible="true" version="1" lat="48.99975882556" lon="8.40012700678" />
  <node id="25964" visible="true" version="1" lat="48.99975915534" lon="8.40012464195" />
  <node id="25965" visible="true" version="1" lat="48.99975943487" lon="8.40012227784" />
  <node id="25966" visible="true" version="1" lat="48.99975966546" lon="8.40011991448" />
  <node id="25967" visible="true" version="1" lat="48.99975984842" lon="8.40011755188" />
  <node id="25968" visible="true" version="1" lat="48.99975998508" lon="8.40011519004" />
  <node id="25969" visible="true" version="1" lat="48.99976007672" lon="8.40011282899" />
  <node id="25970" visible="true" version="1" lat="48.99976012466" lon="8.40011046872" />
  <node id="25971" visible="true" version="1" lat="48.99976013019" lon="8.40010810927" />
  <node id="25972" visible="true" version="1" lat="48.99976009465" lon="8.40010575064" />
  <node id="25973" visible="true" version="1" lat="48.99976001932" lon="8.40010339284" />
  <node id="25974" visible="true" version="1" lat="48.99975990553" lon="8.40010103589" />
  <node id="25975" visible="true" version="1" lat="48.99975975456" lon="8.4000986798" />
  <node id="25976" visible="true" version="1" lat="48.99975956774" lon="8.40009632458" />
  <node id="25977" visible="true" version="1" lat="48.99975934638" lon="8.40009397024" />
  <node id="25978" visible="true" version="1" lat="48.99975909177" lon="8.40009161681" />
  <node id="25979" visible="true" version="1" lat="48.99975880525" lon="8.40008926428" />
  <node id="25980" visible="true" version="1" lat="48.99975848808" lon="8.40008691268" />
  <node id="25981" visible="true" version="1" lat="48.9997581416" lon="8.40008456201" />
  <node id="25982" visible="true" version="1" lat="48.99975776712" lon="8.4000822123" />
  <node id="25983" visible="true" version="1" lat="48.99975736593" lon="8.40007986355" />
  <node id="25984" visible="true" version="1" lat="48.99975693936" lon="8.40007751577" />
  <node id="25985" visible="true" version="1" lat="48.9997564887" lon="8.40007516898" />
  <node id="25986" visible="true" version="1" lat="48.99975601527" lon="8.4000728232" />
  <node id="25987" visible="true" version="1" lat="48.99975552037" lon="8.40007047843" />
  <node id="25988" visible="true" version="1" lat="48.99975500529" lon="8.40006813469" />
  <node id="25989" visible="true" version="1" lat="48.99975447138" lon="8.40006579199" />
  <node id="25990" visible="true" version="1" lat="48.99975391992" lon="8.40006345034" />
  <node id="25992" visible="true" version="1" lat="48.99972686384" lon="8.39958615109" />
  <node id="25993" visible="true" version="1" lat="48.99972920012" lon="8.39958634365" />
  <node id="25994" visible="true" version="1" lat="48.99973143678" lon="8.39958664061" />
  <node id="25995" visible="true" version="1" lat="48.99973357244" lon="8.39958704348" />
  <node id="25996" visible="true" version="1" lat="48.99973560566" lon="8.39958755363" />
  <node id="25997" visible="true" version="1" lat="48.99973753509" lon="8.39958817261" />
  <node id="25998" visible="true" version="1" lat="48.9997393593" lon="8.39958890181" />
  <node id="25999" visible="true" version="1" lat="48.99974107691" lon="8.39958974271" />
  <node id="26000" visible="true" version="1" lat="48.99974268654" lon="8.39959069683" />
  <node id="26001" visible="true" version="1" lat="48.99974418676" lon="8.39959176554" />
  <node id="26002" visible="true" version="1" lat="48.99974557622" lon="8.39959295039" />
  <node id="26003" visible="true" version="1" lat="48.99974685349" lon="8.39959425276" />
  <node id="26004" visible="true" version="1" lat="48.99974801718" lon="8.39959567414" />
  <node id="26005" visible="true" version="1" lat="48.99974906592" lon="8.39959721605" />
  <node id="26006" visible="true" version="1" lat="48.99974999828" lon="8.39959887986" />
  <node id="26007" visible="true" version="1" lat="48.99975081291" lon="8.39960066711" />
  <node id="26008" visible="true" version="1" lat="48.99975150836" lon="8.39960257919" />
  <node id="26009" visible="true" version="1" lat="48.99975208327" lon="8.39960461759" />
  <node id="26010" visible="true" version="1" lat="48.99975253626" lon="8.39960678383" />
  <node id="26011" visible="true" version="1" lat="48.99975286589" lon="8.39960907927" />
  <node id="26012" visible="true" version="1" lat="48.99975307081" lon="8.39961150546" />
  <node id="26013" visible="true" version="1" lat="48.99975314959" lon="8.39961406379" />
  <node id="26014" visible="true" version="1" lat="48.99975310085" lon="8.39961675575" />
  <node id="26015" visible="true" version="1" lat="48.99975292322" lon="8.39961958285" />
  <node id="26016" visible="true" version="1" lat="48.99975261526" lon="8.39962254646" />
  <node id="26017" visible="true" version="1" lat="48.99975217561" lon="8.39962564813" />
  <node id="26018" visible="true" version="1" lat="48.99975160285" lon="8.39962888924" />
  <node id="26019" visible="true" version="1" lat="48.9997508956" lon="8.39963227129" />
  <node id="26021" visible="true" version="1" lat="48.9997188205" lon="8.39962502716" />
  <node id="26022" visible="true" version="1" lat="48.99971942717" lon="8.39962504739" />
  <node id="26023" visible="true" version="1" lat="48.99971999668" lon="8.39962510703" />
  <node id="26024" visible="true" version="1" lat="48.99972052968" lon="8.39962520543" />
  <node id="26025" visible="true" version="1" lat="48.9997210268" lon="8.39962534181" />
  <node id="26026" visible="true" version="1" lat="48.99972148871" lon="8.39962551551" />
  <node id="26027" visible="true" version="1" lat="48.99972191607" lon="8.39962572585" />
  <node id="26028" visible="true" version="1" lat="48.99972230952" lon="8.39962597213" />
  <node id="26029" visible="true" version="1" lat="48.99972266973" lon="8.39962625366" />
  <node id="26030" visible="true" version="1" lat="48.99972299735" lon="8.39962656973" />
  <node id="26031" visible="true" version="1" lat="48.99972329306" lon="8.39962691971" />
  <node id="26032" visible="true" version="1" lat="48.99972355746" lon="8.39962730281" />
  <node id="26033" visible="true" version="1" lat="48.99972379123" lon="8.39962771838" />
  <node id="26034" visible="true" version="1" lat="48.99972399503" lon="8.39962816573" />
  <node id="26035" visible="true" version="1" lat="48.99972416951" lon="8.39962864416" />
  <node id="26036" visible="true" version="1" lat="48.99972431532" lon="8.39962915298" />
  <node id="26037" visible="true" version="1" lat="48.99972443312" lon="8.3996296915" />
  <node id="26038" visible="true" version="1" lat="48.99972452359" lon="8.39963025906" />
  <node id="26039" visible="true" version="1" lat="48.99972458733" lon="8.3996308549" />
  <node id="26040" visible="true" version="1" lat="48.99972462503" lon="8.39963147834" />
  <node id="26041" visible="true" version="1" lat="48.99972463733" lon="8.3996321287" />
  <node id="26042" visible="true" version="1" lat="48.99972462489" lon="8.3996328053" />
  <node id="26043" visible="true" version="1" lat="48.99972458837" lon="8.39963350742" />
  <node id="26044" visible="true" version="1" lat="48.99972452842" lon="8.39963423439" />
  <node id="26045" visible="true" version="1" lat="48.99972444571" lon="8.39963498555" />
  <node id="26046" visible="true" version="1" lat="48.99972434087" lon="8.39963576011" />
  <node id="26047" visible="true" version="1" lat="48.99972421455" lon="8.39963655744" />
  <node id="26048" visible="true" version="1" lat="48.99972406742" lon="8.39963737683" />
  <node id="26051" visible="true" version="1" lat="48.99972130265" lon="8.39960555424" />
  <node id="26052" visible="true" version="1" lat="48.99972284217" lon="8.39960558913" />
  <node id="26053" visible="true" version="1" lat="48.99972431365" lon="8.39960569552" />
  <node id="26054" visible="true" version="1" lat="48.99972571673" lon="8.39960587382" />
  <node id="26055" visible="true" version="1" lat="48.99972705106" lon="8.39960612446" />
  <node id="26056" visible="true" version="1" lat="48.99972831623" lon="8.39960644772" />
  <node id="26057" visible="true" version="1" lat="48.9997295119" lon="8.39960684407" />
  <node id="26058" visible="true" version="1" lat="48.99973063768" lon="8.39960731383" />
  <node id="26059" visible="true" version="1" lat="48.99973169322" lon="8.39960785742" />
  <node id="26060" visible="true" version="1" lat="48.99973267814" lon="8.39960847525" />
  <node id="26061" visible="true" version="1" lat="48.99973359206" lon="8.39960916764" />
  <node id="26062" visible="true" version="1" lat="48.99973443464" lon="8.39960993505" />
  <node id="26063" visible="true" version="1" lat="48.99973520547" lon="8.39961077779" />
  <node id="26064" visible="true" version="1" lat="48.99973590421" lon="8.39961169626" />
  <node id="26065" visible="true" version="1" lat="48.99973653047" lon="8.39961269089" />
  <node id="26066" visible="true" version="1" lat="48.9997370839" lon="8.39961376201" />
  <node id="26067" visible="true" version="1" lat="48.99973756411" lon="8.39961491005" />
  <node id="26068" visible="true" version="1" lat="48.99973797074" lon="8.39961613535" />
  <node id="26069" visible="true" version="1" lat="48.99973830343" lon="8.39961743833" />
  <node id="26070" visible="true" version="1" lat="48.99973856179" lon="8.39961881936" />
  <node id="26071" visible="true" version="1" lat="48.99973874546" lon="8.39962027881" />
  <node id="26072" visible="true" version="1" lat="48.99973885407" lon="8.39962181709" />
  <node id="26073" visible="true" version="1" lat="48.99973888724" lon="8.39962343455" />
  <node id="26074" visible="true" version="1" lat="48.99973884461" lon="8.39962513159" />
  <node id="26075" visible="true" version="1" lat="48.99973872582" lon="8.39962690862" />
  <node id="26076" visible="true" version="1" lat="48.99973853049" lon="8.399628766" />
  <node id="26077" visible="true" version="1" lat="48.99973825824" lon="8.39963070412" />
  <node id="26078" visible="true" version="1" lat="48.9997379087" lon="8.39963272334" />
  <node id="26079" visible="true" version="1" lat="48.99973748151" lon="8.39963482406" />
  <node id="26080" visible="true" version="1" lat="48.9997369763" lon="8.39963700668" />
  <node id="26082" visible="true" version="1" lat="49.00011587756" lon="8.39950323529" />
  <node id="26083" visible="true" version="1" lat="49.0001162615" lon="8.39950637705" />
  <node id="26084" visible="true" version="1" lat="49.00011652372" lon="8.39950935428" />
  <node id="26085" visible="true" version="1" lat="49.00011666566" lon="8.39951216893" />
  <node id="26086" visible="true" version="1" lat="49.00011668874" lon="8.39951482292" />
  <node id="26087" visible="true" version="1" lat="49.00011659439" lon="8.39951731819" />
  <node id="26088" visible="true" version="1" lat="49.00011638402" lon="8.39951965665" />
  <node id="26089" visible="true" version="1" lat="49.00011605905" lon="8.39952184026" />
  <node id="26090" visible="true" version="1" lat="49.00011562095" lon="8.3995238709" />
  <node id="26091" visible="true" version="1" lat="49.00011507112" lon="8.3995257505" />
  <node id="26092" visible="true" version="1" lat="49.00011441098" lon="8.39952748102" />
  <node id="26093" visible="true" version="1" lat="49.00011364196" lon="8.39952906436" />
  <node id="26094" visible="true" version="1" lat="49.00011276549" lon="8.39953050246" />
  <node id="26095" visible="true" version="1" lat="49.00011178299" lon="8.39953179726" />
  <node id="26096" visible="true" version="1" lat="49.00011069589" lon="8.39953295067" />
  <node id="26097" visible="true" version="1" lat="49.00010950562" lon="8.39953396462" />
  <node id="26098" visible="true" version="1" lat="49.0001082136" lon="8.39953484104" />
  <node id="26099" visible="true" version="1" lat="49.00010682122" lon="8.39953558189" />
  <node id="26100" visible="true" version="1" lat="49.00010532998" lon="8.39953618903" />
  <node id="26101" visible="true" version="1" lat="49.00010374126" lon="8.39953666442" />
  <node id="26102" visible="true" version="1" lat="49.0001020565" lon="8.39953700999" />
  <node id="26103" visible="true" version="1" lat="49.00010027712" lon="8.39953722767" />
  <node id="26104" visible="true" version="1" lat="49.00009840455" lon="8.39953731938" />
  <node id="26105" visible="true" version="1" lat="49.0000964402" lon="8.39953728705" />
  <node id="26106" visible="true" version="1" lat="49.00009438552" lon="8.39953713261" />
  <node id="26107" visible="true" version="1" lat="49.00009224191" lon="8.39953685798" />
  <node id="26108" visible="true" version="1" lat="49.00009001081" lon="8.39953646512" />
  <node id="26109" visible="true" version="1" lat="49.00008769365" lon="8.3995359559" />
  <node id="26111" visible="true" version="1" lat="49.00008734396" lon="8.39950087108" />
  <node id="26112" visible="true" version="1" lat="49.00008741372" lon="8.39950140434" />
  <node id="26113" visible="true" version="1" lat="49.00008747046" lon="8.39950192135" />
  <node id="26114" visible="true" version="1" lat="49.0000875139" lon="8.39950242182" />
  <node id="26115" visible="true" version="1" lat="49.00008754376" lon="8.39950290543" />
  <node id="26116" visible="true" version="1" lat="49.00008755983" lon="8.39950337179" />
  <node id="26117" visible="true" version="1" lat="49.00008756181" lon="8.3995038206" />
  <node id="26118" visible="true" version="1" lat="49.00008754945" lon="8.39950425155" />
  <node id="26119" visible="true" version="1" lat="49.00008752248" lon="8.3995046643" />
  <node id="26120" visible="true" version="1" lat="49.00008748064" lon="8.39950505851" />
  <node id="26121" visible="true" version="1" lat="49.00008742366" lon="8.39950543388" />
  <node id="26122" visible="true" version="1" lat="49.00008735128" lon="8.39950579006" />
  <node id="26123" visible="true" version="1" lat="49.00008726324" lon="8.39950612673" />
  <node id="26124" visible="true" version="1" lat="49.00008715928" lon="8.39950644355" />
  <node id="26125" visible="true" version="1" lat="49.0000870391" lon="8.39950674026" />
  <node id="26126" visible="true" version="1" lat="49.00008690249" lon="8.39950701642" />
  <node id="26127" visible="true" version="1" lat="49.00008674917" lon="8.39950727176" />
  <node id="26128" visible="true" version="1" lat="49.00008657887" lon="8.39950750595" />
  <node id="26129" visible="true" version="1" lat="49.00008639132" lon="8.39950771866" />
  <node id="26130" visible="true" version="1" lat="49.00008618627" lon="8.39950790956" />
  <node id="26131" visible="true" version="1" lat="49.00008596344" lon="8.39950807832" />
  <node id="26132" visible="true" version="1" lat="49.00008572259" lon="8.39950822462" />
  <node id="26133" visible="true" version="1" lat="49.00008546343" lon="8.39950834812" />
  <node id="26134" visible="true" version="1" lat="49.0000851857" lon="8.39950844855" />
  <node id="26135" visible="true" version="1" lat="49.00008488917" lon="8.39950852548" />
  <node id="26136" visible="true" version="1" lat="49.00008457354" lon="8.39950857864" />
  <node id="26137" visible="true" version="1" lat="49.00008423857" lon="8.39950860768" />
  <node id="26138" visible="true" version="1" lat="49.00008388399" lon="8.39950861231" />
  <node id="26141" visible="true" version="1" lat="49.00010131597" lon="8.3995001245" />
  <node id="26142" visible="true" version="1" lat="49.00010161076" lon="8.39950205319" />
  <node id="26143" visible="true" version="1" lat="49.00010183761" lon="8.39950389069" />
  <node id="26144" visible="true" version="1" lat="49.00010199709" lon="8.39950563782" />
  <node id="26145" visible="true" version="1" lat="49.00010208978" lon="8.39950729537" />
  <node id="26146" visible="true" version="1" lat="49.00010211625" lon="8.39950886417" />
  <node id="26147" visible="true" version="1" lat="49.00010207711" lon="8.39951034499" />
  <node id="26148" visible="true" version="1" lat="49.00010197292" lon="8.39951173862" />
  <node id="26149" visible="true" version="1" lat="49.00010180425" lon="8.3995130459" />
  <node id="26150" visible="true" version="1" lat="49.00010157172" lon="8.39951426759" />
  <node id="26151" visible="true" version="1" lat="49.00010127588" lon="8.3995154045" />
  <node id="26152" visible="true" version="1" lat="49.00010091732" lon="8.39951645745" />
  <node id="26153" visible="true" version="1" lat="49.00010049662" lon="8.39951742721" />
  <node id="26154" visible="true" version="1" lat="49.00010001437" lon="8.39951831459" />
  <node id="26155" visible="true" version="1" lat="49.00009947113" lon="8.3995191204" />
  <node id="26156" visible="true" version="1" lat="49.0000988675" lon="8.39951984546" />
  <node id="26157" visible="true" version="1" lat="49.00009820406" lon="8.39952049052" />
  <node id="26158" visible="true" version="1" lat="49.00009748138" lon="8.3995210564" />
  <node id="26159" visible="true" version="1" lat="49.00009670005" lon="8.39952154392" />
  <node id="26160" visible="true" version="1" lat="49.00009586065" lon="8.39952195384" />
  <node id="26161" visible="true" version="1" lat="49.00009496377" lon="8.39952228699" />
  <node id="26162" visible="true" version="1" lat="49.00009400997" lon="8.39952254415" />
  <node id="26163" visible="true" version="1" lat="49.00009299985" lon="8.39952272614" />
  <node id="26164" visible="true" version="1" lat="49.00009193399" lon="8.39952283375" />
  <node id="26165" visible="true" version="1" lat="49.00009081295" lon="8.3995228678" />
  <node id="26166" visible="true" version="1" lat="49.00008963734" lon="8.39952282904" />
  <node id="26167" visible="true" version="1" lat="49.00008840773" lon="8.39952271831" />
  <node id="26168" visible="true" version="1" lat="49.00008712469" lon="8.3995225364" />
  <node id="26169" visible="true" version="1" lat="49.00008578882" lon="8.39952228411" />
  <node id="26170" visible="true" version="1" lat="49.00008440069" lon="8.3995219622" />
  <node id="26172" visible="true" version="1" lat="49.0002512428" lon="8.40017248674" />
  <node id="26173" visible="true" version="1" lat="49.00025117283" lon="8.40017276381" />
  <node id="26174" visible="true" version="1" lat="49.00025111162" lon="8.40017303682" />
  <node id="26175" visible="true" version="1" lat="49.00025105939" lon="8.40017330571" />
  <node id="26176" visible="true" version="1" lat="49.0002510164" lon="8.4001735703" />
  <node id="26177" visible="true" version="1" lat="49.00025098285" lon="8.40017383053" />
  <node id="26178" visible="true" version="1" lat="49.00025095898" lon="8.40017408629" />
  <node id="26179" visible="true" version="1" lat="49.00025094501" lon="8.40017433747" />
  <node id="26180" visible="true" version="1" lat="49.00025094118" lon="8.40017458399" />
  <node id="26181" visible="true" version="1" lat="49.0002509477" lon="8.40017482571" />
  <node id="26182" visible="true" version="1" lat="49.0002509648" lon="8.40017506253" />
  <node id="26183" visible="true" version="1" lat="49.00025099273" lon="8.40017529435" />
  <node id="26184" visible="true" version="1" lat="49.00025103168" lon="8.40017552108" />
  <node id="26185" visible="true" version="1" lat="49.0002510819" lon="8.40017574262" />
  <node id="26186" visible="true" version="1" lat="49.00025114363" lon="8.40017595882" />
  <node id="26187" visible="true" version="1" lat="49.00025121707" lon="8.40017616961" />
  <node id="26188" visible="true" version="1" lat="49.00025130246" lon="8.40017637488" />
  <node id="26189" visible="true" version="1" lat="49.00025140002" lon="8.40017657452" />
  <node id="26190" visible="true" version="1" lat="49.00025151001" lon="8.40017676844" />
  <node id="26191" visible="true" version="1" lat="49.0002516326" lon="8.40017695652" />
  <node id="26192" visible="true" version="1" lat="49.00025176806" lon="8.40017713865" />
  <node id="26193" visible="true" version="1" lat="49.00025191661" lon="8.40017731473" />
  <node id="26194" visible="true" version="1" lat="49.00025207846" lon="8.40017748466" />
  <node id="26195" visible="true" version="1" lat="49.00025225387" lon="8.40017764835" />
  <node id="26196" visible="true" version="1" lat="49.00025244304" lon="8.40017780566" />
  <node id="26197" visible="true" version="1" lat="49.0002526462" lon="8.40017795651" />
  <node id="26198" visible="true" version="1" lat="49.00025286357" lon="8.40017810078" />
  <node id="26199" visible="true" version="1" lat="49.00025309541" lon="8.4001782384" />
  <node id="26201" visible="true" version="1" lat="49.00023841785" lon="8.40016511667" />
  <node id="26202" visible="true" version="1" lat="49.00023773537" lon="8.40016695545" />
  <node id="26203" visible="true" version="1" lat="49.00023714616" lon="8.4001687591" />
  <node id="26204" visible="true" version="1" lat="49.00023664935" lon="8.40017052792" />
  <node id="26205" visible="true" version="1" lat="49.00023624409" lon="8.40017226228" />
  <node id="26206" visible="true" version="1" lat="49.00023592956" lon="8.40017396246" />
  <node id="26207" visible="true" version="1" lat="49.00023570487" lon="8.4001756288" />
  <node id="26208" visible="true" version="1" lat="49.0002355692" lon="8.40017726162" />
  <node id="26209" visible="true" version="1" lat="49.00023552167" lon="8.4001788612" />
  <node id="26210" visible="true" version="1" lat="49.00023556144" lon="8.40018042793" />
  <node id="26211" visible="true" version="1" lat="49.00023568768" lon="8.40018196209" />
  <node id="26212" visible="true" version="1" lat="49.00023589952" lon="8.40018346401" />
  <node id="26213" visible="true" version="1" lat="49.00023619612" lon="8.40018493397" />
  <node id="26214" visible="true" version="1" lat="49.0002365766" lon="8.40018637236" />
  <node id="26215" visible="true" version="1" lat="49.00023704014" lon="8.40018777947" />
  <node id="26216" visible="true" version="1" lat="49.00023758588" lon="8.40018915562" />
  <node id="26217" visible="true" version="1" lat="49.00023821296" lon="8.40019050112" />
  <node id="26218" visible="true" version="1" lat="49.00023892053" lon="8.40019181628" />
  <node id="26219" visible="true" version="1" lat="49.00023970775" lon="8.40019310147" />
  <node id="26220" visible="true" version="1" lat="49.00024057377" lon="8.40019435698" />
  <node id="26221" visible="true" version="1" lat="49.00024151773" lon="8.40019558312" />
  <node id="26222" visible="true" version="1" lat="49.0002425388" lon="8.40019678023" />
  <node id="26223" visible="true" version="1" lat="49.00024363608" lon="8.4001979486" />
  <node id="26224" visible="true" version="1" lat="49.00024480876" lon="8.40019908859" />
  <node id="26225" visible="true" version="1" lat="49.00024605599" lon="8.40020020051" />
  <node id="26226" visible="true" version="1" lat="49.0002473769" lon="8.40020128467" />
  <node id="26227" visible="true" version="1" lat="49.00024877064" lon="8.4002023414" />
  <node id="26228" visible="true" version="1" lat="49.00025023637" lon="8.40020337099" />
  <node id="26231" visible="true" version="1" lat="49.00024525789" lon="8.40016772408" />
  <node id="26232" visible="true" version="1" lat="49.00024483033" lon="8.40016880171" />
  <node id="26233" visible="true" version="1" lat="49.0002444541" lon="8.40016985963" />
  <node id="26234" visible="true" version="1" lat="49.00024412889" lon="8.40017089796" />
  <node id="26235" visible="true" version="1" lat="49.00024385437" lon="8.40017191681" />
  <node id="26236" visible="true" version="1" lat="49.00024363024" lon="8.40017291629" />
  <node id="26237" visible="true" version="1" lat="49.0002434562" lon="8.4001738965" />
  <node id="26238" visible="true" version="1" lat="49.00024333193" lon="8.40017485755" />
  <node id="26239" visible="true" version="1" lat="49.00024325711" lon="8.40017579954" />
  <node id="26240" visible="true" version="1" lat="49.00024323142" lon="8.4001767226" />
  <node id="26241" visible="true" version="1" lat="49.00024325457" lon="8.40017762682" />
  <node id="26242" visible="true" version="1" lat="49.00024332624" lon="8.40017851231" />
  <node id="26243" visible="true" version="1" lat="49.00024344612" lon="8.40017937918" />
  <node id="26244" visible="true" version="1" lat="49.0002436139" lon="8.40018022752" />
  <node id="26245" visible="true" version="1" lat="49.00024382925" lon="8.40018105749" />
  <node id="26246" visible="true" version="1" lat="49.00024409188" lon="8.40018186915" />
  <node id="26247" visible="true" version="1" lat="49.00024440148" lon="8.40018266261" />
  <node id="26248" visible="true" version="1" lat="49.00024475771" lon="8.400183438" />
  <node id="26249" visible="true" version="1" lat="49.00024516028" lon="8.4001841954" />
  <node id="26250" visible="true" version="1" lat="49.00024560888" lon="8.40018493496" />
  <node id="26251" visible="true" version="1" lat="49.00024610319" lon="8.40018565675" />
  <node id="26252" visible="true" version="1" lat="49.0002466429" lon="8.40018636089" />
  <node id="26253" visible="true" version="1" lat="49.0002472277" lon="8.40018704748" />
  <node id="26254" visible="true" version="1" lat="49.00024785727" lon="8.40018771663" />
  <node id="26255" visible="true" version="1" lat="49.00024853132" lon="8.40018836847" />
  <node id="26256" visible="true" version="1" lat="49.00024924951" lon="8.40018900309" />
  <node id="26257" visible="true" version="1" lat="49.00025001155" lon="8.40018962059" />
  <node id="26258" visible="true" version="1" lat="49.00025081711" lon="8.40019022109" />
  <node id="26259" visible="true" version="1" lat="49.00025166589" lon="8.40019080469" />
  <node id="26260" visible="true" version="1" lat="49.00025255758" lon="8.40019137151" />
  <node id="26262" visible="true" version="1" lat="49.00033674895" lon="8.39994676705" />
  <node id="26263" visible="true" version="1" lat="49.00033823237" lon="8.39994856263" />
  <node id="26264" visible="true" version="1" lat="49.00033957537" lon="8.399950387" />
  <node id="26265" visible="true" version="1" lat="49.00034078143" lon="8.39995223944" />
  <node id="26266" visible="true" version="1" lat="49.00034185391" lon="8.39995411927" />
  <node id="26267" visible="true" version="1" lat="49.00034279628" lon="8.39995602578" />
  <node id="26268" visible="true" version="1" lat="49.00034361191" lon="8.39995795828" />
  <node id="26269" visible="true" version="1" lat="49.00034430419" lon="8.39995991606" />
  <node id="26270" visible="true" version="1" lat="49.0003448766" lon="8.39996189842" />
  <node id="26271" visible="true" version="1" lat="49.00034533251" lon="8.39996390467" />
  <node id="26272" visible="true" version="1" lat="49.00034567534" lon="8.3999659341" />
  <node id="26273" visible="true" version="1" lat="49.0003459085" lon="8.39996798601" />
  <node id="26274" visible="true" version="1" lat="49.00034603542" lon="8.39997005971" />
  <node id="26275" visible="true" version="1" lat="49.00034605947" lon="8.39997215449" />
  <node id="26276" visible="true" version="1" lat="49.00034598412" lon="8.39997426966" />
  <node id="26277" visible="true" version="1" lat="49.00034581274" lon="8.39997640452" />
  <node id="26278" visible="true" version="1" lat="49.00034554875" lon="8.39997855836" />
  <node id="26279" visible="true" version="1" lat="49.0003451956" lon="8.39998073048" />
  <node id="26280" visible="true" version="1" lat="49.00034475662" lon="8.3999829202" />
  <node id="26281" visible="true" version="1" lat="49.00034423531" lon="8.3999851268" />
  <node id="26282" visible="true" version="1" lat="49.00034363506" lon="8.39998734958" />
  <node id="26283" visible="true" version="1" lat="49.00034295922" lon="8.39998958786" />
  <node id="26284" visible="true" version="1" lat="49.00034221129" lon="8.39999184093" />
  <node id="26285" visible="true" version="1" lat="49.00034139462" lon="8.39999410808" />
  <node id="26286" visible="true" version="1" lat="49.00034051267" lon="8.39999638862" />
  <node id="26287" visible="true" version="1" lat="49.00033956882" lon="8.39999868185" />
  <node id="26288" visible="true" version="1" lat="49.00033856648" lon="8.40000098707" />
  <node id="26289" visible="true" version="1" lat="49.00033750909" lon="8.40000330358" />
  <node id="26291" visible="true" version="1" lat="49.00032112432" lon="8.39998084053" />
  <node id="26292" visible="true" version="1" lat="49.00032147073" lon="8.39998131996" />
  <node id="26293" visible="true" version="1" lat="49.00032179616" lon="8.39998180327" />
  <node id="26294" visible="true" version="1" lat="49.0003221006" lon="8.39998229046" />
  <node id="26295" visible="true" version="1" lat="49.00032238423" lon="8.39998278148" />
  <node id="26296" visible="true" version="1" lat="49.00032264708" lon="8.39998327635" />
  <node id="26297" visible="true" version="1" lat="49.00032288922" lon="8.39998377503" />
  <node id="26298" visible="true" version="1" lat="49.00032311079" lon="8.39998427752" />
  <node id="26299" visible="true" version="1" lat="49.00032331181" lon="8.39998478379" />
  <node id="26300" visible="true" version="1" lat="49.0003234924" lon="8.39998529384" />
  <node id="26301" visible="true" version="1" lat="49.00032365265" lon="8.39998580764" />
  <node id="26302" visible="true" version="1" lat="49.0003237926" lon="8.3999863252" />
  <node id="26303" visible="true" version="1" lat="49.00032391234" lon="8.39998684648" />
  <node id="26304" visible="true" version="1" lat="49.00032401199" lon="8.39998737147" />
  <node id="26305" visible="true" version="1" lat="49.00032409165" lon="8.39998790015" />
  <node id="26306" visible="true" version="1" lat="49.0003241513" lon="8.39998843253" />
  <node id="26307" visible="true" version="1" lat="49.00032419114" lon="8.39998896856" />
  <node id="26308" visible="true" version="1" lat="49.00032421118" lon="8.39998950825" />
  <node id="26309" visible="true" version="1" lat="49.00032421153" lon="8.39999005157" />
  <node id="26310" visible="true" version="1" lat="49.00032419226" lon="8.39999059851" />
  <node id="26311" visible="true" version="1" lat="49.00032415344" lon="8.39999114907" />
  <node id="26312" visible="true" version="1" lat="49.0003240952" lon="8.39999170321" />
  <node id="26313" visible="true" version="1" lat="49.00032401757" lon="8.39999226092" />
  <node id="26314" visible="true" version="1" lat="49.00032392067" lon="8.3999928222" />
  <node id="26315" visible="true" version="1" lat="49.00032380456" lon="8.39999338702" />
  <node id="26316" visible="true" version="1" lat="49.00032366933" lon="8.39999395538" />
  <node id="26317" visible="true" version="1" lat="49.0003235151" lon="8.39999452724" />
  <node id="26318" visible="true" version="1" lat="49.00032334186" lon="8.39999510261" />
  <node id="26321" visible="true" version="1" lat="49.00032793928" lon="8.39996268297" />
  <node id="26322" visible="true" version="1" lat="49.00032893664" lon="8.39996380379" />
  <node id="26323" visible="true" version="1" lat="49.00032985155" lon="8.3999649413" />
  <node id="26324" visible="true" version="1" lat="49.00033068577" lon="8.39996609514" />
  <node id="26325" visible="true" version="1" lat="49.00033144102" lon="8.39996726495" />
  <node id="26326" visible="true" version="1" lat="49.00033211907" lon="8.39996845038" />
  <node id="26327" visible="true" version="1" lat="49.00033272168" lon="8.39996965107" />
  <node id="26328" visible="true" version="1" lat="49.00033325057" lon="8.39997086666" />
  <node id="26329" visible="true" version="1" lat="49.00033370749" lon="8.39997209679" />
  <node id="26330" visible="true" version="1" lat="49.00033409421" lon="8.39997334111" />
  <node id="26331" visible="true" version="1" lat="49.00033441245" lon="8.39997459926" />
  <node id="26332" visible="true" version="1" lat="49.00033466399" lon="8.39997587087" />
  <node id="26333" visible="true" version="1" lat="49.00033485055" lon="8.39997715561" />
  <node id="26334" visible="true" version="1" lat="49.00033497388" lon="8.39997845309" />
  <node id="26335" visible="true" version="1" lat="49.00033503573" lon="8.39997976298" />
  <node id="26336" visible="true" version="1" lat="49.00033503788" lon="8.39998108491" />
  <node id="26337" visible="true" version="1" lat="49.00033498202" lon="8.39998241852" />
  <node id="26338" visible="true" version="1" lat="49.00033486994" lon="8.39998376346" />
  <node id="26339" visible="true" version="1" lat="49.00033470339" lon="8.39998511937" />
  <node id="26340" visible="true" version="1" lat="49.00033448407" lon="8.39998648589" />
  <node id="26341" visible="true" version="1" lat="49.00033421378" lon="8.39998786266" />
  <node id="26342" visible="true" version="1" lat="49.00033389425" lon="8.39998924933" />
  <node id="26343" visible="true" version="1" lat="49.00033352721" lon="8.39999064554" />
  <node id="26344" visible="true" version="1" lat="49.00033311443" lon="8.39999205093" />
  <node id="26345" visible="true" version="1" lat="49.00033265765" lon="8.39999346514" />
  <node id="26346" visible="true" version="1" lat="49.00033215861" lon="8.39999488782" />
  <node id="26347" visible="true" version="1" lat="49.00033161908" lon="8.39999631861" />
  <node id="26348" visible="true" version="1" lat="49.00033104079" lon="8.39999775715" />
  <node id="26349" visible="true" version="1" lat="49.00033042547" lon="8.39999920309" />
  <node id="26350" visible="true" version="1" lat="49.00032977492" lon="8.40000065606" />
  <node id="26352" visible="true" version="1" lat="48.99976221887" lon="8.40006140385" />
  <node id="26353" visible="true" version="1" lat="48.99976284972" lon="8.40006437713" />
  <node id="26354" visible="true" version="1" lat="48.99976348771" lon="8.40006735036" />
  <node id="26355" visible="true" version="1" lat="48.99976412908" lon="8.40007032357" />
  <node id="26356" visible="true" version="1" lat="48.99976477012" lon="8.40007329677" />
  <node id="26357" visible="true" version="1" lat="48.99976540711" lon="8.40007627" />
  <node id="26358" visible="true" version="1" lat="48.99976603635" lon="8.4000792433" />
  <node id="26359" visible="true" version="1" lat="48.9997666541" lon="8.40008221667" />
  <node id="26360" visible="true" version="1" lat="48.99976725664" lon="8.40008519015" />
  <node id="26361" visible="true" version="1" lat="48.99976784026" lon="8.40008816377" />
  <node id="26362" visible="true" version="1" lat="48.99976840125" lon="8.40009113755" />
  <node id="26363" visible="true" version="1" lat="48.99976893584" lon="8.40009411152" />
  <node id="26364" visible="true" version="1" lat="48.99976944036" lon="8.40009708569" />
  <node id="26365" visible="true" version="1" lat="48.99976991108" lon="8.40010006012" />
  <node id="26366" visible="true" version="1" lat="48.99977034426" lon="8.40010303482" />
  <node id="26367" visible="true" version="1" lat="48.99977073622" lon="8.40010600981" />
  <node id="26368" visible="true" version="1" lat="48.99977108318" lon="8.40010898512" />
  <node id="26369" visible="true" version="1" lat="48.99977138147" lon="8.40011196078" />
  <node id="26370" visible="true" version="1" lat="48.99977162737" lon="8.40011493681" />
  <node id="26371" visible="true" version="1" lat="48.99977181712" lon="8.40011791325" />
  <node id="26372" visible="true" version="1" lat="48.99977194703" lon="8.40012089012" />
  <node id="26373" visible="true" version="1" lat="48.99977201336" lon="8.40012386743" />
  <node id="26374" visible="true" version="1" lat="48.99977201241" lon="8.40012684523" />
  <node id="26375" visible="true" version="1" lat="48.99977194046" lon="8.40012982355" />
  <node id="26376" visible="true" version="1" lat="48.99977179378" lon="8.40013280239" />
  <node id="26377" visible="true" version="1" lat="48.99977156864" lon="8.4001357818" />
  <node id="26378" visible="true" version="1" lat="48.99977126133" lon="8.40013876179" />
  <node id="26379" visible="true" version="1" lat="48.99977086816" lon="8.4001417424" />
  <node id="26381" visible="true" version="1" lat="48.99974672388" lon="8.40007018012" />
  <node id="26382" visible="true" version="1" lat="48.99974716086" lon="8.40007189224" />
  <node id="26383" visible="true" version="1" lat="48.99974755303" lon="8.4000736065" />
  <node id="26384" visible="true" version="1" lat="48.99974790146" lon="8.40007532284" />
  <node id="26385" visible="true" version="1" lat="48.99974820728" lon="8.4000770412" />
  <node id="26386" visible="true" version="1" lat="48.9997484716" lon="8.40007876154" />
  <node id="26387" visible="true" version="1" lat="48.99974869552" lon="8.4000804838" />
  <node id="26388" visible="true" version="1" lat="48.99974888014" lon="8.40008220793" />
  <node id="26389" visible="true" version="1" lat="48.99974902656" lon="8.40008393388" />
  <node id="26390" visible="true" version="1" lat="48.9997491359" lon="8.40008566159" />
  <node id="26391" visible="true" version="1" lat="48.99974920924" lon="8.40008739102" />
  <node id="26392" visible="true" version="1" lat="48.9997492477" lon="8.4000891221" />
  <node id="26393" visible="true" version="1" lat="48.99974925239" lon="8.40009085479" />
  <node id="26394" visible="true" version="1" lat="48.99974922441" lon="8.40009258903" />
  <node id="26395" visible="true" version="1" lat="48.99974916485" lon="8.40009432478" />
  <node id="26396" visible="true" version="1" lat="48.99974907484" lon="8.40009606198" />
  <node id="26397" visible="true" version="1" lat="48.99974895545" lon="8.40009780057" />
  <node id="26398" visible="true" version="1" lat="48.99974880782" lon="8.40009954051" />
  <node id="26399" visible="true" version="1" lat="48.99974863302" lon="8.40010128173" />
  <node id="26400" visible="true" version="1" lat="48.9997484322" lon="8.4001030242" />
  <node id="26401" visible="true" version="1" lat="48.99974820642" lon="8.40010476786" />
  <node id="26402" visible="true" version="1" lat="48.9997479568" lon="8.40010651265" />
  <node id="26403" visible="true" version="1" lat="48.99974768444" lon="8.40010825852" />
  <node id="26404" visible="true" version="1" lat="48.99974739046" lon="8.40011000542" />
  <node id="26405" visible="true" version="1" lat="48.99974707595" lon="8.40011175329" />
  <node id="26406" visible="true" version="1" lat="48.99974674203" lon="8.40011350209" />
  <node id="26407" visible="true" version="1" lat="48.99974638978" lon="8.40011525177" />
  <node id="26408" visible="true" version="1" lat="48.99974602031" lon="8.40011700226" />
  <node id="26411" visible="true" version="1" lat="48.99975391992" lon="8.40006345034" />
  <node id="26412" visible="true" version="1" lat="48.99975447138" lon="8.40006579199" />
  <node id="26413" visible="true" version="1" lat="48.99975500529" lon="8.40006813469" />
  <node id="26414" visible="true" version="1" lat="48.99975552037" lon="8.40007047843" />
  <node id="26415" visible="true" version="1" lat="48.99975601527" lon="8.4000728232" />
  <node id="26416" visible="true" version="1" lat="48.9997564887" lon="8.40007516899" />
  <node id="26417" visible="true" version="1" lat="48.99975693936" lon="8.40007751577" />
  <node id="26418" visible="true" version="1" lat="48.99975736593" lon="8.40007986355" />
  <node id="26419" visible="true" version="1" lat="48.99975776712" lon="8.4000822123" />
  <node id="26420" visible="true" version="1" lat="48.9997581416" lon="8.40008456201" />
  <node id="26421" visible="true" version="1" lat="48.99975848808" lon="8.40008691268" />
  <node id="26422" visible="true" version="1" lat="48.99975880524" lon="8.40008926428" />
  <node id="26423" visible="true" version="1" lat="48.99975909177" lon="8.40009161681" />
  <node id="26424" visible="true" version="1" lat="48.99975934638" lon="8.40009397024" />
  <node id="26425" visible="true" version="1" lat="48.99975956774" lon="8.40009632458" />
  <node id="26426" visible="true" version="1" lat="48.99975975456" lon="8.4000986798" />
  <node id="26427" visible="true" version="1" lat="48.99975990553" lon="8.40010103589" />
  <node id="26428" visible="true" version="1" lat="48.99976001932" lon="8.40010339284" />
  <node id="26429" visible="true" version="1" lat="48.99976009465" lon="8.40010575065" />
  <node id="26430" visible="true" version="1" lat="48.9997601302" lon="8.40010810927" />
  <node id="26431" visible="true" version="1" lat="48.99976012466" lon="8.40011046872" />
  <node id="26432" visible="true" version="1" lat="48.99976007672" lon="8.40011282899" />
  <node id="26433" visible="true" version="1" lat="48.99975998508" lon="8.40011519004" />
  <node id="26434" visible="true" version="1" lat="48.99975984843" lon="8.40011755187" />
  <node id="26435" visible="true" version="1" lat="48.99975966546" lon="8.40011991448" />
  <node id="26436" visible="true" version="1" lat="48.99975943487" lon="8.40012227784" />
  <node id="26437" visible="true" version="1" lat="48.99975915534" lon="8.40012464195" />
  <node id="26438" visible="true" version="1" lat="48.99975882556" lon="8.40012700678" />
  <node id="26439" visible="true" version="1" lat="48.99975844423" lon="8.40012937233" />
  <node id="26440" visible="true" version="1" lat="48.99975801005" lon="8.40013173858" />
  <node id="26442" visible="true" version="1" lat="48.99972510792" lon="8.39958604236" />
  <node id="26443" visible="true" version="1" lat="48.99972577836" lon="8.39958600338" />
  <node id="26444" visible="true" version="1" lat="48.99972644026" lon="8.39958594366" />
  <node id="26445" visible="true" version="1" lat="48.99972709327" lon="8.39958586232" />
  <node id="26446" visible="true" version="1" lat="48.99972773699" lon="8.39958575838" />
  <node id="26447" visible="true" version="1" lat="48.99972837106" lon="8.399585631" />
  <node id="26448" visible="true" version="1" lat="48.99972899514" lon="8.3995854793" />
  <node id="26449" visible="true" version="1" lat="48.99972960881" lon="8.39958530229" />
  <node id="26450" visible="true" version="1" lat="48.99973021173" lon="8.39958509916" />
  <node id="26451" visible="true" version="1" lat="48.99973080352" lon="8.39958486895" />
  <node id="26452" visible="true" version="1" lat="48.99973138381" lon="8.39958461081" />
  <node id="26453" visible="true" version="1" lat="48.99973195225" lon="8.39958432382" />
  <node id="26454" visible="true" version="1" lat="48.99973250845" lon="8.39958400707" />
  <node id="26455" visible="true" version="1" lat="48.99973305202" lon="8.39958365963" />
  <node id="26456" visible="true" version="1" lat="48.99973358263" lon="8.39958328065" />
  <node id="26457" visible="true" version="1" lat="48.99973409988" lon="8.39958286923" />
  <node id="26458" visible="true" version="1" lat="48.99973460342" lon="8.39958242445" />
  <node id="26459" visible="true" version="1" lat="48.99973509287" lon="8.39958194539" />
  <node id="26460" visible="true" version="1" lat="48.99973556787" lon="8.39958143122" />
  <node id="26461" visible="true" version="1" lat="48.99973602804" lon="8.39958088097" />
  <node id="26462" visible="true" version="1" lat="48.99973647299" lon="8.39958029375" />
  <node id="26463" visible="true" version="1" lat="48.9997369024" lon="8.39957966871" />
  <node id="26464" visible="true" version="1" lat="48.99973731585" lon="8.39957900489" />
  <node id="26465" visible="true" version="1" lat="48.99973771302" lon="8.39957830144" />
  <node id="26466" visible="true" version="1" lat="48.99973809347" lon="8.3995775574" />
  <node id="26467" visible="true" version="1" lat="48.99973845689" lon="8.39957677192" />
  <node id="26468" visible="true" version="1" lat="48.99973880289" lon="8.39957594407" />
  <node id="26469" visible="true" version="1" lat="48.99973913112" lon="8.39957507301" />
  <node id="26471" visible="true" version="1" lat="48.99972041902" lon="8.39962474986" />
  <node id="26472" visible="true" version="1" lat="48.99972262043" lon="8.39962436197" />
  <node id="26473" visible="true" version="1" lat="48.99972477951" lon="8.39962388176" />
  <node id="26474" visible="true" version="1" lat="48.99972689546" lon="8.3996233075" />
  <node id="26475" visible="true" version="1" lat="48.9997289675" lon="8.39962263748" />
  <node id="26476" visible="true" version="1" lat="48.99973099485" lon="8.39962187005" />
  <node id="26477" visible="true" version="1" lat="48.99973297679" lon="8.39962100357" />
  <node id="26478" visible="true" version="1" lat="48.99973491249" lon="8.39962003628" />
  <node id="26479" visible="true" version="1" lat="48.99973680121" lon="8.39961896652" />
  <node id="26480" visible="true" version="1" lat="48.99973864216" lon="8.39961779263" />
  <node id="26481" visible="true" version="1" lat="48.99974043459" lon="8.39961651292" />
  <node id="26482" visible="true" version="1" lat="48.99974217769" lon="8.39961512565" />
  <node id="26483" visible="true" version="1" lat="48.99974387073" lon="8.39961362924" />
  <node id="26484" visible="true" version="1" lat="48.99974551292" lon="8.39961202193" />
  <node id="26485" visible="true" version="1" lat="48.99974710349" lon="8.39961030204" />
  <node id="26486" visible="true" version="1" lat="48.99974864164" lon="8.39960846788" />
  <node id="26487" visible="true" version="1" lat="48.99975012664" lon="8.39960651781" />
  <node id="26488" visible="true" version="1" lat="48.9997515577" lon="8.39960445012" />
  <node id="26489" visible="true" version="1" lat="48.99975293406" lon="8.39960226315" />
  <node id="26490" visible="true" version="1" lat="48.99975425493" lon="8.39959995518" />
  <node id="26491" visible="true" version="1" lat="48.99975551954" lon="8.39959752454" />
  <node id="26492" visible="true" version="1" lat="48.99975672713" lon="8.39959496957" />
  <node id="26493" visible="true" version="1" lat="48.99975787692" lon="8.39959228855" />
  <node id="26494" visible="true" version="1" lat="48.99975896814" lon="8.39958947981" />
  <node id="26495" visible="true" version="1" lat="48.99976" lon="8.39958654166" />
  <node id="26496" visible="true" version="1" lat="48.99976097176" lon="8.39958347245" />
  <node id="26497" visible="true" version="1" lat="48.99976188262" lon="8.39958027043" />
  <node id="26498" visible="true" version="1" lat="48.99976273182" lon="8.39957693398" />
  <node id="26501" visible="true" version="1" lat="48.99972130265" lon="8.39960555424" />
  <node id="26502" visible="true" version="1" lat="48.99972276347" lon="8.39960539611" />
  <node id="26503" visible="true" version="1" lat="48.9997241994" lon="8.39960518268" />
  <node id="26504" visible="true" version="1" lat="48.99972560989" lon="8.39960491271" />
  <node id="26505" visible="true" version="1" lat="48.99972699437" lon="8.39960458491" />
  <node id="26506" visible="true" version="1" lat="48.99972835224" lon="8.39960419793" />
  <node id="26507" visible="true" version="1" lat="48.99972968296" lon="8.39960375053" />
  <node id="26508" visible="true" version="1" lat="48.99973098596" lon="8.39960324143" />
  <node id="26509" visible="true" version="1" lat="48.99973226065" lon="8.39960266929" />
  <node id="26510" visible="true" version="1" lat="48.99973350647" lon="8.39960203284" />
  <node id="26511" visible="true" version="1" lat="48.99973472284" lon="8.39960133079" />
  <node id="26512" visible="true" version="1" lat="48.9997359092" lon="8.39960056186" />
  <node id="26513" visible="true" version="1" lat="48.99973706497" lon="8.39959972473" />
  <node id="26514" visible="true" version="1" lat="48.99973818959" lon="8.39959881815" />
  <node id="26515" visible="true" version="1" lat="48.99973928247" lon="8.39959784077" />
  <node id="26516" visible="true" version="1" lat="48.99974034306" lon="8.39959679134" />
  <node id="26517" visible="true" version="1" lat="48.99974137076" lon="8.39959566855" />
  <node id="26518" visible="true" version="1" lat="48.99974236503" lon="8.39959447112" />
  <node id="26519" visible="true" version="1" lat="48.99974332529" lon="8.39959319775" />
  <node id="26520" visible="true" version="1" lat="48.99974425097" lon="8.39959184718" />
  <node id="26521" visible="true" version="1" lat="48.99974514148" lon="8.39959041807" />
  <node id="26522" visible="true" version="1" lat="48.99974599626" lon="8.39958890914" />
  <node id="26523" visible="true" version="1" lat="48.99974681476" lon="8.39958731914" />
  <node id="26524" visible="true" version="1" lat="48.99974759639" lon="8.39958564672" />
  <node id="26525" visible="true" version="1" lat="48.99974834058" lon="8.39958389063" />
  <node id="26526" visible="true" version="1" lat="48.99974904674" lon="8.39958204953" />
  <node id="26527" visible="true" version="1" lat="48.99974971433" lon="8.39958012218" />
  <node id="26528" visible="true" version="1" lat="48.99975034276" lon="8.39957810725" />
  <node id="26529" visible="true" version="1" lat="48.99975093147" lon="8.39957600349" />
  <node id="26530" visible="true" version="1" lat="48.99975147989" lon="8.39957380956" />
  <node id="26532" visible="true" version="1" lat="48.99977782956" lon="8.40014014064" />
  <node id="26533" visible="true" version="1" lat="48.99977741905" lon="8.40013950564" />
  <node id="26534" visible="true" version="1" lat="48.99977702319" lon="8.40013895151" />
  <node id="26535" visible="true" version="1" lat="48.99977664153" lon="8.40013847576" />
  <node id="26536" visible="true" version="1" lat="48.9997762736" lon="8.40013807587" />
  <node id="26537" visible="true" version="1" lat="48.99977591896" lon="8.40013774935" />
  <node id="26538" visible="true" version="1" lat="48.99977557715" lon="8.40013749368" />
  <node id="26539" visible="true" version="1" lat="48.99977524771" lon="8.40013730636" />
  <node id="26540" visible="true" version="1" lat="48.99977493022" lon="8.40013718487" />
  <node id="26541" visible="true" version="1" lat="48.99977462418" lon="8.40013712674" />
  <node id="26542" visible="true" version="1" lat="48.99977432915" lon="8.40013712943" />
  <node id="26543" visible="true" version="1" lat="48.99977404469" lon="8.40013719045" />
  <node id="26544" visible="true" version="1" lat="48.99977377036" lon="8.40013730729" />
  <node id="26545" visible="true" version="1" lat="48.99977350566" lon="8.40013747744" />
  <node id="26546" visible="true" version="1" lat="48.99977325017" lon="8.40013769841" />
  <node id="26547" visible="true" version="1" lat="48.99977300343" lon="8.40013796768" />
  <node id="26548" visible="true" version="1" lat="48.99977276497" lon="8.40013828274" />
  <node id="26549" visible="true" version="1" lat="48.99977253438" lon="8.4001386411" />
  <node id="26550" visible="true" version="1" lat="48.99977231115" lon="8.40013904024" />
  <node id="26551" visible="true" version="1" lat="48.99977209486" lon="8.40013947766" />
  <node id="26552" visible="true" version="1" lat="48.99977188505" lon="8.40013995087" />
  <node id="26553" visible="true" version="1" lat="48.99977168126" lon="8.40014045733" />
  <node id="26554" visible="true" version="1" lat="48.99977148306" lon="8.40014099456" />
  <node id="26555" visible="true" version="1" lat="48.99977128996" lon="8.40014156005" />
  <node id="26556" visible="true" version="1" lat="48.99977110152" lon="8.40014215129" />
  <node id="26557" visible="true" version="1" lat="48.9997709173" lon="8.40014276578" />
  <node id="26558" visible="true" version="1" lat="48.99977073683" lon="8.400143401" />
  <node id="26559" visible="true" version="1" lat="48.99977055968" lon="8.40014405446" />
  <node id="26561" visible="true" version="1" lat="48.99978456008" lon="8.40011465368" />
  <node id="26562" visible="true" version="1" lat="48.9997826318" lon="8.40011201325" />
  <node id="26563" visible="true" version="1" lat="48.99978074356" lon="8.40010958007" />
  <node id="26564" visible="true" version="1" lat="48.99977889529" lon="8.40010735405" />
  <node id="26565" visible="true" version="1" lat="48.99977708701" lon="8.4001053351" />
  <node id="26566" visible="true" version="1" lat="48.99977531871" lon="8.40010352312" />
  <node id="26567" visible="true" version="1" lat="48.99977359033" lon="8.40010191801" />
  <node id="26568" visible="true" version="1" lat="48.99977190189" lon="8.40010051968" />
  <node id="26569" visible="true" version="1" lat="48.99977025335" lon="8.40009932805" />
  <node id="26570" visible="true" version="1" lat="48.99976864469" lon="8.40009834301" />
  <node id="26571" visible="true" version="1" lat="48.99976707591" lon="8.40009756445" />
  <node id="26572" visible="true" version="1" lat="48.99976554698" lon="8.40009699231" />
  <node id="26573" visible="true" version="1" lat="48.99976405789" lon="8.40009662647" />
  <node id="26574" visible="true" version="1" lat="48.9997626086" lon="8.40009646685" />
  <node id="26575" visible="true" version="1" lat="48.99976119913" lon="8.40009651333" />
  <node id="26576" visible="true" version="1" lat="48.99975982941" lon="8.40009676585" />
  <node id="26577" visible="true" version="1" lat="48.99975849946" lon="8.4000972243" />
  <node id="26578" visible="true" version="1" lat="48.99975720927" lon="8.40009788857" />
  <node id="26579" visible="true" version="1" lat="48.99975595878" lon="8.40009875859" />
  <node id="26580" visible="true" version="1" lat="48.99975474801" lon="8.40009983424" />
  <node id="26581" visible="true" version="1" lat="48.99975357692" lon="8.40010111546" />
  <node id="26582" visible="true" version="1" lat="48.99975244551" lon="8.40010260211" />
  <node id="26583" visible="true" version="1" lat="48.99975135373" lon="8.40010429414" />
  <node id="26584" visible="true" version="1" lat="48.99975030158" lon="8.40010619143" />
  <node id="26585" visible="true" version="1" lat="48.99974928907" lon="8.40010829388" />
  <node id="26586" visible="true" version="1" lat="48.99974831613" lon="8.40011060142" />
  <node id="26587" visible="true" version="1" lat="48.99974738279" lon="8.40011311393" />
  <node id="26588" visible="true" version="1" lat="48.99974648899" lon="8.40011583133" />
  <node id="26591" visible="true" version="1" lat="48.99978239177" lon="8.40012918025" />
  <node id="26592" visible="true" version="1" lat="48.99978119482" lon="8.40012739716" />
  <node id="26593" visible="true" version="1" lat="48.99978002543" lon="8.40012575944" />
  <node id="26594" visible="true" version="1" lat="48.99977888337" lon="8.40012426579" />
  <node id="26595" visible="true" version="1" lat="48.99977776842" lon="8.4001229149" />
  <node id="26596" visible="true" version="1" lat="48.99977668031" lon="8.40012170549" />
  <node id="26597" visible="true" version="1" lat="48.99977561883" lon="8.40012063623" />
  <node id="26598" visible="true" version="1" lat="48.99977458374" lon="8.40011970584" />
  <node id="26599" visible="true" version="1" lat="48.9997735748" lon="8.40011891302" />
  <node id="26600" visible="true" version="1" lat="48.99977259178" lon="8.40011825646" />
  <node id="26601" visible="true" version="1" lat="48.99977163443" lon="8.40011773487" />
  <node id="26602" visible="true" version="1" lat="48.99977070254" lon="8.40011734694" />
  <node id="26603" visible="true" version="1" lat="48.99976979584" lon="8.40011709138" />
  <node id="26604" visible="true" version="1" lat="48.99976891413" lon="8.40011696687" />
  <node id="26605" visible="true" version="1" lat="48.99976805714" lon="8.40011697214" />
  <node id="26606" visible="true" version="1" lat="48.99976722465" lon="8.40011710587" />
  <node id="26607" visible="true" version="1" lat="48.99976641642" lon="8.40011736676" />
  <node id="26608" visible="true" version="1" lat="48.99976563222" lon="8.40011775352" />
  <node id="26609" visible="true" version="1" lat="48.99976487182" lon="8.40011826483" />
  <node id="26610" visible="true" version="1" lat="48.99976413497" lon="8.40011889941" />
  <node id="26611" visible="true" version="1" lat="48.99976342144" lon="8.40011965595" />
  <node id="26612" visible="true" version="1" lat="48.99976273098" lon="8.40012053316" />
  <node id="26613" visible="true" version="1" lat="48.99976206338" lon="8.40012152972" />
  <node id="26614" visible="true" version="1" lat="48.9997614184" lon="8.40012264434" />
  <node id="26615" visible="true" version="1" lat="48.99976079577" lon="8.40012387573" />
  <node id="26616" visible="true" version="1" lat="48.9997601953" lon="8.40012522258" />
  <node id="26617" visible="true" version="1" lat="48.99975961672" lon="8.40012668359" />
  <node id="26618" visible="true" version="1" lat="48.99975905981" lon="8.40012825746" />
  <node id="26619" visible="true" version="1" lat="48.99975852434" lon="8.40012994289" />
  <node id="26620" visible="true" version="1" lat="48.99975801005" lon="8.40013173858" />
  <node id="26622" visible="true" version="1" lat="48.99972406742" lon="8.39963737682" />
  <node id="26623" visible="true" version="1" lat="48.99972421455" lon="8.39963655743" />
  <node id="26624" visible="true" version="1" lat="48.99972434086" lon="8.39963576011" />
  <node id="26625" visible="true" version="1" lat="48.99972444571" lon="8.39963498554" />
  <node id="26626" visible="true" version="1" lat="48.99972452844" lon="8.39963423443" />
  <node id="26627" visible="true" version="1" lat="48.99972458837" lon="8.39963350742" />
  <node id="26628" visible="true" version="1" lat="48.99972462489" lon="8.39963280529" />
  <node id="26629" visible="true" version="1" lat="48.99972463733" lon="8.3996321287" />
  <node id="26630" visible="true" version="1" lat="48.99972462503" lon="8.39963147833" />
  <node id="26631" visible="true" version="1" lat="48.99972458733" lon="8.39963085489" />
  <node id="26632" visible="true" version="1" lat="48.99972452358" lon="8.39963025906" />
  <node id="26633" visible="true" version="1" lat="48.99972443314" lon="8.39962969154" />
  <node id="26634" visible="true" version="1" lat="48.99972431531" lon="8.39962915298" />
  <node id="26635" visible="true" version="1" lat="48.9997241695" lon="8.39962864415" />
  <node id="26636" visible="true" version="1" lat="48.99972399502" lon="8.39962816573" />
  <node id="26637" visible="true" version="1" lat="48.99972379123" lon="8.39962771837" />
  <node id="26638" visible="true" version="1" lat="48.99972355746" lon="8.3996273028" />
  <node id="26639" visible="true" version="1" lat="48.99972329305" lon="8.39962691971" />
  <node id="26640" visible="true" version="1" lat="48.99972299735" lon="8.39962656973" />
  <node id="26641" visible="true" version="1" lat="48.99972266974" lon="8.39962625365" />
  <node id="26642" visible="true" version="1" lat="48.99972230952" lon="8.39962597213" />
  <node id="26643" visible="true" version="1" lat="48.99972191606" lon="8.39962572585" />
  <node id="26644" visible="true" version="1" lat="48.99972148871" lon="8.39962551551" />
  <node id="26645" visible="true" version="1" lat="48.9997210268" lon="8.3996253418" />
  <node id="26646" visible="true" version="1" lat="48.99972052967" lon="8.39962520543" />
  <node id="26647" visible="true" version="1" lat="48.99971999667" lon="8.39962510703" />
  <node id="26648" visible="true" version="1" lat="48.99971942717" lon="8.39962504739" />
  <node id="26649" visible="true" version="1" lat="48.9997188205" lon="8.39962502716" />
  <node id="26651" visible="true" version="1" lat="48.9997508956" lon="8.39963227129" />
  <node id="26652" visible="true" version="1" lat="48.99975160285" lon="8.39962888924" />
  <node id="26653" visible="true" version="1" lat="48.99975217561" lon="8.39962564813" />
  <node id="26654" visible="true" version="1" lat="48.99975261526" lon="8.39962254645" />
  <node id="26655" visible="true" version="1" lat="48.99975292322" lon="8.39961958284" />
  <node id="26656" visible="true" version="1" lat="48.99975310085" lon="8.39961675575" />
  <node id="26657" visible="true" version="1" lat="48.99975314959" lon="8.39961406378" />
  <node id="26658" visible="true" version="1" lat="48.99975307081" lon="8.39961150546" />
  <node id="26659" visible="true" version="1" lat="48.99975286589" lon="8.39960907927" />
  <node id="26660" visible="true" version="1" lat="48.99975253625" lon="8.39960678383" />
  <node id="26661" visible="true" version="1" lat="48.99975208327" lon="8.39960461759" />
  <node id="26662" visible="true" version="1" lat="48.99975150836" lon="8.39960257919" />
  <node id="26663" visible="true" version="1" lat="48.99975081291" lon="8.39960066711" />
  <node id="26664" visible="true" version="1" lat="48.99974999828" lon="8.39959887986" />
  <node id="26665" visible="true" version="1" lat="48.99974906592" lon="8.39959721605" />
  <node id="26666" visible="true" version="1" lat="48.99974801718" lon="8.39959567414" />
  <node id="26667" visible="true" version="1" lat="48.99974685349" lon="8.39959425276" />
  <node id="26668" visible="true" version="1" lat="48.99974557622" lon="8.39959295039" />
  <node id="26669" visible="true" version="1" lat="48.99974418676" lon="8.39959176554" />
  <node id="26670" visible="true" version="1" lat="48.99974268654" lon="8.39959069683" />
  <node id="26671" visible="true" version="1" lat="48.9997410769" lon="8.39958974271" />
  <node id="26672" visible="true" version="1" lat="48.9997393593" lon="8.3995889018" />
  <node id="26673" visible="true" version="1" lat="48.99973753509" lon="8.39958817261" />
  <node id="26674" visible="true" version="1" lat="48.99973560566" lon="8.39958755363" />
  <node id="26675" visible="true" version="1" lat="48.99973357244" lon="8.39958704347" />
  <node id="26676" visible="true" version="1" lat="48.9997314368" lon="8.39958664065" />
  <node id="26677" visible="true" version="1" lat="48.99972920012" lon="8.39958634364" />
  <node id="26678" visible="true" version="1" lat="48.99972686384" lon="8.39958615109" />
  <node id="26681" visible="true" version="1" lat="48.9997369763" lon="8.39963700668" />
  <node id="26682" visible="true" version="1" lat="48.99973748151" lon="8.39963482406" />
  <node id="26683" visible="true" version="1" lat="48.9997379087" lon="8.39963272334" />
  <node id="26684" visible="true" version="1" lat="48.99973825824" lon="8.39963070412" />
  <node id="26685" visible="true" version="1" lat="48.99973853048" lon="8.399628766" />
  <node id="26686" visible="true" version="1" lat="48.99973872583" lon="8.39962690864" />
  <node id="26687" visible="true" version="1" lat="48.99973884461" lon="8.39962513159" />
  <node id="26688" visible="true" version="1" lat="48.99973888724" lon="8.39962343454" />
  <node id="26689" visible="true" version="1" lat="48.99973885407" lon="8.39962181708" />
  <node id="26690" visible="true" version="1" lat="48.99973874546" lon="8.3996202788" />
  <node id="26691" visible="true" version="1" lat="48.99973856179" lon="8.39961881936" />
  <node id="26692" visible="true" version="1" lat="48.99973830343" lon="8.39961743833" />
  <node id="26693" visible="true" version="1" lat="48.99973797075" lon="8.39961613537" />
  <node id="26694" visible="true" version="1" lat="48.99973756411" lon="8.39961491005" />
  <node id="26695" visible="true" version="1" lat="48.99973708389" lon="8.39961376201" />
  <node id="26696" visible="true" version="1" lat="48.99973653047" lon="8.39961269089" />
  <node id="26697" visible="true" version="1" lat="48.9997359042" lon="8.39961169626" />
  <node id="26698" visible="true" version="1" lat="48.99973520547" lon="8.39961077778" />
  <node id="26699" visible="true" version="1" lat="48.99973443464" lon="8.39960993505" />
  <node id="26700" visible="true" version="1" lat="48.99973359206" lon="8.39960916764" />
  <node id="26701" visible="true" version="1" lat="48.99973267814" lon="8.39960847524" />
  <node id="26702" visible="true" version="1" lat="48.99973169321" lon="8.39960785742" />
  <node id="26703" visible="true" version="1" lat="48.99973063768" lon="8.39960731383" />
  <node id="26704" visible="true" version="1" lat="48.9997295119" lon="8.39960684406" />
  <node id="26705" visible="true" version="1" lat="48.99972831623" lon="8.39960644772" />
  <node id="26706" visible="true" version="1" lat="48.99972705106" lon="8.39960612446" />
  <node id="26707" visible="true" version="1" lat="48.99972571674" lon="8.39960587384" />
  <node id="26708" visible="true" version="1" lat="48.99972431365" lon="8.39960569552" />
  <node id="26709" visible="true" version="1" lat="48.99972284217" lon="8.39960558913" />
  <node id="26710" visible="true" version="1" lat="48.99972130265" lon="8.39960555424" />
  <node id="26712" visible="true" version="1" lat="49.00008388399" lon="8.39950861231" />
  <node id="26713" visible="true" version="1" lat="49.00008423857" lon="8.39950860768" />
  <node id="26714" visible="true" version="1" lat="49.00008457354" lon="8.39950857864" />
  <node id="26715" visible="true" version="1" lat="49.00008488917" lon="8.39950852548" />
  <node id="26716" visible="true" version="1" lat="49.0000851857" lon="8.39950844855" />
  <node id="26717" visible="true" version="1" lat="49.00008546343" lon="8.39950834812" />
  <node id="26718" visible="true" version="1" lat="49.00008572259" lon="8.39950822462" />
  <node id="26719" visible="true" version="1" lat="49.00008596344" lon="8.39950807832" />
  <node id="26720" visible="true" version="1" lat="49.00008618627" lon="8.39950790956" />
  <node id="26721" visible="true" version="1" lat="49.00008639132" lon="8.39950771866" />
  <node id="26722" visible="true" version="1" lat="49.00008657887" lon="8.39950750595" />
  <node id="26723" visible="true" version="1" lat="49.00008674917" lon="8.39950727176" />
  <node id="26724" visible="true" version="1" lat="49.00008690249" lon="8.39950701642" />
  <node id="26725" visible="true" version="1" lat="49.0000870391" lon="8.39950674026" />
  <node id="26726" visible="true" version="1" lat="49.00008715928" lon="8.39950644355" />
  <node id="26727" visible="true" version="1" lat="49.00008726324" lon="8.39950612673" />
  <node id="26728" visible="true" version="1" lat="49.00008735128" lon="8.39950579006" />
  <node id="26729" visible="true" version="1" lat="49.00008742366" lon="8.39950543388" />
  <node id="26730" visible="true" version="1" lat="49.00008748064" lon="8.39950505851" />
  <node id="26731" visible="true" version="1" lat="49.00008752248" lon="8.3995046643" />
  <node id="26732" visible="true" version="1" lat="49.00008754945" lon="8.39950425155" />
  <node id="26733" visible="true" version="1" lat="49.00008756181" lon="8.3995038206" />
  <node id="26734" visible="true" version="1" lat="49.00008755983" lon="8.39950337179" />
  <node id="26735" visible="true" version="1" lat="49.00008754376" lon="8.39950290543" />
  <node id="26736" visible="true" version="1" lat="49.0000875139" lon="8.39950242182" />
  <node id="26737" visible="true" version="1" lat="49.00008747046" lon="8.39950192135" />
  <node id="26738" visible="true" version="1" lat="49.00008741372" lon="8.39950140434" />
  <node id="26739" visible="true" version="1" lat="49.00008734396" lon="8.39950087108" />
  <node id="26741" visible="true" version="1" lat="49.00008769366" lon="8.39953595591" />
  <node id="26742" visible="true" version="1" lat="49.00009001081" lon="8.39953646512" />
  <node id="26743" visible="true" version="1" lat="49.00009224192" lon="8.39953685799" />
  <node id="26744" visible="true" version="1" lat="49.00009438551" lon="8.39953713261" />
  <node id="26745" visible="true" version="1" lat="49.0000964402" lon="8.39953728705" />
  <node id="26746" visible="true" version="1" lat="49.00009840454" lon="8.39953731938" />
  <node id="26747" visible="true" version="1" lat="49.00010027712" lon="8.39953722767" />
  <node id="26748" visible="true" version="1" lat="49.0001020565" lon="8.39953701" />
  <node id="26749" visible="true" version="1" lat="49.00010374126" lon="8.39953666443" />
  <node id="26750" visible="true" version="1" lat="49.00010532998" lon="8.39953618904" />
  <node id="26751" visible="true" version="1" lat="49.00010682124" lon="8.39953558185" />
  <node id="26752" visible="true" version="1" lat="49.00010821359" lon="8.39953484104" />
  <node id="26753" visible="true" version="1" lat="49.00010950562" lon="8.39953396462" />
  <node id="26754" visible="true" version="1" lat="49.00011069589" lon="8.39953295067" />
  <node id="26755" visible="true" version="1" lat="49.00011178299" lon="8.39953179726" />
  <node id="26756" visible="true" version="1" lat="49.00011276549" lon="8.39953050247" />
  <node id="26757" visible="true" version="1" lat="49.00011364196" lon="8.39952906436" />
  <node id="26758" visible="true" version="1" lat="49.00011441097" lon="8.39952748101" />
  <node id="26759" visible="true" version="1" lat="49.00011507111" lon="8.3995257505" />
  <node id="26760" visible="true" version="1" lat="49.00011562095" lon="8.39952387089" />
  <node id="26761" visible="true" version="1" lat="49.00011605907" lon="8.39952184022" />
  <node id="26762" visible="true" version="1" lat="49.00011638402" lon="8.39951965664" />
  <node id="26763" visible="true" version="1" lat="49.00011659439" lon="8.39951731819" />
  <node id="26764" visible="true" version="1" lat="49.00011668874" lon="8.39951482293" />
  <node id="26765" visible="true" version="1" lat="49.00011666566" lon="8.39951216894" />
  <node id="26766" visible="true" version="1" lat="49.00011652373" lon="8.39950935429" />
  <node id="26767" visible="true" version="1" lat="49.0001162615" lon="8.39950637705" />
  <node id="26768" visible="true" version="1" lat="49.00011587756" lon="8.3995032353" />
  <node id="26771" visible="true" version="1" lat="49.00008440069" lon="8.3995219622" />
  <node id="26772" visible="true" version="1" lat="49.00008578882" lon="8.39952228411" />
  <node id="26773" visible="true" version="1" lat="49.00008712469" lon="8.3995225364" />
  <node id="26774" visible="true" version="1" lat="49.00008840773" lon="8.39952271831" />
  <node id="26775" visible="true" version="1" lat="49.00008963734" lon="8.39952282904" />
  <node id="26776" visible="true" version="1" lat="49.00009081295" lon="8.39952286779" />
  <node id="26777" visible="true" version="1" lat="49.00009193399" lon="8.39952283375" />
  <node id="26778" visible="true" version="1" lat="49.00009299986" lon="8.39952272614" />
  <node id="26779" visible="true" version="1" lat="49.00009400997" lon="8.39952254416" />
  <node id="26780" visible="true" version="1" lat="49.00009496377" lon="8.39952228699" />
  <node id="26781" visible="true" version="1" lat="49.00009586065" lon="8.39952195385" />
  <node id="26782" visible="true" version="1" lat="49.00009670006" lon="8.3995215439" />
  <node id="26783" visible="true" version="1" lat="49.00009748138" lon="8.3995210564" />
  <node id="26784" visible="true" version="1" lat="49.00009820406" lon="8.39952049052" />
  <node id="26785" visible="true" version="1" lat="49.0000988675" lon="8.39951984546" />
  <node id="26786" visible="true" version="1" lat="49.00009947113" lon="8.39951912041" />
  <node id="26787" visible="true" version="1" lat="49.00010001437" lon="8.3995183146" />
  <node id="26788" visible="true" version="1" lat="49.00010049662" lon="8.39951742721" />
  <node id="26789" visible="true" version="1" lat="49.00010091732" lon="8.39951645744" />
  <node id="26790" visible="true" version="1" lat="49.00010127587" lon="8.3995154045" />
  <node id="26791" visible="true" version="1" lat="49.00010157172" lon="8.39951426759" />
  <node id="26792" visible="true" version="1" lat="49.00010180426" lon="8.39951304588" />
  <node id="26793" visible="true" version="1" lat="49.00010197291" lon="8.39951173862" />
  <node id="26794" visible="true" version="1" lat="49.00010207711" lon="8.39951034499" />
  <node id="26795" visible="true" version="1" lat="49.00010211625" lon="8.39950886418" />
  <node id="26796" visible="true" version="1" lat="49.00010208978" lon="8.39950729538" />
  <node id="26797" visible="true" version="1" lat="49.00010199709" lon="8.39950563782" />
  <node id="26798" visible="true" version="1" lat="49.00010183761" lon="8.39950389069" />
  <node id="26799" visible="true" version="1" lat="49.00010161076" lon="8.39950205319" />
  <node id="26800" visible="true" version="1" lat="49.00010131597" lon="8.3995001245" />
  <node id="26802" visible="true" version="1" lat="49.00013077172" lon="8.39954979366" />
  <node id="26803" visible="true" version="1" lat="49.00013048219" lon="8.39954974894" />
  <node id="26804" visible="true" version="1" lat="49.00013020216" lon="8.39954971626" />
  <node id="26805" visible="true" version="1" lat="49.00012993196" lon="8.399549696" />
  <node id="26806" visible="true" version="1" lat="49.00012967186" lon="8.39954968854" />
  <node id="26807" visible="true" version="1" lat="49.0001294222" lon="8.39954969429" />
  <node id="26808" visible="true" version="1" lat="49.00012918326" lon="8.39954971361" />
  <node id="26809" visible="true" version="1" lat="49.00012895537" lon="8.39954974693" />
  <node id="26810" visible="true" version="1" lat="49.00012873883" lon="8.39954979461" />
  <node id="26811" visible="true" version="1" lat="49.00012853396" lon="8.39954985705" />
  <node id="26812" visible="true" version="1" lat="49.00012834105" lon="8.39954993464" />
  <node id="26813" visible="true" version="1" lat="49.00012816042" lon="8.39955002777" />
  <node id="26814" visible="true" version="1" lat="49.00012799237" lon="8.39955013684" />
  <node id="26815" visible="true" version="1" lat="49.00012783722" lon="8.39955026222" />
  <node id="26816" visible="true" version="1" lat="49.00012769526" lon="8.39955040431" />
  <node id="26817" visible="true" version="1" lat="49.00012756682" lon="8.39955056351" />
  <node id="26818" visible="true" version="1" lat="49.0001274522" lon="8.3995507402" />
  <node id="26819" visible="true" version="1" lat="49.0001273517" lon="8.39955093477" />
  <node id="26820" visible="true" version="1" lat="49.00012726564" lon="8.39955114762" />
  <node id="26821" visible="true" version="1" lat="49.00012719432" lon="8.39955137912" />
  <node id="26822" visible="true" version="1" lat="49.00012713805" lon="8.39955162968" />
  <node id="26823" visible="true" version="1" lat="49.00012709714" lon="8.39955189969" />
  <node id="26824" visible="true" version="1" lat="49.0001270719" lon="8.39955218953" />
  <node id="26825" visible="true" version="1" lat="49.00012706264" lon="8.39955249959" />
  <node id="26826" visible="true" version="1" lat="49.00012706966" lon="8.39955283027" />
  <node id="26827" visible="true" version="1" lat="49.00012709327" lon="8.39955318194" />
  <node id="26828" visible="true" version="1" lat="49.0001271338" lon="8.39955355503" />
  <node id="26829" visible="true" version="1" lat="49.00012719152" lon="8.39955394988" />
  <node id="26831" visible="true" version="1" lat="49.00012542513" lon="8.39951924844" />
  <node id="26832" visible="true" version="1" lat="49.00012309122" lon="8.3995186663" />
  <node id="26833" visible="true" version="1" lat="49.00012083889" lon="8.3995181873" />
  <node id="26834" visible="true" version="1" lat="49.00011867061" lon="8.39951781445" />
  <node id="26835" visible="true" version="1" lat="49.00011658879" lon="8.39951755091" />
  <node id="26836" visible="true" version="1" lat="49.00011459591" lon="8.39951739968" />
  <node id="26837" visible="true" version="1" lat="49.00011269438" lon="8.39951736393" />
  <node id="26838" visible="true" version="1" lat="49.00011088667" lon="8.39951744668" />
  <node id="26839" visible="true" version="1" lat="49.0001091752" lon="8.3995176511" />
  <node id="26840" visible="true" version="1" lat="49.00010756244" lon="8.39951798016" />
  <node id="26841" visible="true" version="1" lat="49.00010605082" lon="8.39951843702" />
  <node id="26842" visible="true" version="1" lat="49.00010464275" lon="8.39951902481" />
  <node id="26843" visible="true" version="1" lat="49.00010334073" lon="8.39951974651" />
  <node id="26844" visible="true" version="1" lat="49.00010214716" lon="8.39952060531" />
  <node id="26845" visible="true" version="1" lat="49.00010106451" lon="8.39952160421" />
  <node id="26846" visible="true" version="1" lat="49.0001000952" lon="8.39952274637" />
  <node id="26847" visible="true" version="1" lat="49.0000992417" lon="8.39952403481" />
  <node id="26848" visible="true" version="1" lat="49.00009850642" lon="8.39952547268" />
  <node id="26849" visible="true" version="1" lat="49.00009789183" lon="8.39952706299" />
  <node id="26850" visible="true" version="1" lat="49.00009740036" lon="8.39952880893" />
  <node id="26851" visible="true" version="1" lat="49.00009703446" lon="8.39953071348" />
  <node id="26852" visible="true" version="1" lat="49.00009679659" lon="8.39953277978" />
  <node id="26853" visible="true" version="1" lat="49.00009668914" lon="8.39953501095" />
  <node id="26854" visible="true" version="1" lat="49.0000967146" lon="8.39953741" />
  <node id="26855" visible="true" version="1" lat="49.00009687538" lon="8.3995399801" />
  <node id="26856" visible="true" version="1" lat="49.00009717396" lon="8.39954272424" />
  <node id="26857" visible="true" version="1" lat="49.00009761275" lon="8.39954564561" />
  <node id="26858" visible="true" version="1" lat="49.00009819422" lon="8.39954874721" />
  <node id="26861" visible="true" version="1" lat="49.00012945432" lon="8.39953489027" />
  <node id="26862" visible="true" version="1" lat="49.00012809843" lon="8.39953452105" />
  <node id="26863" visible="true" version="1" lat="49.00012678671" lon="8.39953420762" />
  <node id="26864" visible="true" version="1" lat="49.00012552053" lon="8.39953395178" />
  <node id="26865" visible="true" version="1" lat="49.00012430128" lon="8.39953375522" />
  <node id="26866" visible="true" version="1" lat="49.00012313033" lon="8.39953361972" />
  <node id="26867" visible="true" version="1" lat="49.00012200905" lon="8.39953354698" />
  <node id="26868" visible="true" version="1" lat="49.00012093882" lon="8.39953353877" />
  <node id="26869" visible="true" version="1" lat="49.00011992102" lon="8.3995335968" />
  <node id="26870" visible="true" version="1" lat="49.00011895702" lon="8.39953372285" />
  <node id="26871" visible="true" version="1" lat="49.0001180482" lon="8.3995339186" />
  <node id="26872" visible="true" version="1" lat="49.00011719593" lon="8.39953418583" />
  <node id="26873" visible="true" version="1" lat="49.00011640159" lon="8.39953452628" />
  <node id="26874" visible="true" version="1" lat="49.00011566655" lon="8.39953494167" />
  <node id="26875" visible="true" version="1" lat="49.00011499219" lon="8.39953543376" />
  <node id="26876" visible="true" version="1" lat="49.00011437989" lon="8.39953600425" />
  <node id="26877" visible="true" version="1" lat="49.00011383101" lon="8.39953665494" />
  <node id="26878" visible="true" version="1" lat="49.00011334695" lon="8.3995373875" />
  <node id="26879" visible="true" version="1" lat="49.00011292906" lon="8.39953820372" />
  <node id="26880" visible="true" version="1" lat="49.00011257874" lon="8.3995391053" />
  <node id="26881" visible="true" version="1" lat="49.00011229734" lon="8.39954009402" />
  <node id="26882" visible="true" version="1" lat="49.00011208626" lon="8.39954117158" />
  <node id="26883" visible="true" version="1" lat="49.00011194686" lon="8.39954233973" />
  <node id="26884" visible="true" version="1" lat="49.00011188052" lon="8.39954360024" />
  <node id="26885" visible="true" version="1" lat="49.00011188862" lon="8.39954495479" />
  <node id="26886" visible="true" version="1" lat="49.00011197252" lon="8.39954640518" />
  <node id="26887" visible="true" version="1" lat="49.00011213362" lon="8.39954795309" />
  <node id="26888" visible="true" version="1" lat="49.00011237327" lon="8.39954960032" />
  <node id="26889" visible="true" version="1" lat="49.00011269287" lon="8.39955134854" />
  <node id="26890" visible="true" version="1" lat="49.00011309378" lon="8.39955319955" />
  <node id="26892" visible="true" version="1" lat="49.00012890354" lon="8.39954925815" />
  <node id="26893" visible="true" version="1" lat="49.00012676907" lon="8.39954861115" />
  <node id="26894" visible="true" version="1" lat="49.00012466858" lon="8.39954790637" />
  <node id="26895" visible="true" version="1" lat="49.00012260369" lon="8.39954714103" />
  <node id="26896" visible="true" version="1" lat="49.000120576" lon="8.39954631244" />
  <node id="26897" visible="true" version="1" lat="49.00011858714" lon="8.39954541781" />
  <node id="26898" visible="true" version="1" lat="49.00011663874" lon="8.3995444544" />
  <node id="26899" visible="true" version="1" lat="49.00011473236" lon="8.39954341951" />
  <node id="26900" visible="true" version="1" lat="49.00011286965" lon="8.39954231034" />
  <node id="26901" visible="true" version="1" lat="49.00011105219" lon="8.39954112422" />
  <node id="26902" visible="true" version="1" lat="49.00010928162" lon="8.39953985838" />
  <node id="26903" visible="true" version="1" lat="49.00010755952" lon="8.3995385101" />
  <node id="26904" visible="true" version="1" lat="49.00010588749" lon="8.39953707667" />
  <node id="26905" visible="true" version="1" lat="49.00010426719" lon="8.39953555527" />
  <node id="26906" visible="true" version="1" lat="49.00010270019" lon="8.39953394322" />
  <node id="26907" visible="true" version="1" lat="49.00010118814" lon="8.39953223773" />
  <node id="26908" visible="true" version="1" lat="49.00009973259" lon="8.39953043615" />
  <node id="26909" visible="true" version="1" lat="49.00009833519" lon="8.39952853569" />
  <node id="26910" visible="true" version="1" lat="49.00009699754" lon="8.39952653361" />
  <node id="26911" visible="true" version="1" lat="49.00009572124" lon="8.39952442721" />
  <node id="26912" visible="true" version="1" lat="49.00009450793" lon="8.39952221366" />
  <node id="26913" visible="true" version="1" lat="49.00009335918" lon="8.39951989034" />
  <node id="26914" visible="true" version="1" lat="49.00009227663" lon="8.39951745445" />
  <node id="26915" visible="true" version="1" lat="49.00009126187" lon="8.39951490326" />
  <node id="26916" visible="true" version="1" lat="49.00009031654" lon="8.399512234" />
  <node id="26917" visible="true" version="1" lat="49.0000894422" lon="8.39950944401" />
  <node id="26918" visible="true" version="1" lat="49.00008864051" lon="8.39950653047" />
  <node id="26919" visible="true" version="1" lat="49.00008791305" lon="8.39950349071" />
  <node id="26921" visible="true" version="1" lat="49.00012714654" lon="8.39951966942" />
  <node id="26922" visible="true" version="1" lat="49.0001264762" lon="8.39951937336" />
  <node id="26923" visible="true" version="1" lat="49.00012582685" lon="8.39951904294" />
  <node id="26924" visible="true" version="1" lat="49.00012519824" lon="8.39951867852" />
  <node id="26925" visible="true" version="1" lat="49.00012459004" lon="8.3995182807" />
  <node id="26926" visible="true" version="1" lat="49.00012400201" lon="8.39951784986" />
  <node id="26927" visible="true" version="1" lat="49.00012343382" lon="8.39951738652" />
  <node id="26928" visible="true" version="1" lat="49.00012288521" lon="8.3995168911" />
  <node id="26929" visible="true" version="1" lat="49.00012235587" lon="8.39951636416" />
  <node id="26930" visible="true" version="1" lat="49.0001218455" lon="8.39951580613" />
  <node id="26931" visible="true" version="1" lat="49.00012135384" lon="8.39951521743" />
  <node id="26932" visible="true" version="1" lat="49.00012088059" lon="8.39951459863" />
  <node id="26933" visible="true" version="1" lat="49.00012042545" lon="8.39951395015" />
  <node id="26934" visible="true" version="1" lat="49.00011998812" lon="8.39951327251" />
  <node id="26935" visible="true" version="1" lat="49.00011956834" lon="8.39951256613" />
  <node id="26936" visible="true" version="1" lat="49.00011916581" lon="8.39951183149" />
  <node id="26937" visible="true" version="1" lat="49.00011878024" lon="8.39951106911" />
  <node id="26938" visible="true" version="1" lat="49.00011841132" lon="8.39951027942" />
  <node id="26939" visible="true" version="1" lat="49.00011805879" lon="8.3995094629" />
  <node id="26940" visible="true" version="1" lat="49.00011772235" lon="8.39950862004" />
  <node id="26941" visible="true" version="1" lat="49.00011740169" lon="8.39950775135" />
  <node id="26942" visible="true" version="1" lat="49.00011709655" lon="8.39950685723" />
  <node id="26943" visible="true" version="1" lat="49.00011680665" lon="8.39950593815" />
  <node id="26944" visible="true" version="1" lat="49.00011653164" lon="8.39950499467" />
  <node id="26945" visible="true" version="1" lat="49.0001162713" lon="8.3995040272" />
  <node id="26946" visible="true" version="1" lat="49.00011602529" lon="8.39950303625" />
  <node id="26947" visible="true" version="1" lat="49.00011579335" lon="8.39950202226" />
  <node id="26948" visible="true" version="1" lat="49.00011557519" lon="8.39950098571" />
  <node id="26951" visible="true" version="1" lat="49.00012945432" lon="8.39953489027" />
  <node id="26952" visible="true" version="1" lat="49.00012802504" lon="8.39953446378" />
  <node id="26953" visible="true" version="1" lat="49.00012662264" lon="8.39953399226" />
  <node id="26954" visible="true" version="1" lat="49.00012524772" lon="8.39953347465" />
  <node id="26955" visible="true" version="1" lat="49.00012390096" lon="8.39953290978" />
  <node id="26956" visible="true" version="1" lat="49.00012258302" lon="8.39953229657" />
  <node id="26957" visible="true" version="1" lat="49.00012129458" lon="8.39953163383" />
  <node id="26958" visible="true" version="1" lat="49.00012003628" lon="8.39953092046" />
  <node id="26959" visible="true" version="1" lat="49.00011880879" lon="8.39953015531" />
  <node id="26960" visible="true" version="1" lat="49.00011761276" lon="8.39952933725" />
  <node id="26961" visible="true" version="1" lat="49.00011644884" lon="8.39952846517" />
  <node id="26962" visible="true" version="1" lat="49.00011531773" lon="8.39952753791" />
  <node id="26963" visible="true" version="1" lat="49.00011422005" lon="8.39952655437" />
  <node id="26964" visible="true" version="1" lat="49.00011315647" lon="8.39952551341" />
  <node id="26965" visible="true" version="1" lat="49.00011212765" lon="8.39952441389" />
  <node id="26966" visible="true" version="1" lat="49.00011113426" lon="8.39952325467" />
  <node id="26967" visible="true" version="1" lat="49.00011017698" lon="8.39952203461" />
  <node id="26968" visible="true" version="1" lat="49.00010925641" lon="8.39952075263" />
  <node id="26969" visible="true" version="1" lat="49.00010837325" lon="8.39951940755" />
  <node id="26970" visible="true" version="1" lat="49.00010752817" lon="8.39951799826" />
  <node id="26971" visible="true" version="1" lat="49.0001067218" lon="8.39951652363" />
  <node id="26972" visible="true" version="1" lat="49.00010595481" lon="8.3995149825" />
  <node id="26973" visible="true" version="1" lat="49.00010522786" lon="8.39951337379" />
  <node id="26974" visible="true" version="1" lat="49.00010454164" lon="8.3995116963" />
  <node id="26975" visible="true" version="1" lat="49.00010389676" lon="8.39950994897" />
  <node id="26976" visible="true" version="1" lat="49.00010329392" lon="8.3995081306" />
  <node id="26977" visible="true" version="1" lat="49.00010273375" lon="8.39950624013" />
  <node id="26978" visible="true" version="1" lat="49.00010221693" lon="8.39950427637" />
  <node id="26979" visible="true" version="1" lat="49.00010174412" lon="8.39950223821" />
  <node id="26980" visible="true" version="1" lat="49.00010131597" lon="8.3995001245" />
  <node id="26982" visible="true" version="1" lat="49.00008561776" lon="8.39950897667" />
  <node id="26983" visible="true" version="1" lat="49.00008769142" lon="8.39950943006" />
  <node id="26984" visible="true" version="1" lat="49.00008972961" lon="8.39950995411" />
  <node id="26985" visible="true" version="1" lat="49.00009173142" lon="8.39951055063" />
  <node id="26986" visible="true" version="1" lat="49.00009369589" lon="8.39951122154" />
  <node id="26987" visible="true" version="1" lat="49.00009562214" lon="8.39951196857" />
  <node id="26988" visible="true" version="1" lat="49.00009750926" lon="8.39951279355" />
  <node id="26989" visible="true" version="1" lat="49.00009935629" lon="8.39951369839" />
  <node id="26990" visible="true" version="1" lat="49.00010116236" lon="8.39951468482" />
  <node id="26991" visible="true" version="1" lat="49.00010292652" lon="8.39951575472" />
  <node id="26992" visible="true" version="1" lat="49.00010464789" lon="8.39951690986" />
  <node id="26993" visible="true" version="1" lat="49.0001063255" lon="8.39951815217" />
  <node id="26994" visible="true" version="1" lat="49.00010795849" lon="8.39951948336" />
  <node id="26995" visible="true" version="1" lat="49.00010954592" lon="8.39952090532" />
  <node id="26996" visible="true" version="1" lat="49.00011108687" lon="8.39952241987" />
  <node id="26997" visible="true" version="1" lat="49.00011258042" lon="8.39952402883" />
  <node id="26998" visible="true" version="1" lat="49.00011402566" lon="8.39952573402" />
  <node id="26999" visible="true" version="1" lat="49.00011542167" lon="8.39952753727" />
  <node id="27000" visible="true" version="1" lat="49.00011676754" lon="8.39952944041" />
  <node id="27001" visible="true" version="1" lat="49.00011806235" lon="8.39953144525" />
  <node id="27002" visible="true" version="1" lat="49.00011930518" lon="8.39953355362" />
  <node id="27003" visible="true" version="1" lat="49.00012049513" lon="8.39953576735" />
  <node id="27004" visible="true" version="1" lat="49.00012163126" lon="8.39953808826" />
  <node id="27005" visible="true" version="1" lat="49.00012271268" lon="8.39954051818" />
  <node id="27006" visible="true" version="1" lat="49.00012373844" lon="8.39954305897" />
  <node id="27007" visible="true" version="1" lat="49.00012470764" lon="8.39954571242" />
  <node id="27008" visible="true" version="1" lat="49.00012561937" lon="8.39954848034" />
  <node id="27009" visible="true" version="1" lat="49.00012647272" lon="8.39955136457" />
  <node id="27011" visible="true" version="1" lat="49.00008594806" lon="8.3995355526" />
  <node id="27012" visible="true" version="1" lat="49.00008659233" lon="8.39953579569" />
  <node id="27013" visible="true" version="1" lat="49.0000872245" lon="8.39953606188" />
  <node id="27014" visible="true" version="1" lat="49.00008784442" lon="8.39953635145" />
  <node id="27015" visible="true" version="1" lat="49.00008845192" lon="8.39953666473" />
  <node id="27016" visible="true" version="1" lat="49.0000890469" lon="8.39953700191" />
  <node id="27017" visible="true" version="1" lat="49.00008962916" lon="8.39953736338" />
  <node id="27018" visible="true" version="1" lat="49.00009019856" lon="8.3995377494" />
  <node id="27019" visible="true" version="1" lat="49.00009075499" lon="8.3995381602" />
  <node id="27020" visible="true" version="1" lat="49.00009129824" lon="8.39953859612" />
  <node id="27021" visible="true" version="1" lat="49.00009182819" lon="8.39953905747" />
  <node id="27022" visible="true" version="1" lat="49.00009234469" lon="8.39953954448" />
  <node id="27023" visible="true" version="1" lat="49.00009284757" lon="8.39954005748" />
  <node id="27024" visible="true" version="1" lat="49.00009333671" lon="8.39954059672" />
  <node id="27025" visible="true" version="1" lat="49.00009381195" lon="8.39954116252" />
  <node id="27026" visible="true" version="1" lat="49.00009427313" lon="8.39954175513" />
  <node id="27027" visible="true" version="1" lat="49.00009472009" lon="8.39954237491" />
  <node id="27028" visible="true" version="1" lat="49.00009515271" lon="8.39954302207" />
  <node id="27029" visible="true" version="1" lat="49.00009557081" lon="8.39954369694" />
  <node id="27030" visible="true" version="1" lat="49.00009597427" lon="8.39954439976" />
  <node id="27031" visible="true" version="1" lat="49.0000963629" lon="8.39954513089" />
  <node id="27032" visible="true" version="1" lat="49.00009673657" lon="8.39954589059" />
  <node id="27033" visible="true" version="1" lat="49.00009709515" lon="8.39954667909" />
  <node id="27034" visible="true" version="1" lat="49.00009743846" lon="8.39954749676" />
  <node id="27035" visible="true" version="1" lat="49.00009776635" lon="8.39954834386" />
  <node id="27036" visible="true" version="1" lat="49.00009807868" lon="8.39954922066" />
  <node id="27037" visible="true" version="1" lat="49.0000983753" lon="8.39955012744" />
  <node id="27038" visible="true" version="1" lat="49.00009865605" lon="8.39955106455" />
  <node id="27041" visible="true" version="1" lat="49.00008440069" lon="8.3995219622" />
  <node id="27042" visible="true" version="1" lat="49.00008578291" lon="8.39952226463" />
  <node id="27043" visible="true" version="1" lat="49.00008714187" lon="8.39952261288" />
  <node id="27044" visible="true" version="1" lat="49.00008847705" lon="8.399523008" />
  <node id="27045" visible="true" version="1" lat="49.00008978792" lon="8.39952345104" />
  <node id="27046" visible="true" version="1" lat="49.00009107391" lon="8.39952394313" />
  <node id="27047" visible="true" version="1" lat="49.00009233452" lon="8.39952448524" />
  <node id="27048" visible="true" version="1" lat="49.00009356921" lon="8.39952507846" />
  <node id="27049" visible="true" version="1" lat="49.00009477743" lon="8.39952572389" />
  <node id="27050" visible="true" version="1" lat="49.00009595867" lon="8.39952642251" />
  <node id="27051" visible="true" version="1" lat="49.00009711238" lon="8.39952717542" />
  <node id="27052" visible="true" version="1" lat="49.00009823804" lon="8.39952798367" />
  <node id="27053" visible="true" version="1" lat="49.0000993351" lon="8.39952884833" />
  <node id="27054" visible="true" version="1" lat="49.00010040303" lon="8.39952977042" />
  <node id="27055" visible="true" version="1" lat="49.00010144132" lon="8.39953075102" />
  <node id="27056" visible="true" version="1" lat="49.00010244941" lon="8.3995317912" />
  <node id="27057" visible="true" version="1" lat="49.00010342678" lon="8.39953289198" />
  <node id="27058" visible="true" version="1" lat="49.00010437287" lon="8.39953405447" />
  <node id="27059" visible="true" version="1" lat="49.00010528719" lon="8.39953527968" />
  <node id="27060" visible="true" version="1" lat="49.00010616917" lon="8.39953656868" />
  <node id="27061" visible="true" version="1" lat="49.00010701831" lon="8.39953792251" />
  <node id="27062" visible="true" version="1" lat="49.00010783404" lon="8.39953934226" />
  <node id="27063" visible="true" version="1" lat="49.00010861585" lon="8.39954082897" />
  <node id="27064" visible="true" version="1" lat="49.00010936321" lon="8.39954238368" />
  <node id="27065" visible="true" version="1" lat="49.00011007557" lon="8.39954400747" />
  <node id="27066" visible="true" version="1" lat="49.00011075239" lon="8.39954570142" />
  <node id="27067" visible="true" version="1" lat="49.00011139316" lon="8.39954746654" />
  <node id="27068" visible="true" version="1" lat="49.00011199734" lon="8.39954930389" />
  <node id="27069" visible="true" version="1" lat="49.00011256438" lon="8.39955121456" />
  <node id="27070" visible="true" version="1" lat="49.00011309378" lon="8.39955319955" />
  <node id="27072" visible="true" version="1" lat="49.00032431541" lon="8.39999344264" />
  <node id="27073" visible="true" version="1" lat="49.00032548771" lon="8.39999124483" />
  <node id="27074" visible="true" version="1" lat="49.0003266676" lon="8.39998909407" />
  <node id="27075" visible="true" version="1" lat="49.00032785609" lon="8.39998699638" />
  <node id="27076" visible="true" version="1" lat="49.00032905416" lon="8.39998495777" />
  <node id="27077" visible="true" version="1" lat="49.00033026278" lon="8.39998298425" />
  <node id="27078" visible="true" version="1" lat="49.00033148293" lon="8.39998108187" />
  <node id="27079" visible="true" version="1" lat="49.00033271558" lon="8.39997925662" />
  <node id="27080" visible="true" version="1" lat="49.00033396171" lon="8.39997751454" />
  <node id="27081" visible="true" version="1" lat="49.00033522229" lon="8.39997586164" />
  <node id="27082" visible="true" version="1" lat="49.0003364983" lon="8.39997430396" />
  <node id="27083" visible="true" version="1" lat="49.00033779076" lon="8.39997284748" />
  <node id="27084" visible="true" version="1" lat="49.00033910056" lon="8.39997149827" />
  <node id="27085" visible="true" version="1" lat="49.00034042872" lon="8.39997026233" />
  <node id="27086" visible="true" version="1" lat="49.00034177622" lon="8.39996914567" />
  <node id="27087" visible="true" version="1" lat="49.00034314402" lon="8.39996815433" />
  <node id="27088" visible="true" version="1" lat="49.00034453311" lon="8.39996729432" />
  <node id="27089" visible="true" version="1" lat="49.00034594446" lon="8.39996657166" />
  <node id="27090" visible="true" version="1" lat="49.00034737905" lon="8.39996599238" />
  <node id="27091" visible="true" version="1" lat="49.00034883785" lon="8.39996556249" />
  <node id="27092" visible="true" version="1" lat="49.00035032184" lon="8.39996528802" />
  <node id="27093" visible="true" version="1" lat="49.000351832" lon="8.39996517498" />
  <node id="27094" visible="true" version="1" lat="49.00035336933" lon="8.39996522939" />
  <node id="27095" visible="true" version="1" lat="49.00035493474" lon="8.39996545728" />
  <node id="27096" visible="true" version="1" lat="49.00035652925" lon="8.39996586467" />
  <node id="27097" visible="true" version="1" lat="49.00035815382" lon="8.39996645759" />
  <node id="27098" visible="true" version="1" lat="49.00035980944" lon="8.39996724204" />
  <node id="27099" visible="true" version="1" lat="49.00036149707" lon="8.39996822407" />
  <node id="27101" visible="true" version="1" lat="49.00033670822" lon="8.40000521576" />
  <node id="27102" visible="true" version="1" lat="49.00033702034" lon="8.40000482423" />
  <node id="27103" visible="true" version="1" lat="49.00033733646" lon="8.40000445628" />
  <node id="27104" visible="true" version="1" lat="49.00033765662" lon="8.40000411209" />
  <node id="27105" visible="true" version="1" lat="49.00033798082" lon="8.40000379189" />
  <node id="27106" visible="true" version="1" lat="49.0003383091" lon="8.40000349586" />
  <node id="27107" visible="true" version="1" lat="49.0003386415" lon="8.40000322417" />
  <node id="27108" visible="true" version="1" lat="49.00033897805" lon="8.40000297705" />
  <node id="27109" visible="true" version="1" lat="49.00033931883" lon="8.40000275466" />
  <node id="27110" visible="true" version="1" lat="49.00033966379" lon="8.40000255723" />
  <node id="27111" visible="true" version="1" lat="49.00034001301" lon="8.40000238492" />
  <node id="27112" visible="true" version="1" lat="49.00034036651" lon="8.40000223795" />
  <node id="27113" visible="true" version="1" lat="49.00034072437" lon="8.4000021165" />
  <node id="27114" visible="true" version="1" lat="49.00034108654" lon="8.40000202077" />
  <node id="27115" visible="true" version="1" lat="49.0003414531" lon="8.40000195096" />
  <node id="27116" visible="true" version="1" lat="49.00034182407" lon="8.40000190726" />
  <node id="27117" visible="true" version="1" lat="49.0003421995" lon="8.40000188987" />
  <node id="27118" visible="true" version="1" lat="49.00034257945" lon="8.40000189896" />
  <node id="27119" visible="true" version="1" lat="49.00034296387" lon="8.40000193476" />
  <node id="27120" visible="true" version="1" lat="49.00034335285" lon="8.40000199743" />
  <node id="27121" visible="true" version="1" lat="49.00034374641" lon="8.4000020872" />
  <node id="27122" visible="true" version="1" lat="49.00034414462" lon="8.40000220423" />
  <node id="27123" visible="true" version="1" lat="49.00034454744" lon="8.40000234874" />
  <node id="27124" visible="true" version="1" lat="49.00034495494" lon="8.40000252091" />
  <node id="27125" visible="true" version="1" lat="49.00034536716" lon="8.40000272094" />
  <node id="27126" visible="true" version="1" lat="49.00034578412" lon="8.40000294903" />
  <node id="27127" visible="true" version="1" lat="49.0003462059" lon="8.40000320536" />
  <node id="27128" visible="true" version="1" lat="49.00034663245" lon="8.40000349013" />
  <node id="27131" visible="true" version="1" lat="49.00032977492" lon="8.40000065606" />
  <node id="27132" visible="true" version="1" lat="49.00033051181" lon="8.3999993292" />
  <node id="27133" visible="true" version="1" lat="49.00033125403" lon="8.39999803453" />
  <node id="27134" visible="true" version="1" lat="49.00033200203" lon="8.39999677518" />
  <node id="27135" visible="true" version="1" lat="49.00033275636" lon="8.39999555423" />
  <node id="27136" visible="true" version="1" lat="49.00033351749" lon="8.39999437483" />
  <node id="27137" visible="true" version="1" lat="49.00033428594" lon="8.39999324005" />
  <node id="27138" visible="true" version="1" lat="49.00033506221" lon="8.39999215302" />
  <node id="27139" visible="true" version="1" lat="49.00033584682" lon="8.39999111684" />
  <node id="27140" visible="true" version="1" lat="49.00033664027" lon="8.3999901346" />
  <node id="27141" visible="true" version="1" lat="49.00033744304" lon="8.39998920943" />
  <node id="27142" visible="true" version="1" lat="49.00033825566" lon="8.39998834444" />
  <node id="27143" visible="true" version="1" lat="49.00033907864" lon="8.39998754272" />
  <node id="27144" visible="true" version="1" lat="49.00033991246" lon="8.39998680738" />
  <node id="27145" visible="true" version="1" lat="49.00034075763" lon="8.39998614155" />
  <node id="27146" visible="true" version="1" lat="49.00034161466" lon="8.39998554832" />
  <node id="27147" visible="true" version="1" lat="49.00034248405" lon="8.3999850308" />
  <node id="27148" visible="true" version="1" lat="49.00034336631" lon="8.3999845921" />
  <node id="27149" visible="true" version="1" lat="49.00034426196" lon="8.39998423531" />
  <node id="27150" visible="true" version="1" lat="49.00034517146" lon="8.39998396357" />
  <node id="27151" visible="true" version="1" lat="49.00034609535" lon="8.39998377996" />
  <node id="27152" visible="true" version="1" lat="49.00034703413" lon="8.39998368761" />
  <node id="27153" visible="true" version="1" lat="49.00034798831" lon="8.3999836896" />
  <node id="27154" visible="true" version="1" lat="49.00034895839" lon="8.39998378906" />
  <node id="27155" visible="true" version="1" lat="49.00034994484" lon="8.3999839891" />
  <node id="27156" visible="true" version="1" lat="49.0003509482" lon="8.39998429281" />
  <node id="27157" visible="true" version="1" lat="49.00035196897" lon="8.39998470332" />
  <node id="27158" visible="true" version="1" lat="49.00035300767" lon="8.3999852237" />
  <node id="27159" visible="true" version="1" lat="49.00035406477" lon="8.3999858571" />
  <node id="27160" visible="true" version="1" lat="49.00035514078" lon="8.39998660661" />
  <node id="27162" visible="true" version="1" lat="49.00022738245" lon="8.40017117066" />
  <node id="27163" visible="true" version="1" lat="49.00022789429" lon="8.40017116417" />
  <node id="27164" visible="true" version="1" lat="49.00022839881" lon="8.40017113514" />
  <node id="27165" visible="true" version="1" lat="49.00022889608" lon="8.4001710838" />
  <node id="27166" visible="true" version="1" lat="49.00022938617" lon="8.40017101041" />
  <node id="27167" visible="true" version="1" lat="49.00022986915" lon="8.40017091521" />
  <node id="27168" visible="true" version="1" lat="49.00023034511" lon="8.40017079838" />
  <node id="27169" visible="true" version="1" lat="49.00023081414" lon="8.4001706602" />
  <node id="27170" visible="true" version="1" lat="49.00023127628" lon="8.40017050092" />
  <node id="27171" visible="true" version="1" lat="49.00023173162" lon="8.40017032072" />
  <node id="27172" visible="true" version="1" lat="49.00023218027" lon="8.40017011989" />
  <node id="27173" visible="true" version="1" lat="49.00023262226" lon="8.40016989865" />
  <node id="27174" visible="true" version="1" lat="49.00023305769" lon="8.40016965723" />
  <node id="27175" visible="true" version="1" lat="49.00023348662" lon="8.40016939584" />
  <node id="27176" visible="true" version="1" lat="49.00023390916" lon="8.40016911477" />
  <node id="27177" visible="true" version="1" lat="49.00023432536" lon="8.40016881423" />
  <node id="27178" visible="true" version="1" lat="49.00023473529" lon="8.40016849443" />
  <node id="27179" visible="true" version="1" lat="49.00023513906" lon="8.40016815563" />
  <node id="27180" visible="true" version="1" lat="49.00023553672" lon="8.40016779811" />
  <node id="27181" visible="true" version="1" lat="49.00023592834" lon="8.40016742202" />
  <node id="27182" visible="true" version="1" lat="49.00023631401" lon="8.40016702765" />
  <node id="27183" visible="true" version="1" lat="49.00023669383" lon="8.40016661522" />
  <node id="27184" visible="true" version="1" lat="49.00023706784" lon="8.40016618497" />
  <node id="27185" visible="true" version="1" lat="49.00023743612" lon="8.40016573714" />
  <node id="27186" visible="true" version="1" lat="49.00023779878" lon="8.40016527195" />
  <node id="27187" visible="true" version="1" lat="49.00023815585" lon="8.40016478967" />
  <node id="27188" visible="true" version="1" lat="49.00023850743" lon="8.40016429048" />
  <node id="27189" visible="true" version="1" lat="49.0002388536" lon="8.40016377467" />
  <node id="27191" visible="true" version="1" lat="49.00022702265" lon="8.40019432085" />
  <node id="27192" visible="true" version="1" lat="49.00022812228" lon="8.40019416589" />
  <node id="27193" visible="true" version="1" lat="49.00022920027" lon="8.40019395164" />
  <node id="27194" visible="true" version="1" lat="49.00023025713" lon="8.40019367953" />
  <node id="27195" visible="true" version="1" lat="49.00023129337" lon="8.40019335096" />
  <node id="27196" visible="true" version="1" lat="49.00023230952" lon="8.40019296737" />
  <node id="27197" visible="true" version="1" lat="49.00023330609" lon="8.40019253016" />
  <node id="27198" visible="true" version="1" lat="49.0002342836" lon="8.40019204076" />
  <node id="27199" visible="true" version="1" lat="49.00023524255" lon="8.40019150054" />
  <node id="27200" visible="true" version="1" lat="49.00023618348" lon="8.40019091095" />
  <node id="27201" visible="true" version="1" lat="49.00023710689" lon="8.40019027339" />
  <node id="27202" visible="true" version="1" lat="49.0002380133" lon="8.40018958926" />
  <node id="27203" visible="true" version="1" lat="49.00023890323" lon="8.40018886002" />
  <node id="27204" visible="true" version="1" lat="49.00023977719" lon="8.40018808702" />
  <node id="27205" visible="true" version="1" lat="49.0002406357" lon="8.40018727173" />
  <node id="27206" visible="true" version="1" lat="49.00024147927" lon="8.40018641553" />
  <node id="27207" visible="true" version="1" lat="49.00024230843" lon="8.40018551985" />
  <node id="27208" visible="true" version="1" lat="49.00024312368" lon="8.40018458608" />
  <node id="27209" visible="true" version="1" lat="49.00024392553" lon="8.40018361563" />
  <node id="27210" visible="true" version="1" lat="49.00024471452" lon="8.40018260995" />
  <node id="27211" visible="true" version="1" lat="49.00024549115" lon="8.40018157044" />
  <node id="27212" visible="true" version="1" lat="49.00024625595" lon="8.4001804985" />
  <node id="27213" visible="true" version="1" lat="49.00024700941" lon="8.40017939553" />
  <node id="27214" visible="true" version="1" lat="49.00024775208" lon="8.40017826299" />
  <node id="27215" visible="true" version="1" lat="49.00024848444" lon="8.40017710225" />
  <node id="27216" visible="true" version="1" lat="49.00024920704" lon="8.40017591476" />
  <node id="27217" visible="true" version="1" lat="49.00024992037" lon="8.40017470189" />
  <node id="27218" visible="true" version="1" lat="49.00025062496" lon="8.40017346508" />
  <node id="27221" visible="true" version="1" lat="49.00022638202" lon="8.40018278476" />
  <node id="27222" visible="true" version="1" lat="49.00022720255" lon="8.40018274576" />
  <node id="27223" visible="true" version="1" lat="49.00022800829" lon="8.40018266503" />
  <node id="27224" visible="true" version="1" lat="49.00022879954" lon="8.40018254339" />
  <node id="27225" visible="true" version="1" lat="49.00022957661" lon="8.40018238167" />
  <node id="27226" visible="true" version="1" lat="49.00023033977" lon="8.40018218068" />
  <node id="27227" visible="true" version="1" lat="49.00023108934" lon="8.40018194129" />
  <node id="27228" visible="true" version="1" lat="49.0002318256" lon="8.40018166427" />
  <node id="27229" visible="true" version="1" lat="49.00023254887" lon="8.40018135048" />
  <node id="27230" visible="true" version="1" lat="49.00023325942" lon="8.40018100073" />
  <node id="27231" visible="true" version="1" lat="49.00023395755" lon="8.40018061583" />
  <node id="27232" visible="true" version="1" lat="49.00023464358" lon="8.40018019664" />
  <node id="27233" visible="true" version="1" lat="49.00023531778" lon="8.40017974396" />
  <node id="27234" visible="true" version="1" lat="49.00023598046" lon="8.40017925862" />
  <node id="27235" visible="true" version="1" lat="49.0002366319" lon="8.40017874143" />
  <node id="27236" visible="true" version="1" lat="49.00023727243" lon="8.40017819325" />
  <node id="27237" visible="true" version="1" lat="49.00023790232" lon="8.40017761488" />
  <node id="27238" visible="true" version="1" lat="49.00023852186" lon="8.40017700714" />
  <node id="27239" visible="true" version="1" lat="49.00023913137" lon="8.40017637086" />
  <node id="27240" visible="true" version="1" lat="49.00023973112" lon="8.40017570687" />
  <node id="27241" visible="true" version="1" lat="49.00024032143" lon="8.40017501598" />
  <node id="27242" visible="true" version="1" lat="49.00024090258" lon="8.40017429904" />
  <node id="27243" visible="true" version="1" lat="49.00024147489" lon="8.40017355686" />
  <node id="27244" visible="true" version="1" lat="49.00024203862" lon="8.40017279025" />
  <node id="27245" visible="true" version="1" lat="49.0002425941" lon="8.40017200006" />
  <node id="27246" visible="true" version="1" lat="49.00024314161" lon="8.4001711871" />
  <node id="27247" visible="true" version="1" lat="49.00024368145" lon="8.40017035221" />
  <node id="27248" visible="true" version="1" lat="49.0002442139" lon="8.40016949618" />
  <node id="27249" visible="true" version="1" lat="49.00024473928" lon="8.40016861988" />
  <node id="27250" visible="true" version="1" lat="49.00024525789" lon="8.40016772408" />
  <node id="27252" visible="true" version="1" lat="48.99997479716" lon="8.40025649736" />
  <node id="27253" visible="true" version="1" lat="48.99997537394" lon="8.40025654672" />
  <node id="27254" visible="true" version="1" lat="48.99997593228" lon="8.40025655916" />
  <node id="27255" visible="true" version="1" lat="48.9999764723" lon="8.40025653489" />
  <node id="27256" visible="true" version="1" lat="48.99997699407" lon="8.4002564741" />
  <node id="27257" visible="true" version="1" lat="48.99997749772" lon="8.400256377" />
  <node id="27258" visible="true" version="1" lat="48.99997798332" lon="8.40025624379" />
  <node id="27259" visible="true" version="1" lat="48.999978451" lon="8.40025607468" />
  <node id="27260" visible="true" version="1" lat="48.99997890085" lon="8.40025586984" />
  <node id="27261" visible="true" version="1" lat="48.99997933296" lon="8.4002556295" />
  <node id="27262" visible="true" version="1" lat="48.99997974744" lon="8.40025535384" />
  <node id="27263" visible="true" version="1" lat="48.99998014439" lon="8.4002550431" />
  <node id="27264" visible="true" version="1" lat="48.99998052391" lon="8.40025469743" />
  <node id="27265" visible="true" version="1" lat="48.9999808861" lon="8.40025431706" />
  <node id="27266" visible="true" version="1" lat="48.99998123107" lon="8.40025390219" />
  <node id="27267" visible="true" version="1" lat="48.99998155889" lon="8.40025345302" />
  <node id="27268" visible="true" version="1" lat="48.9999818697" lon="8.40025296975" />
  <node id="27269" visible="true" version="1" lat="48.99998216357" lon="8.40025245257" />
  <node id="27270" visible="true" version="1" lat="48.99998244062" lon="8.4002519017" />
  <node id="27271" visible="true" version="1" lat="48.99998270093" lon="8.40025131733" />
  <node id="27272" visible="true" version="1" lat="48.99998294463" lon="8.40025069966" />
  <node id="27273" visible="true" version="1" lat="48.99998317179" lon="8.4002500489" />
  <node id="27274" visible="true" version="1" lat="48.99998338253" lon="8.40024936524" />
  <node id="27275" visible="true" version="1" lat="48.99998357694" lon="8.40024864889" />
  <node id="27276" visible="true" version="1" lat="48.99998375513" lon="8.40024790004" />
  <node id="27277" visible="true" version="1" lat="48.99998391718" lon="8.40024711891" />
  <node id="27278" visible="true" version="1" lat="48.99998406322" lon="8.40024630568" />
  <node id="27279" visible="true" version="1" lat="48.99998419333" lon="8.40024546056" />
  <node id="27281" visible="true" version="1" lat="48.99997592793" lon="8.40028120198" />
  <node id="27282" visible="true" version="1" lat="48.99997733611" lon="8.40028124244" />
  <node id="27283" visible="true" version="1" lat="48.9999786814" lon="8.4002811683" />
  <node id="27284" visible="true" version="1" lat="48.99997996509" lon="8.40028098194" />
  <node id="27285" visible="true" version="1" lat="48.99998118849" lon="8.40028068567" />
  <node id="27286" visible="true" version="1" lat="48.99998235288" lon="8.40028028189" />
  <node id="27287" visible="true" version="1" lat="48.99998345955" lon="8.40027977291" />
  <node id="27288" visible="true" version="1" lat="48.99998450979" lon="8.40027916111" />
  <node id="27289" visible="true" version="1" lat="48.9999855049" lon="8.40027844884" />
  <node id="27290" visible="true" version="1" lat="48.99998644615" lon="8.40027763844" />
  <node id="27291" visible="true" version="1" lat="48.99998733487" lon="8.40027673228" />
  <node id="27292" visible="true" version="1" lat="48.99998817231" lon="8.40027573271" />
  <node id="27293" visible="true" version="1" lat="48.99998895979" lon="8.40027464206" />
  <node id="27294" visible="true" version="1" lat="48.99998969858" lon="8.40027346271" />
  <node id="27295" visible="true" version="1" lat="48.99999038999" lon="8.400272197" />
  <node id="27296" visible="true" version="1" lat="48.99999103529" lon="8.4002708473" />
  <node id="27297" visible="true" version="1" lat="48.9999916358" lon="8.40026941594" />
  <node id="27298" visible="true" version="1" lat="48.99999219278" lon="8.40026790527" />
  <node id="27299" visible="true" version="1" lat="48.99999270754" lon="8.40026631766" />
  <node id="27300" visible="true" version="1" lat="48.99999318137" lon="8.40026465547" />
  <node id="27301" visible="true" version="1" lat="48.99999361556" lon="8.40026292103" />
  <node id="27302" visible="true" version="1" lat="48.99999401139" lon="8.40026111671" />
  <node id="27303" visible="true" version="1" lat="48.99999437017" lon="8.40025924484" />
  <node id="27304" visible="true" version="1" lat="48.99999469318" lon="8.40025730781" />
  <node id="27305" visible="true" version="1" lat="48.99999498171" lon="8.40025530794" />
  <node id="27306" visible="true" version="1" lat="48.99999523705" lon="8.4002532476" />
  <node id="27307" visible="true" version="1" lat="48.9999954605" lon="8.40025112914" />
  <node id="27308" visible="true" version="1" lat="48.99999565335" lon="8.40024895491" />
  <node id="27311" visible="true" version="1" lat="48.99997432872" lon="8.40026872773" />
  <node id="27312" visible="true" version="1" lat="48.99997536255" lon="8.40026884967" />
  <node id="27313" visible="true" version="1" lat="48.99997635502" lon="8.40026889458" />
  <node id="27314" visible="true" version="1" lat="48.99997730684" lon="8.40026886373" />
  <node id="27315" visible="true" version="1" lat="48.9999782187" lon="8.40026875841" />
  <node id="27316" visible="true" version="1" lat="48.99997909128" lon="8.40026857988" />
  <node id="27317" visible="true" version="1" lat="48.9999799253" lon="8.40026832944" />
  <node id="27318" visible="true" version="1" lat="48.99998072144" lon="8.40026800835" />
  <node id="27319" visible="true" version="1" lat="48.99998148039" lon="8.40026761789" />
  <node id="27320" visible="true" version="1" lat="48.99998220287" lon="8.40026715934" />
  <node id="27321" visible="true" version="1" lat="48.99998288956" lon="8.40026663397" />
  <node id="27322" visible="true" version="1" lat="48.99998354115" lon="8.40026604306" />
  <node id="27323" visible="true" version="1" lat="48.99998415835" lon="8.4002653879" />
  <node id="27324" visible="true" version="1" lat="48.99998474185" lon="8.40026466974" />
  <node id="27325" visible="true" version="1" lat="48.99998529234" lon="8.40026388989" />
  <node id="27326" visible="true" version="1" lat="48.99998581053" lon="8.4002630496" />
  <node id="27327" visible="true" version="1" lat="48.99998629709" lon="8.40026215016" />
  <node id="27328" visible="true" version="1" lat="48.99998675275" lon="8.40026119284" />
  <node id="27329" visible="true" version="1" lat="48.99998717817" lon="8.40026017892" />
  <node id="27330" visible="true" version="1" lat="48.99998757408" lon="8.40025910968" />
  <node id="27331" visible="true" version="1" lat="48.99998794115" lon="8.4002579864" />
  <node id="27332" visible="true" version="1" lat="48.9999882801" lon="8.40025681035" />
  <node id="27333" visible="true" version="1" lat="48.99998859159" lon="8.4002555828" />
  <node id="27334" visible="true" version="1" lat="48.99998887635" lon="8.40025430504" />
  <node id="27335" visible="true" version="1" lat="48.99998913506" lon="8.40025297835" />
  <node id="27336" visible="true" version="1" lat="48.99998936842" lon="8.40025160399" />
  <node id="27337" visible="true" version="1" lat="48.99998957712" lon="8.40025018325" />
  <node id="27338" visible="true" version="1" lat="48.99998976186" lon="8.40024871741" />
  <node id="27339" visible="true" version="1" lat="48.99998992334" lon="8.40024720774" />
  <node id="27340" visible="true" version="1" lat="48.99999006225" lon="8.4002456555" />
  <node id="27342" visible="true" version="1" lat="48.99976273182" lon="8.39957693397" />
  <node id="27343" visible="true" version="1" lat="48.99976188261" lon="8.39958027042" />
  <node id="27344" visible="true" version="1" lat="48.99976097176" lon="8.39958347244" />
  <node id="27345" visible="true" version="1" lat="48.99975999999" lon="8.39958654165" />
  <node id="27346" visible="true" version="1" lat="48.99975896813" lon="8.39958947981" />
  <node id="27347" visible="true" version="1" lat="48.99975787692" lon="8.39959228854" />
  <node id="27348" visible="true" version="1" lat="48.99975672713" lon="8.39959496956" />
  <node id="27349" visible="true" version="1" lat="48.99975551953" lon="8.39959752453" />
  <node id="27350" visible="true" version="1" lat="48.99975425492" lon="8.39959995517" />
  <node id="27351" visible="true" version="1" lat="48.99975293405" lon="8.39960226314" />
  <node id="27352" visible="true" version="1" lat="48.99975155772" lon="8.39960445015" />
  <node id="27353" visible="true" version="1" lat="48.99975012666" lon="8.39960651784" />
  <node id="27354" visible="true" version="1" lat="48.99974864164" lon="8.39960846787" />
  <node id="27355" visible="true" version="1" lat="48.99974710348" lon="8.39961030203" />
  <node id="27356" visible="true" version="1" lat="48.99974551292" lon="8.39961202192" />
  <node id="27357" visible="true" version="1" lat="48.99974387073" lon="8.39961362923" />
  <node id="27358" visible="true" version="1" lat="48.9997421777" lon="8.39961512569" />
  <node id="27359" visible="true" version="1" lat="48.99974043458" lon="8.39961651291" />
  <node id="27360" visible="true" version="1" lat="48.99973864215" lon="8.39961779262" />
  <node id="27361" visible="true" version="1" lat="48.9997368012" lon="8.39961896651" />
  <node id="27362" visible="true" version="1" lat="48.99973491249" lon="8.39962003627" />
  <node id="27363" visible="true" version="1" lat="48.99973297678" lon="8.39962100356" />
  <node id="27364" visible="true" version="1" lat="48.99973099487" lon="8.39962187008" />
  <node id="27365" visible="true" version="1" lat="48.99972896749" lon="8.39962263747" />
  <node id="27366" visible="true" version="1" lat="48.99972689545" lon="8.39962330749" />
  <node id="27367" visible="true" version="1" lat="48.99972477951" lon="8.39962388174" />
  <node id="27368" visible="true" version="1" lat="48.99972262043" lon="8.39962436196" />
  <node id="27369" visible="true" version="1" lat="48.99972041901" lon="8.39962474984" />
  <node id="27371" visible="true" version="1" lat="48.99973913112" lon="8.399575073" />
  <node id="27372" visible="true" version="1" lat="48.99973880291" lon="8.3995759441" />
  <node id="27373" visible="true" version="1" lat="48.99973845689" lon="8.39957677191" />
  <node id="27374" visible="true" version="1" lat="48.99973809347" lon="8.39957755739" />
  <node id="27375" visible="true" version="1" lat="48.99973771301" lon="8.39957830143" />
  <node id="27376" visible="true" version="1" lat="48.99973731585" lon="8.39957900488" />
  <node id="27377" visible="true" version="1" lat="48.99973690239" lon="8.3995796687" />
  <node id="27378" visible="true" version="1" lat="48.999736473" lon="8.39958029378" />
  <node id="27379" visible="true" version="1" lat="48.99973602803" lon="8.39958088096" />
  <node id="27380" visible="true" version="1" lat="48.99973556787" lon="8.39958143121" />
  <node id="27381" visible="true" version="1" lat="48.99973509288" lon="8.39958194542" />
  <node id="27382" visible="true" version="1" lat="48.99973460342" lon="8.39958242443" />
  <node id="27383" visible="true" version="1" lat="48.99973409987" lon="8.39958286921" />
  <node id="27384" visible="true" version="1" lat="48.99973358262" lon="8.39958328065" />
  <node id="27385" visible="true" version="1" lat="48.99973305202" lon="8.39958365961" />
  <node id="27386" visible="true" version="1" lat="48.99973250844" lon="8.39958400706" />
  <node id="27387" visible="true" version="1" lat="48.99973195224" lon="8.39958432381" />
  <node id="27388" visible="true" version="1" lat="48.99973138383" lon="8.39958461084" />
  <node id="27389" visible="true" version="1" lat="48.99973080353" lon="8.39958486899" />
  <node id="27390" visible="true" version="1" lat="48.99973021173" lon="8.39958509914" />
  <node id="27391" visible="true" version="1" lat="48.9997296088" lon="8.39958530228" />
  <node id="27392" visible="true" version="1" lat="48.99972899513" lon="8.39958547928" />
  <node id="27393" visible="true" version="1" lat="48.99972837108" lon="8.39958563103" />
  <node id="27394" visible="true" version="1" lat="48.999727737" lon="8.39958575841" />
  <node id="27395" visible="true" version="1" lat="48.99972709327" lon="8.39958586231" />
  <node id="27396" visible="true" version="1" lat="48.99972644028" lon="8.39958594369" />
  <node id="27397" visible="true" version="1" lat="48.99972577835" lon="8.39958600337" />
  <node id="27398" visible="true" version="1" lat="48.99972510791" lon="8.39958604235" />
  <node id="27401" visible="true" version="1" lat="48.99975147989" lon="8.39957380956" />
  <node id="27402" visible="true" version="1" lat="48.99975093147" lon="8.39957600349" />
  <node id="27403" visible="true" version="1" lat="48.99975034276" lon="8.39957810726" />
  <node id="27404" visible="true" version="1" lat="48.99974971432" lon="8.39958012217" />
  <node id="27405" visible="true" version="1" lat="48.99974904673" lon="8.39958204952" />
  <node id="27406" visible="true" version="1" lat="48.99974834057" lon="8.39958389062" />
  <node id="27407" visible="true" version="1" lat="48.99974759638" lon="8.39958564671" />
  <node id="27408" visible="true" version="1" lat="48.99974681476" lon="8.39958731913" />
  <node id="27409" visible="true" version="1" lat="48.99974599627" lon="8.39958890916" />
  <node id="27410" visible="true" version="1" lat="48.99974514147" lon="8.39959041807" />
  <node id="27411" visible="true" version="1" lat="48.99974425096" lon="8.39959184717" />
  <node id="27412" visible="true" version="1" lat="48.9997433253" lon="8.39959319779" />
  <node id="27413" visible="true" version="1" lat="48.99974236504" lon="8.39959447114" />
  <node id="27414" visible="true" version="1" lat="48.99974137076" lon="8.39959566854" />
  <node id="27415" visible="true" version="1" lat="48.99974034305" lon="8.39959679134" />
  <node id="27416" visible="true" version="1" lat="48.99973928247" lon="8.39959784076" />
  <node id="27417" visible="true" version="1" lat="48.99973818959" lon="8.39959881814" />
  <node id="27418" visible="true" version="1" lat="48.99973706497" lon="8.39959972474" />
  <node id="27419" visible="true" version="1" lat="48.9997359092" lon="8.39960056187" />
  <node id="27420" visible="true" version="1" lat="48.99973472284" lon="8.3996013308" />
  <node id="27421" visible="true" version="1" lat="48.99973350646" lon="8.39960203283" />
  <node id="27422" visible="true" version="1" lat="48.99973226065" lon="8.39960266927" />
  <node id="27423" visible="true" version="1" lat="48.99973098596" lon="8.39960324142" />
  <node id="27424" visible="true" version="1" lat="48.99972968297" lon="8.39960375056" />
  <node id="27425" visible="true" version="1" lat="48.99972835225" lon="8.39960419794" />
  <node id="27426" visible="true" version="1" lat="48.99972699436" lon="8.3996045849" />
  <node id="27427" visible="true" version="1" lat="48.99972560989" lon="8.39960491272" />
  <node id="27428" visible="true" version="1" lat="48.99972419939" lon="8.39960518266" />
  <node id="27429" visible="true" version="1" lat="48.99972276346" lon="8.3996053961" />
  <node id="27430" visible="true" version="1" lat="48.99972130265" lon="8.39960555424" />
  <node id="27432" visible="true" version="1" lat="49.00009865605" lon="8.39955106455" />
  <node id="27433" visible="true" version="1" lat="49.00009837531" lon="8.39955012744" />
  <node id="27434" visible="true" version="1" lat="49.00009807868" lon="8.39954922065" />
  <node id="27435" visible="true" version="1" lat="49.00009776635" lon="8.39954834386" />
  <node id="27436" visible="true" version="1" lat="49.00009743846" lon="8.39954749676" />
  <node id="27437" visible="true" version="1" lat="49.00009709514" lon="8.39954667913" />
  <node id="27438" visible="true" version="1" lat="49.00009673658" lon="8.39954589058" />
  <node id="27439" visible="true" version="1" lat="49.00009636291" lon="8.39954513089" />
  <node id="27440" visible="true" version="1" lat="49.00009597428" lon="8.39954439976" />
  <node id="27441" visible="true" version="1" lat="49.00009557081" lon="8.39954369694" />
  <node id="27442" visible="true" version="1" lat="49.00009515271" lon="8.39954302207" />
  <node id="27443" visible="true" version="1" lat="49.0000947201" lon="8.39954237491" />
  <node id="27444" visible="true" version="1" lat="49.00009427314" lon="8.39954175513" />
  <node id="27445" visible="true" version="1" lat="49.00009381195" lon="8.39954116252" />
  <node id="27446" visible="true" version="1" lat="49.00009333672" lon="8.39954059672" />
  <node id="27447" visible="true" version="1" lat="49.00009284758" lon="8.39954005748" />
  <node id="27448" visible="true" version="1" lat="49.00009234469" lon="8.39953954447" />
  <node id="27449" visible="true" version="1" lat="49.00009182819" lon="8.39953905746" />
  <node id="27450" visible="true" version="1" lat="49.00009129824" lon="8.39953859611" />
  <node id="27451" visible="true" version="1" lat="49.00009075498" lon="8.39953816019" />
  <node id="27452" visible="true" version="1" lat="49.00009019856" lon="8.39953774939" />
  <node id="27453" visible="true" version="1" lat="49.00008962916" lon="8.39953736337" />
  <node id="27454" visible="true" version="1" lat="49.0000890469" lon="8.3995370019" />
  <node id="27455" visible="true" version="1" lat="49.00008845192" lon="8.39953666472" />
  <node id="27456" visible="true" version="1" lat="49.00008784442" lon="8.39953635144" />
  <node id="27457" visible="true" version="1" lat="49.00008722449" lon="8.39953606187" />
  <node id="27458" visible="true" version="1" lat="49.00008659233" lon="8.39953579568" />
  <node id="27459" visible="true" version="1" lat="49.00008594806" lon="8.39953555259" />
  <node id="27461" visible="true" version="1" lat="49.00012647273" lon="8.39955136456" />
  <node id="27462" visible="true" version="1" lat="49.00012561938" lon="8.39954848033" />
  <node id="27463" visible="true" version="1" lat="49.00012470765" lon="8.39954571241" />
  <node id="27464" visible="true" version="1" lat="49.00012373845" lon="8.39954305896" />
  <node id="27465" visible="true" version="1" lat="49.00012271267" lon="8.39954051821" />
  <node id="27466" visible="true" version="1" lat="49.00012163127" lon="8.39953808825" />
  <node id="27467" visible="true" version="1" lat="49.00012049513" lon="8.39953576734" />
  <node id="27468" visible="true" version="1" lat="49.00011930519" lon="8.39953355361" />
  <node id="27469" visible="true" version="1" lat="49.00011806235" lon="8.39953144523" />
  <node id="27470" visible="true" version="1" lat="49.00011676754" lon="8.39952944039" />
  <node id="27471" visible="true" version="1" lat="49.00011542168" lon="8.39952753726" />
  <node id="27472" visible="true" version="1" lat="49.00011402567" lon="8.39952573401" />
  <node id="27473" visible="true" version="1" lat="49.00011258041" lon="8.39952402886" />
  <node id="27474" visible="true" version="1" lat="49.00011108686" lon="8.3995224199" />
  <node id="27475" visible="true" version="1" lat="49.00010954591" lon="8.39952090535" />
  <node id="27476" visible="true" version="1" lat="49.0001079585" lon="8.39951948335" />
  <node id="27477" visible="true" version="1" lat="49.00010632551" lon="8.39951815215" />
  <node id="27478" visible="true" version="1" lat="49.00010464787" lon="8.39951690989" />
  <node id="27479" visible="true" version="1" lat="49.00010292653" lon="8.3995157547" />
  <node id="27480" visible="true" version="1" lat="49.00010116236" lon="8.3995146848" />
  <node id="27481" visible="true" version="1" lat="49.0000993563" lon="8.39951369837" />
  <node id="27482" visible="true" version="1" lat="49.00009750925" lon="8.39951279357" />
  <node id="27483" visible="true" version="1" lat="49.00009562215" lon="8.39951196855" />
  <node id="27484" visible="true" version="1" lat="49.0000936959" lon="8.39951122152" />
  <node id="27485" visible="true" version="1" lat="49.00009173141" lon="8.39951055066" />
  <node id="27486" visible="true" version="1" lat="49.00008972962" lon="8.39950995409" />
  <node id="27487" visible="true" version="1" lat="49.00008769143" lon="8.39950943005" />
  <node id="27488" visible="true" version="1" lat="49.00008561775" lon="8.3995089767" />
  <node id="27491" visible="true" version="1" lat="49.00011309378" lon="8.39955319955" />
  <node id="27492" visible="true" version="1" lat="49.00011256439" lon="8.39955121455" />
  <node id="27493" visible="true" version="1" lat="49.00011199734" lon="8.39954930389" />
  <node id="27494" visible="true" version="1" lat="49.00011139317" lon="8.39954746653" />
  <node id="27495" visible="true" version="1" lat="49.0001107524" lon="8.39954570141" />
  <node id="27496" visible="true" version="1" lat="49.00011007556" lon="8.39954400749" />
  <node id="27497" visible="true" version="1" lat="49.00010936321" lon="8.39954238369" />
  <node id="27498" visible="true" version="1" lat="49.00010861586" lon="8.39954082896" />
  <node id="27499" visible="true" version="1" lat="49.00010783405" lon="8.39953934225" />
  <node id="27500" visible="true" version="1" lat="49.00010701832" lon="8.3995379225" />
  <node id="27501" visible="true" version="1" lat="49.00010616918" lon="8.39953656867" />
  <node id="27502" visible="true" version="1" lat="49.0001052872" lon="8.39953527967" />
  <node id="27503" visible="true" version="1" lat="49.00010437288" lon="8.39953405446" />
  <node id="27504" visible="true" version="1" lat="49.00010342677" lon="8.39953289199" />
  <node id="27505" visible="true" version="1" lat="49.0001024494" lon="8.39953179121" />
  <node id="27506" visible="true" version="1" lat="49.00010144131" lon="8.39953075104" />
  <node id="27507" visible="true" version="1" lat="49.00010040304" lon="8.39952977042" />
  <node id="27508" visible="true" version="1" lat="49.0000993351" lon="8.39952884831" />
  <node id="27509" visible="true" version="1" lat="49.00009823803" lon="8.39952798368" />
  <node id="27510" visible="true" version="1" lat="49.00009711238" lon="8.39952717541" />
  <node id="27511" visible="true" version="1" lat="49.00009595867" lon="8.39952642249" />
  <node id="27512" visible="true" version="1" lat="49.00009477743" lon="8.39952572388" />
  <node id="27513" visible="true" version="1" lat="49.00009356921" lon="8.39952507847" />
  <node id="27514" visible="true" version="1" lat="49.00009233453" lon="8.39952448523" />
  <node id="27515" visible="true" version="1" lat="49.00009107391" lon="8.39952394312" />
  <node id="27516" visible="true" version="1" lat="49.00008978791" lon="8.39952345105" />
  <node id="27517" visible="true" version="1" lat="49.00008847706" lon="8.39952300798" />
  <node id="27518" visible="true" version="1" lat="49.00008714188" lon="8.39952261287" />
  <node id="27519" visible="true" version="1" lat="49.00008578291" lon="8.39952226464" />
  <node id="27520" visible="true" version="1" lat="49.00008440069" lon="8.3995219622" />
  <node id="27522" visible="true" version="1" lat="49.00011557519" lon="8.39950098572" />
  <node id="27523" visible="true" version="1" lat="49.00011579335" lon="8.39950202227" />
  <node id="27524" visible="true" version="1" lat="49.00011602531" lon="8.39950303623" />
  <node id="27525" visible="true" version="1" lat="49.0001162713" lon="8.39950402721" />
  <node id="27526" visible="true" version="1" lat="49.00011653164" lon="8.39950499469" />
  <node id="27527" visible="true" version="1" lat="49.00011680664" lon="8.39950593815" />
  <node id="27528" visible="true" version="1" lat="49.00011709656" lon="8.3995068572" />
  <node id="27529" visible="true" version="1" lat="49.00011740171" lon="8.39950775132" />
  <node id="27530" visible="true" version="1" lat="49.00011772235" lon="8.39950862006" />
  <node id="27531" visible="true" version="1" lat="49.00011805879" lon="8.39950946291" />
  <node id="27532" visible="true" version="1" lat="49.00011841131" lon="8.39951027943" />
  <node id="27533" visible="true" version="1" lat="49.00011878022" lon="8.39951106911" />
  <node id="27534" visible="true" version="1" lat="49.0001191658" lon="8.3995118315" />
  <node id="27535" visible="true" version="1" lat="49.00011956834" lon="8.39951256614" />
  <node id="27536" visible="true" version="1" lat="49.00011998811" lon="8.39951327253" />
  <node id="27537" visible="true" version="1" lat="49.00012042544" lon="8.39951395017" />
  <node id="27538" visible="true" version="1" lat="49.00012088058" lon="8.39951459864" />
  <node id="27539" visible="true" version="1" lat="49.00012135384" lon="8.39951521745" />
  <node id="27540" visible="true" version="1" lat="49.00012184551" lon="8.39951580609" />
  <node id="27541" visible="true" version="1" lat="49.00012235586" lon="8.39951636416" />
  <node id="27542" visible="true" version="1" lat="49.00012288521" lon="8.39951689112" />
  <node id="27543" visible="true" version="1" lat="49.00012343384" lon="8.39951738649" />
  <node id="27544" visible="true" version="1" lat="49.000124002" lon="8.39951784987" />
  <node id="27545" visible="true" version="1" lat="49.00012459006" lon="8.39951828068" />
  <node id="27546" visible="true" version="1" lat="49.00012519824" lon="8.39951867853" />
  <node id="27547" visible="true" version="1" lat="49.00012582684" lon="8.39951904294" />
  <node id="27548" visible="true" version="1" lat="49.00012647619" lon="8.39951937337" />
  <node id="27549" visible="true" version="1" lat="49.00012714654" lon="8.39951966944" />
  <node id="27551" visible="true" version="1" lat="49.00008791306" lon="8.39950349068" />
  <node id="27552" visible="true" version="1" lat="49.0000886405" lon="8.39950653048" />
  <node id="27553" visible="true" version="1" lat="49.00008944221" lon="8.39950944398" />
  <node id="27554" visible="true" version="1" lat="49.00009031652" lon="8.39951223401" />
  <node id="27555" visible="true" version="1" lat="49.00009126189" lon="8.39951490324" />
  <node id="27556" visible="true" version="1" lat="49.00009227664" lon="8.39951745442" />
  <node id="27557" visible="true" version="1" lat="49.00009335919" lon="8.39951989032" />
  <node id="27558" visible="true" version="1" lat="49.00009450793" lon="8.39952221368" />
  <node id="27559" visible="true" version="1" lat="49.00009572126" lon="8.39952442718" />
  <node id="27560" visible="true" version="1" lat="49.00009699753" lon="8.39952653363" />
  <node id="27561" visible="true" version="1" lat="49.00009833518" lon="8.3995285357" />
  <node id="27562" visible="true" version="1" lat="49.00009973258" lon="8.39953043617" />
  <node id="27563" visible="true" version="1" lat="49.00010118813" lon="8.39953223774" />
  <node id="27564" visible="true" version="1" lat="49.00010270021" lon="8.3995339432" />
  <node id="27565" visible="true" version="1" lat="49.00010426721" lon="8.39953555524" />
  <node id="27566" visible="true" version="1" lat="49.00010588751" lon="8.39953707664" />
  <node id="27567" visible="true" version="1" lat="49.00010755951" lon="8.39953851012" />
  <node id="27568" visible="true" version="1" lat="49.00010928161" lon="8.39953985839" />
  <node id="27569" visible="true" version="1" lat="49.00011105219" lon="8.39954112423" />
  <node id="27570" visible="true" version="1" lat="49.00011286964" lon="8.39954231035" />
  <node id="27571" visible="true" version="1" lat="49.00011473237" lon="8.39954341948" />
  <node id="27572" visible="true" version="1" lat="49.00011663873" lon="8.39954445441" />
  <node id="27573" visible="true" version="1" lat="49.00011858716" lon="8.39954541778" />
  <node id="27574" visible="true" version="1" lat="49.00012057599" lon="8.39954631245" />
  <node id="27575" visible="true" version="1" lat="49.00012260369" lon="8.39954714105" />
  <node id="27576" visible="true" version="1" lat="49.00012466857" lon="8.39954790638" />
  <node id="27577" visible="true" version="1" lat="49.00012676906" lon="8.39954861116" />
  <node id="27578" visible="true" version="1" lat="49.00012890356" lon="8.39954925812" />
  <node id="27581" visible="true" version="1" lat="49.00010131597" lon="8.3995001245" />
  <node id="27582" visible="true" version="1" lat="49.00010174412" lon="8.3995022382" />
  <node id="27583" visible="true" version="1" lat="49.00010221692" lon="8.39950427637" />
  <node id="27584" visible="true" version="1" lat="49.00010273376" lon="8.3995062401" />
  <node id="27585" visible="true" version="1" lat="49.00010329391" lon="8.39950813061" />
  <node id="27586" visible="true" version="1" lat="49.00010389676" lon="8.39950994896" />
  <node id="27587" visible="true" version="1" lat="49.00010454164" lon="8.39951169629" />
  <node id="27588" visible="true" version="1" lat="49.00010522788" lon="8.39951337376" />
  <node id="27589" visible="true" version="1" lat="49.00010595482" lon="8.3995149825" />
  <node id="27590" visible="true" version="1" lat="49.0001067218" lon="8.39951652362" />
  <node id="27591" visible="true" version="1" lat="49.00010752816" lon="8.39951799827" />
  <node id="27592" visible="true" version="1" lat="49.00010837325" lon="8.39951940757" />
  <node id="27593" visible="true" version="1" lat="49.0001092564" lon="8.39952075264" />
  <node id="27594" visible="true" version="1" lat="49.00011017697" lon="8.39952203462" />
  <node id="27595" visible="true" version="1" lat="49.00011113427" lon="8.39952325467" />
  <node id="27596" visible="true" version="1" lat="49.00011212766" lon="8.39952441389" />
  <node id="27597" visible="true" version="1" lat="49.00011315648" lon="8.39952551341" />
  <node id="27598" visible="true" version="1" lat="49.00011422005" lon="8.39952655438" />
  <node id="27599" visible="true" version="1" lat="49.00011531772" lon="8.39952753792" />
  <node id="27600" visible="true" version="1" lat="49.00011644885" lon="8.39952846516" />
  <node id="27601" visible="true" version="1" lat="49.00011761275" lon="8.39952933726" />
  <node id="27602" visible="true" version="1" lat="49.00011880879" lon="8.3995301553" />
  <node id="27603" visible="true" version="1" lat="49.00012003628" lon="8.39953092045" />
  <node id="27604" visible="true" version="1" lat="49.00012129458" lon="8.39953163383" />
  <node id="27605" visible="true" version="1" lat="49.00012258303" lon="8.39953229656" />
  <node id="27606" visible="true" version="1" lat="49.00012390096" lon="8.39953290979" />
  <node id="27607" visible="true" version="1" lat="49.00012524771" lon="8.39953347466" />
  <node id="27608" visible="true" version="1" lat="49.00012662263" lon="8.39953399226" />
  <node id="27609" visible="true" version="1" lat="49.00012802505" lon="8.39953446378" />
  <node id="27610" visible="true" version="1" lat="49.00012945432" lon="8.39953489027" />
  <node id="27612" visible="true" version="1" lat="49.00009819422" lon="8.39954874722" />
  <node id="27613" visible="true" version="1" lat="49.00009761275" lon="8.39954564561" />
  <node id="27614" visible="true" version="1" lat="49.00009717396" lon="8.39954272425" />
  <node id="27615" visible="true" version="1" lat="49.00009687538" lon="8.3995399801" />
  <node id="27616" visible="true" version="1" lat="49.0000967146" lon="8.39953741001" />
  <node id="27617" visible="true" version="1" lat="49.00009668913" lon="8.39953501095" />
  <node id="27618" visible="true" version="1" lat="49.00009679658" lon="8.39953277978" />
  <node id="27619" visible="true" version="1" lat="49.00009703446" lon="8.39953071349" />
  <node id="27620" visible="true" version="1" lat="49.00009740038" lon="8.3995288089" />
  <node id="27621" visible="true" version="1" lat="49.00009789183" lon="8.399527063" />
  <node id="27622" visible="true" version="1" lat="49.00009850642" lon="8.39952547269" />
  <node id="27623" visible="true" version="1" lat="49.0000992417" lon="8.39952403482" />
  <node id="27624" visible="true" version="1" lat="49.0001000952" lon="8.39952274638" />
  <node id="27625" visible="true" version="1" lat="49.00010106451" lon="8.39952160422" />
  <node id="27626" visible="true" version="1" lat="49.00010214716" lon="8.39952060532" />
  <node id="27627" visible="true" version="1" lat="49.00010334073" lon="8.39951974652" />
  <node id="27628" visible="true" version="1" lat="49.00010464275" lon="8.39951902482" />
  <node id="27629" visible="true" version="1" lat="49.00010605082" lon="8.39951843703" />
  <node id="27630" visible="true" version="1" lat="49.00010756244" lon="8.39951798017" />
  <node id="27631" visible="true" version="1" lat="49.00010917522" lon="8.39951765106" />
  <node id="27632" visible="true" version="1" lat="49.00011088667" lon="8.39951744669" />
  <node id="27633" visible="true" version="1" lat="49.0001126944" lon="8.3995173639" />
  <node id="27634" visible="true" version="1" lat="49.00011459591" lon="8.39951739969" />
  <node id="27635" visible="true" version="1" lat="49.00011658878" lon="8.39951755091" />
  <node id="27636" visible="true" version="1" lat="49.00011867061" lon="8.39951781446" />
  <node id="27637" visible="true" version="1" lat="49.00012083889" lon="8.39951818731" />
  <node id="27638" visible="true" version="1" lat="49.00012309122" lon="8.39951866631" />
  <node id="27639" visible="true" version="1" lat="49.00012542513" lon="8.39951924844" />
  <node id="27641" visible="true" version="1" lat="49.00012719152" lon="8.39955394988" />
  <node id="27642" visible="true" version="1" lat="49.0001271338" lon="8.39955355502" />
  <node id="27643" visible="true" version="1" lat="49.00012709328" lon="8.39955318194" />
  <node id="27644" visible="true" version="1" lat="49.00012706966" lon="8.39955283026" />
  <node id="27645" visible="true" version="1" lat="49.00012706264" lon="8.39955249959" />
  <node id="27646" visible="true" version="1" lat="49.00012707191" lon="8.39955218952" />
  <node id="27647" visible="true" version="1" lat="49.00012709714" lon="8.39955189968" />
  <node id="27648" visible="true" version="1" lat="49.00012713805" lon="8.39955162968" />
  <node id="27649" visible="true" version="1" lat="49.00012719432" lon="8.39955137912" />
  <node id="27650" visible="true" version="1" lat="49.00012726564" lon="8.39955114762" />
  <node id="27651" visible="true" version="1" lat="49.0001273517" lon="8.39955093477" />
  <node id="27652" visible="true" version="1" lat="49.0001274522" lon="8.3995507402" />
  <node id="27653" visible="true" version="1" lat="49.00012756682" lon="8.39955056351" />
  <node id="27654" visible="true" version="1" lat="49.00012769526" lon="8.39955040431" />
  <node id="27655" visible="true" version="1" lat="49.00012783722" lon="8.39955026221" />
  <node id="27656" visible="true" version="1" lat="49.00012799237" lon="8.39955013683" />
  <node id="27657" visible="true" version="1" lat="49.00012816042" lon="8.39955002777" />
  <node id="27658" visible="true" version="1" lat="49.00012834105" lon="8.39954993464" />
  <node id="27659" visible="true" version="1" lat="49.00012853396" lon="8.39954985704" />
  <node id="27660" visible="true" version="1" lat="49.00012873884" lon="8.3995497946" />
  <node id="27661" visible="true" version="1" lat="49.00012895538" lon="8.39954974693" />
  <node id="27662" visible="true" version="1" lat="49.00012918326" lon="8.39954971361" />
  <node id="27663" visible="true" version="1" lat="49.0001294222" lon="8.39954969428" />
  <node id="27664" visible="true" version="1" lat="49.00012967186" lon="8.39954968853" />
  <node id="27665" visible="true" version="1" lat="49.00012993196" lon="8.39954969599" />
  <node id="27666" visible="true" version="1" lat="49.00013020217" lon="8.39954971626" />
  <node id="27667" visible="true" version="1" lat="49.00013048219" lon="8.39954974894" />
  <node id="27668" visible="true" version="1" lat="49.00013077171" lon="8.39954979365" />
  <node id="27671" visible="true" version="1" lat="49.00011309378" lon="8.39955319955" />
  <node id="27672" visible="true" version="1" lat="49.00011269287" lon="8.39955134855" />
  <node id="27673" visible="true" version="1" lat="49.00011237327" lon="8.39954960032" />
  <node id="27674" visible="true" version="1" lat="49.00011213362" lon="8.39954795309" />
  <node id="27675" visible="true" version="1" lat="49.00011197252" lon="8.39954640518" />
  <node id="27676" visible="true" version="1" lat="49.00011188862" lon="8.39954495479" />
  <node id="27677" visible="true" version="1" lat="49.00011188052" lon="8.39954360023" />
  <node id="27678" visible="true" version="1" lat="49.00011194686" lon="8.39954233973" />
  <node id="27679" visible="true" version="1" lat="49.00011208626" lon="8.39954117158" />
  <node id="27680" visible="true" version="1" lat="49.00011229735" lon="8.39954009401" />
  <node id="27681" visible="true" version="1" lat="49.00011257874" lon="8.39953910531" />
  <node id="27682" visible="true" version="1" lat="49.00011292906" lon="8.39953820373" />
  <node id="27683" visible="true" version="1" lat="49.00011334695" lon="8.3995373875" />
  <node id="27684" visible="true" version="1" lat="49.00011383101" lon="8.39953665494" />
  <node id="27685" visible="true" version="1" lat="49.00011437989" lon="8.39953600426" />
  <node id="27686" visible="true" version="1" lat="49.00011499219" lon="8.39953543376" />
  <node id="27687" visible="true" version="1" lat="49.00011566656" lon="8.39953494168" />
  <node id="27688" visible="true" version="1" lat="49.00011640159" lon="8.39953452629" />
  <node id="27689" visible="true" version="1" lat="49.00011719593" lon="8.39953418583" />
  <node id="27690" visible="true" version="1" lat="49.0001180482" lon="8.3995339186" />
  <node id="27691" visible="true" version="1" lat="49.00011895703" lon="8.39953372283" />
  <node id="27692" visible="true" version="1" lat="49.00011992103" lon="8.39953359681" />
  <node id="27693" visible="true" version="1" lat="49.00012093883" lon="8.39953353875" />
  <node id="27694" visible="true" version="1" lat="49.00012200906" lon="8.39953354698" />
  <node id="27695" visible="true" version="1" lat="49.00012313032" lon="8.39953361972" />
  <node id="27696" visible="true" version="1" lat="49.00012430128" lon="8.39953375522" />
  <node id="27697" visible="true" version="1" lat="49.00012552053" lon="8.39953395178" />
  <node id="27698" visible="true" version="1" lat="49.00012678671" lon="8.39953420762" />
  <node id="27699" visible="true" version="1" lat="49.00012809842" lon="8.39953452105" />
  <node id="27700" visible="true" version="1" lat="49.00012945432" lon="8.39953489027" />
  <node id="27702" visible="true" version="1" lat="48.99974648899" lon="8.40011583133" />
  <node id="27703" visible="true" version="1" lat="48.99974738279" lon="8.40011311393" />
  <node id="27704" visible="true" version="1" lat="48.99974831613" lon="8.40011060142" />
  <node id="27705" visible="true" version="1" lat="48.99974928907" lon="8.40010829388" />
  <node id="27706" visible="true" version="1" lat="48.99975030158" lon="8.40010619143" />
  <node id="27707" visible="true" version="1" lat="48.99975135373" lon="8.40010429414" />
  <node id="27708" visible="true" version="1" lat="48.99975244551" lon="8.40010260211" />
  <node id="27709" visible="true" version="1" lat="48.99975357692" lon="8.40010111546" />
  <node id="27710" visible="true" version="1" lat="48.99975474801" lon="8.40009983424" />
  <node id="27711" visible="true" version="1" lat="48.99975595878" lon="8.40009875859" />
  <node id="27712" visible="true" version="1" lat="48.99975720927" lon="8.40009788857" />
  <node id="27713" visible="true" version="1" lat="48.99975849946" lon="8.4000972243" />
  <node id="27714" visible="true" version="1" lat="48.99975982941" lon="8.40009676585" />
  <node id="27715" visible="true" version="1" lat="48.99976119913" lon="8.40009651333" />
  <node id="27716" visible="true" version="1" lat="48.9997626086" lon="8.40009646685" />
  <node id="27717" visible="true" version="1" lat="48.99976405789" lon="8.40009662647" />
  <node id="27718" visible="true" version="1" lat="48.99976554698" lon="8.40009699231" />
  <node id="27719" visible="true" version="1" lat="48.99976707591" lon="8.40009756445" />
  <node id="27720" visible="true" version="1" lat="48.99976864469" lon="8.40009834301" />
  <node id="27721" visible="true" version="1" lat="48.99977025334" lon="8.40009932805" />
  <node id="27722" visible="true" version="1" lat="48.99977190189" lon="8.40010051968" />
  <node id="27723" visible="true" version="1" lat="48.99977359033" lon="8.40010191801" />
  <node id="27724" visible="true" version="1" lat="48.99977531871" lon="8.40010352311" />
  <node id="27725" visible="true" version="1" lat="48.99977708701" lon="8.4001053351" />
  <node id="27726" visible="true" version="1" lat="48.99977889529" lon="8.40010735405" />
  <node id="27727" visible="true" version="1" lat="48.99978074356" lon="8.40010958007" />
  <node id="27728" visible="true" version="1" lat="48.9997826318" lon="8.40011201325" />
  <node id="27729" visible="true" version="1" lat="48.99978456008" lon="8.40011465368" />
  <node id="27731" visible="true" version="1" lat="48.99977055966" lon="8.40014405446" />
  <node id="27732" visible="true" version="1" lat="48.99977073683" lon="8.400143401" />
  <node id="27733" visible="true" version="1" lat="48.9997709173" lon="8.40014276577" />
  <node id="27734" visible="true" version="1" lat="48.99977110153" lon="8.40014215129" />
  <node id="27735" visible="true" version="1" lat="48.99977128996" lon="8.40014156004" />
  <node id="27736" visible="true" version="1" lat="48.99977148305" lon="8.40014099456" />
  <node id="27737" visible="true" version="1" lat="48.99977168126" lon="8.40014045733" />
  <node id="27738" visible="true" version="1" lat="48.99977188505" lon="8.40013995086" />
  <node id="27739" visible="true" version="1" lat="48.99977209486" lon="8.40013947766" />
  <node id="27740" visible="true" version="1" lat="48.99977231116" lon="8.40013904024" />
  <node id="27741" visible="true" version="1" lat="48.99977253437" lon="8.4001386411" />
  <node id="27742" visible="true" version="1" lat="48.99977276498" lon="8.40013828274" />
  <node id="27743" visible="true" version="1" lat="48.99977300343" lon="8.40013796767" />
  <node id="27744" visible="true" version="1" lat="48.99977325017" lon="8.4001376984" />
  <node id="27745" visible="true" version="1" lat="48.99977350565" lon="8.40013747745" />
  <node id="27746" visible="true" version="1" lat="48.99977377035" lon="8.40013730729" />
  <node id="27747" visible="true" version="1" lat="48.9997740447" lon="8.40013719045" />
  <node id="27748" visible="true" version="1" lat="48.99977432916" lon="8.40013712943" />
  <node id="27749" visible="true" version="1" lat="48.99977462418" lon="8.40013712673" />
  <node id="27750" visible="true" version="1" lat="48.9997749302" lon="8.40013718488" />
  <node id="27751" visible="true" version="1" lat="48.99977524771" lon="8.40013730636" />
  <node id="27752" visible="true" version="1" lat="48.99977557715" lon="8.40013749368" />
  <node id="27753" visible="true" version="1" lat="48.99977591896" lon="8.40013774934" />
  <node id="27754" visible="true" version="1" lat="48.99977627361" lon="8.40013807587" />
  <node id="27755" visible="true" version="1" lat="48.99977664152" lon="8.40013847576" />
  <node id="27756" visible="true" version="1" lat="48.99977702319" lon="8.40013895151" />
  <node id="27757" visible="true" version="1" lat="48.99977741906" lon="8.40013950563" />
  <node id="27758" visible="true" version="1" lat="48.99977782957" lon="8.40014014064" />
  <node id="27761" visible="true" version="1" lat="48.99975801005" lon="8.40013173858" />
  <node id="27762" visible="true" version="1" lat="48.99975852433" lon="8.40012994289" />
  <node id="27763" visible="true" version="1" lat="48.99975905981" lon="8.40012825746" />
  <node id="27764" visible="true" version="1" lat="48.99975961672" lon="8.40012668359" />
  <node id="27765" visible="true" version="1" lat="48.9997601953" lon="8.40012522258" />
  <node id="27766" visible="true" version="1" lat="48.99976079577" lon="8.40012387573" />
  <node id="27767" visible="true" version="1" lat="48.99976141839" lon="8.40012264435" />
  <node id="27768" visible="true" version="1" lat="48.99976206339" lon="8.40012152972" />
  <node id="27769" visible="true" version="1" lat="48.99976273099" lon="8.40012053316" />
  <node id="27770" visible="true" version="1" lat="48.99976342144" lon="8.40011965595" />
  <node id="27771" visible="true" version="1" lat="48.99976413497" lon="8.40011889941" />
  <node id="27772" visible="true" version="1" lat="48.99976487182" lon="8.40011826483" />
  <node id="27773" visible="true" version="1" lat="48.99976563222" lon="8.40011775352" />
  <node id="27774" visible="true" version="1" lat="48.99976641642" lon="8.40011736676" />
  <node id="27775" visible="true" version="1" lat="48.99976722465" lon="8.40011710587" />
  <node id="27776" visible="true" version="1" lat="48.99976805713" lon="8.40011697214" />
  <node id="27777" visible="true" version="1" lat="48.99976891412" lon="8.40011696688" />
  <node id="27778" visible="true" version="1" lat="48.99976979584" lon="8.40011709138" />
  <node id="27779" visible="true" version="1" lat="48.99977070254" lon="8.40011734694" />
  <node id="27780" visible="true" version="1" lat="48.99977163444" lon="8.40011773487" />
  <node id="27781" visible="true" version="1" lat="48.99977259178" lon="8.40011825646" />
  <node id="27782" visible="true" version="1" lat="48.9997735748" lon="8.40011891302" />
  <node id="27783" visible="true" version="1" lat="48.99977458374" lon="8.40011970584" />
  <node id="27784" visible="true" version="1" lat="48.99977561884" lon="8.40012063623" />
  <node id="27785" visible="true" version="1" lat="48.99977668031" lon="8.40012170548" />
  <node id="27786" visible="true" version="1" lat="48.99977776841" lon="8.40012291491" />
  <node id="27787" visible="true" version="1" lat="48.99977888338" lon="8.40012426579" />
  <node id="27788" visible="true" version="1" lat="48.99978002543" lon="8.40012575944" />
  <node id="27789" visible="true" version="1" lat="48.99978119482" lon="8.40012739716" />
  <node id="27790" visible="true" version="1" lat="48.99978239177" lon="8.40012918025" />
  <node id="27792" visible="true" version="1" lat="48.99972470003" lon="8.39963483112" />
  <node id="27793" visible="true" version="1" lat="48.99972554293" lon="8.39963153237" />
  <node id="27794" visible="true" version="1" lat="48.99972642966" lon="8.39962832297" />
  <node id="27795" visible="true" version="1" lat="48.99972736101" lon="8.39962520457" />
  <node id="27796" visible="true" version="1" lat="48.99972833776" lon="8.39962217876" />
  <node id="27797" visible="true" version="1" lat="48.99972936074" lon="8.39961924724" />
  <node id="27798" visible="true" version="1" lat="48.99973043073" lon="8.39961641156" />
  <node id="27799" visible="true" version="1" lat="48.99973154854" lon="8.3996136734" />
  <node id="27800" visible="true" version="1" lat="48.99973271496" lon="8.39961103438" />
  <node id="27801" visible="true" version="1" lat="48.99973393076" lon="8.39960849606" />
  <node id="27802" visible="true" version="1" lat="48.99973519679" lon="8.39960606015" />
  <node id="27803" visible="true" version="1" lat="48.9997365138" lon="8.39960372824" />
  <node id="27804" visible="true" version="1" lat="48.99973788264" lon="8.39960150199" />
  <node id="27805" visible="true" version="1" lat="48.99973930406" lon="8.39959938297" />
  <node id="27806" visible="true" version="1" lat="48.99974077887" lon="8.39959737283" />
  <node id="27807" visible="true" version="1" lat="48.99974230786" lon="8.39959547318" />
  <node id="27808" visible="true" version="1" lat="48.99974389186" lon="8.39959368572" />
  <node id="27809" visible="true" version="1" lat="48.99974553164" lon="8.399592012" />
  <node id="27810" visible="true" version="1" lat="48.999747228" lon="8.39959045365" />
  <node id="27811" visible="true" version="1" lat="48.99974898175" lon="8.39958901234" />
  <node id="27812" visible="true" version="1" lat="48.99975079367" lon="8.39958768968" />
  <node id="27813" visible="true" version="1" lat="48.99975266457" lon="8.39958648727" />
  <node id="27814" visible="true" version="1" lat="48.99975459525" lon="8.39958540676" />
  <node id="27815" visible="true" version="1" lat="48.9997565865" lon="8.39958444977" />
  <node id="27816" visible="true" version="1" lat="48.9997586391" lon="8.39958361791" />
  <node id="27817" visible="true" version="1" lat="48.99976075389" lon="8.39958291287" />
  <node id="27818" visible="true" version="1" lat="48.99976293164" lon="8.39958233621" />
  <node id="27819" visible="true" version="1" lat="48.99976517316" lon="8.39958188959" />
  <node id="27821" visible="true" version="1" lat="48.99975028893" lon="8.39963493268" />
  <node id="27822" visible="true" version="1" lat="48.9997505321" lon="8.39963408295" />
  <node id="27823" visible="true" version="1" lat="48.99975078239" lon="8.39963324747" />
  <node id="27824" visible="true" version="1" lat="48.99975104023" lon="8.39963242705" />
  <node id="27825" visible="true" version="1" lat="48.99975130604" lon="8.39963162256" />
  <node id="27826" visible="true" version="1" lat="48.99975158025" lon="8.39963083485" />
  <node id="27827" visible="true" version="1" lat="48.99975186327" lon="8.39963006473" />
  <node id="27828" visible="true" version="1" lat="48.99975215554" lon="8.39962931308" />
  <node id="27829" visible="true" version="1" lat="48.99975245747" lon="8.39962858073" />
  <node id="27830" visible="true" version="1" lat="48.99975276947" lon="8.39962786851" />
  <node id="27831" visible="true" version="1" lat="48.99975309199" lon="8.39962717729" />
  <node id="27832" visible="true" version="1" lat="48.99975342544" lon="8.3996265079" />
  <node id="27833" visible="true" version="1" lat="48.99975377024" lon="8.39962586117" />
  <node id="27834" visible="true" version="1" lat="48.99975412682" lon="8.39962523798" />
  <node id="27835" visible="true" version="1" lat="48.9997544956" lon="8.39962463915" />
  <node id="27836" visible="true" version="1" lat="48.999754877" lon="8.39962406555" />
  <node id="27837" visible="true" version="1" lat="48.99975527146" lon="8.39962351801" />
  <node id="27838" visible="true" version="1" lat="48.99975567937" lon="8.39962299733" />
  <node id="27839" visible="true" version="1" lat="48.99975610117" lon="8.39962250442" />
  <node id="27840" visible="true" version="1" lat="48.99975653729" lon="8.3996220401" />
  <node id="27841" visible="true" version="1" lat="48.99975698814" lon="8.39962160521" />
  <node id="27842" visible="true" version="1" lat="48.99975745416" lon="8.39962120061" />
  <node id="27843" visible="true" version="1" lat="48.99975793575" lon="8.39962082711" />
  <node id="27844" visible="true" version="1" lat="48.99975843335" lon="8.3996204856" />
  <node id="27845" visible="true" version="1" lat="48.9997589474" lon="8.39962017692" />
  <node id="27846" visible="true" version="1" lat="48.99975947827" lon="8.39961990185" />
  <node id="27847" visible="true" version="1" lat="48.99976002643" lon="8.39961966132" />
  <node id="27848" visible="true" version="1" lat="48.99976059228" lon="8.39961945611" />
  <node id="27851" visible="true" version="1" lat="48.9997369763" lon="8.39963700668" />
  <node id="27852" visible="true" version="1" lat="48.99973749448" lon="8.3996348819" />
  <node id="27853" visible="true" version="1" lat="48.99973803751" lon="8.39963280766" />
  <node id="27854" visible="true" version="1" lat="48.99973860603" lon="8.39963078522" />
  <node id="27855" visible="true" version="1" lat="48.99973920062" lon="8.39962881581" />
  <node id="27856" visible="true" version="1" lat="48.9997398219" lon="8.39962690066" />
  <node id="27857" visible="true" version="1" lat="48.9997404705" lon="8.39962504104" />
  <node id="27858" visible="true" version="1" lat="48.999741147" lon="8.39962323814" />
  <node id="27859" visible="true" version="1" lat="48.99974185204" lon="8.39962149324" />
  <node id="27860" visible="true" version="1" lat="48.99974258621" lon="8.39961980755" />
  <node id="27861" visible="true" version="1" lat="48.99974335012" lon="8.39961818228" />
  <node id="27862" visible="true" version="1" lat="48.99974414439" lon="8.39961661872" />
  <node id="27863" visible="true" version="1" lat="48.99974496962" lon="8.39961511807" />
  <node id="27864" visible="true" version="1" lat="48.99974582644" lon="8.39961368158" />
  <node id="27865" visible="true" version="1" lat="48.99974671544" lon="8.39961231047" />
  <node id="27866" visible="true" version="1" lat="48.99974763723" lon="8.39961100599" />
  <node id="27867" visible="true" version="1" lat="48.99974859243" lon="8.39960976936" />
  <node id="27868" visible="true" version="1" lat="48.99974958166" lon="8.39960860186" />
  <node id="27869" visible="true" version="1" lat="48.9997506055" lon="8.39960750466" />
  <node id="27870" visible="true" version="1" lat="48.99975166458" lon="8.39960647903" />
  <node id="27871" visible="true" version="1" lat="48.99975275952" lon="8.39960552622" />
  <node id="27872" visible="true" version="1" lat="48.99975389091" lon="8.39960464744" />
  <node id="27873" visible="true" version="1" lat="48.99975505937" lon="8.39960384394" />
  <node id="27874" visible="true" version="1" lat="48.9997562655" lon="8.39960311693" />
  <node id="27875" visible="true" version="1" lat="48.99975750993" lon="8.39960246768" />
  <node id="27876" visible="true" version="1" lat="48.99975879325" lon="8.39960189741" />
  <node id="27877" visible="true" version="1" lat="48.99976011608" lon="8.39960140736" />
  <node id="27878" visible="true" version="1" lat="48.99976147904" lon="8.39960099877" />
  <node id="27879" visible="true" version="1" lat="48.99976288272" lon="8.39960067285" />
  <node id="27880" visible="true" version="1" lat="48.99976432774" lon="8.39960043086" />
  <node id="27882" visible="true" version="1" lat="48.99996794043" lon="8.39949942872" />
  <node id="27883" visible="true" version="1" lat="48.99996809099" lon="8.39949996451" />
  <node id="27884" visible="true" version="1" lat="48.99996825188" lon="8.39950047888" />
  <node id="27885" visible="true" version="1" lat="48.99996842311" lon="8.39950097181" />
  <node id="27886" visible="true" version="1" lat="48.9999686047" lon="8.39950144324" />
  <node id="27887" visible="true" version="1" lat="48.99996879667" lon="8.39950189316" />
  <node id="27888" visible="true" version="1" lat="48.99996899904" lon="8.39950232149" />
  <node id="27889" visible="true" version="1" lat="48.99996921183" lon="8.39950272821" />
  <node id="27890" visible="true" version="1" lat="48.99996943506" lon="8.39950311327" />
  <node id="27891" visible="true" version="1" lat="48.99996966875" lon="8.39950347666" />
  <node id="27892" visible="true" version="1" lat="48.99996991293" lon="8.39950381827" />
  <node id="27893" visible="true" version="1" lat="48.9999701676" lon="8.39950413813" />
  <node id="27894" visible="true" version="1" lat="48.99997043279" lon="8.39950443616" />
  <node id="27895" visible="true" version="1" lat="48.99997070852" lon="8.39950471234" />
  <node id="27896" visible="true" version="1" lat="48.99997099482" lon="8.3995049666" />
  <node id="27897" visible="true" version="1" lat="48.9999712917" lon="8.39950519892" />
  <node id="27898" visible="true" version="1" lat="48.99997159917" lon="8.39950540926" />
  <node id="27899" visible="true" version="1" lat="48.99997191727" lon="8.39950559756" />
  <node id="27900" visible="true" version="1" lat="48.99997224601" lon="8.39950576379" />
  <node id="27901" visible="true" version="1" lat="48.99997258541" lon="8.39950590791" />
  <node id="27902" visible="true" version="1" lat="48.99997293549" lon="8.39950602989" />
  <node id="27903" visible="true" version="1" lat="48.99997329627" lon="8.39950612966" />
  <node id="27904" visible="true" version="1" lat="48.99997366777" lon="8.39950620721" />
  <node id="27905" visible="true" version="1" lat="48.99997405001" lon="8.39950626247" />
  <node id="27906" visible="true" version="1" lat="48.99997444301" lon="8.39950629543" />
  <node id="27907" visible="true" version="1" lat="48.99997484679" lon="8.39950630601" />
  <node id="27908" visible="true" version="1" lat="48.99997526138" lon="8.39950629419" />
  <node id="27909" visible="true" version="1" lat="48.99997568678" lon="8.39950625993" />
  <node id="27911" visible="true" version="1" lat="48.99995480079" lon="8.39950700202" />
  <node id="27912" visible="true" version="1" lat="48.999955168" lon="8.39950919074" />
  <node id="27913" visible="true" version="1" lat="48.99995556277" lon="8.39951132161" />
  <node id="27914" visible="true" version="1" lat="48.99995598637" lon="8.39951339206" />
  <node id="27915" visible="true" version="1" lat="48.99995643997" lon="8.39951539949" />
  <node id="27916" visible="true" version="1" lat="48.99995692485" lon="8.39951734131" />
  <node id="27917" visible="true" version="1" lat="48.99995744224" lon="8.39951921494" />
  <node id="27918" visible="true" version="1" lat="48.99995799336" lon="8.39952101775" />
  <node id="27919" visible="true" version="1" lat="48.99995857946" lon="8.39952274719" />
  <node id="27920" visible="true" version="1" lat="48.99995920178" lon="8.39952440065" />
  <node id="27921" visible="true" version="1" lat="48.99995986154" lon="8.39952597551" />
  <node id="27922" visible="true" version="1" lat="48.99996055997" lon="8.39952746924" />
  <node id="27923" visible="true" version="1" lat="48.99996129834" lon="8.39952887921" />
  <node id="27924" visible="true" version="1" lat="48.99996207783" lon="8.39953020282" />
  <node id="27925" visible="true" version="1" lat="48.99996289974" lon="8.39953143751" />
  <node id="27926" visible="true" version="1" lat="48.99996376526" lon="8.39953258062" />
  <node id="27927" visible="true" version="1" lat="48.99996467563" lon="8.39953362964" />
  <node id="27928" visible="true" version="1" lat="48.99996563211" lon="8.39953458194" />
  <node id="27929" visible="true" version="1" lat="48.9999666359" lon="8.39953543493" />
  <node id="27930" visible="true" version="1" lat="48.99996768827" lon="8.39953618601" />
  <node id="27931" visible="true" version="1" lat="48.99996879044" lon="8.3995368326" />
  <node id="27932" visible="true" version="1" lat="48.99996994363" lon="8.39953737211" />
  <node id="27933" visible="true" version="1" lat="48.9999711491" lon="8.39953780193" />
  <node id="27934" visible="true" version="1" lat="48.9999724081" lon="8.39953811947" />
  <node id="27935" visible="true" version="1" lat="48.99997372181" lon="8.39953832216" />
  <node id="27936" visible="true" version="1" lat="48.9999750915" lon="8.39953840739" />
  <node id="27937" visible="true" version="1" lat="48.99997651842" lon="8.39953837259" />
  <node id="27938" visible="true" version="1" lat="48.99997800378" lon="8.39953821512" />
  <node id="27941" visible="true" version="1" lat="48.99996113003" lon="8.39950181482" />
  <node id="27942" visible="true" version="1" lat="48.99996137061" lon="8.39950321537" />
  <node id="27943" visible="true" version="1" lat="48.99996162949" lon="8.39950457763" />
  <node id="27944" visible="true" version="1" lat="48.99996190733" lon="8.39950590024" />
  <node id="27945" visible="true" version="1" lat="48.99996220474" lon="8.39950718193" />
  <node id="27946" visible="true" version="1" lat="48.99996252234" lon="8.39950842137" />
  <node id="27947" visible="true" version="1" lat="48.99996286076" lon="8.39950961724" />
  <node id="27948" visible="true" version="1" lat="48.99996322064" lon="8.39951076822" />
  <node id="27949" visible="true" version="1" lat="48.9999636026" lon="8.39951187298" />
  <node id="27950" visible="true" version="1" lat="48.99996400726" lon="8.39951293023" />
  <node id="27951" visible="true" version="1" lat="48.99996443526" lon="8.39951393865" />
  <node id="27952" visible="true" version="1" lat="48.99996488724" lon="8.39951489689" />
  <node id="27953" visible="true" version="1" lat="48.99996536378" lon="8.39951580369" />
  <node id="27954" visible="true" version="1" lat="48.99996586556" lon="8.39951665769" />
  <node id="27955" visible="true" version="1" lat="48.99996639318" lon="8.39951745758" />
  <node id="27956" visible="true" version="1" lat="48.99996694728" lon="8.39951820205" />
  <node id="27957" visible="true" version="1" lat="48.99996752848" lon="8.39951888977" />
  <node id="27958" visible="true" version="1" lat="48.9999681374" lon="8.39951951945" />
  <node id="27959" visible="true" version="1" lat="48.99996877469" lon="8.39952008975" />
  <node id="27960" visible="true" version="1" lat="48.99996944096" lon="8.39952059936" />
  <node id="27961" visible="true" version="1" lat="48.99997013684" lon="8.39952104696" />
  <node id="27962" visible="true" version="1" lat="48.99997086297" lon="8.39952143125" />
  <node id="27963" visible="true" version="1" lat="48.99997161995" lon="8.39952175088" />
  <node id="27964" visible="true" version="1" lat="48.99997240844" lon="8.39952200457" />
  <node id="27965" visible="true" version="1" lat="48.99997322906" lon="8.39952219097" />
  <node id="27966" visible="true" version="1" lat="48.99997408241" lon="8.39952230879" />
  <node id="27967" visible="true" version="1" lat="48.99997496915" lon="8.3995223567" />
  <node id="27968" visible="true" version="1" lat="48.9999758899" lon="8.39952233339" />
  <node id="27969" visible="true" version="1" lat="48.99997684528" lon="8.39952223753" />
  <node id="27970" visible="true" version="1" lat="48.99997783592" lon="8.39952206783" />
  <node id="27972" visible="true" version="1" lat="48.99999584138" lon="8.40024749193" />
  <node id="27973" visible="true" version="1" lat="48.99999587828" lon="8.400248239" />
  <node id="27974" visible="true" version="1" lat="48.99999592793" lon="8.40024896797" />
  <node id="27975" visible="true" version="1" lat="48.9999959907" lon="8.40024967832" />
  <node id="27976" visible="true" version="1" lat="48.99999606694" lon="8.40025036953" />
  <node id="27977" visible="true" version="1" lat="48.99999615701" lon="8.40025104113" />
  <node id="27978" visible="true" version="1" lat="48.99999626128" lon="8.40025169255" />
  <node id="27979" visible="true" version="1" lat="48.9999963801" lon="8.40025232334" />
  <node id="27980" visible="true" version="1" lat="48.99999651382" lon="8.40025293296" />
  <node id="27981" visible="true" version="1" lat="48.99999666281" lon="8.4002535209" />
  <node id="27982" visible="true" version="1" lat="48.99999682742" lon="8.40025408667" />
  <node id="27983" visible="true" version="1" lat="48.99999700803" lon="8.40025462974" />
  <node id="27984" visible="true" version="1" lat="48.99999720497" lon="8.40025514961" />
  <node id="27985" visible="true" version="1" lat="48.99999741861" lon="8.40025564578" />
  <node id="27986" visible="true" version="1" lat="48.99999764932" lon="8.40025611772" />
  <node id="27987" visible="true" version="1" lat="48.99999789745" lon="8.40025656494" />
  <node id="27988" visible="true" version="1" lat="48.99999816335" lon="8.40025698693" />
  <node id="27989" visible="true" version="1" lat="48.99999844738" lon="8.40025738316" />
  <node id="27990" visible="true" version="1" lat="48.99999874992" lon="8.40025775314" />
  <node id="27991" visible="true" version="1" lat="48.9999990713" lon="8.40025809635" />
  <node id="27992" visible="true" version="1" lat="48.9999994119" lon="8.4002584123" />
  <node id="27993" visible="true" version="1" lat="48.99999977207" lon="8.40025870046" />
  <node id="27994" visible="true" version="1" lat="49.00000015217" lon="8.40025896033" />
  <node id="27995" visible="true" version="1" lat="49.00000055255" lon="8.4002591914" />
  <node id="27996" visible="true" version="1" lat="49.00000097358" lon="8.40025939316" />
  <node id="27997" visible="true" version="1" lat="49.00000141562" lon="8.40025956509" />
  <node id="27998" visible="true" version="1" lat="49.00000187902" lon="8.40025970671" />
  <node id="27999" visible="true" version="1" lat="49.00000236415" lon="8.40025981748" />
  <node id="28001" visible="true" version="1" lat="48.99998427836" lon="8.40024689874" />
  <node id="28002" visible="true" version="1" lat="48.99998428764" lon="8.40024915732" />
  <node id="28003" visible="true" version="1" lat="48.99998433659" lon="8.40025135792" />
  <node id="28004" visible="true" version="1" lat="48.99998442631" lon="8.40025349887" />
  <node id="28005" visible="true" version="1" lat="48.99998455794" lon="8.40025557852" />
  <node id="28006" visible="true" version="1" lat="48.99998473259" lon="8.40025759525" />
  <node id="28007" visible="true" version="1" lat="48.99998495138" lon="8.40025954744" />
  <node id="28008" visible="true" version="1" lat="48.99998521543" lon="8.40026143342" />
  <node id="28009" visible="true" version="1" lat="48.99998552586" lon="8.40026325158" />
  <node id="28010" visible="true" version="1" lat="48.99998588379" lon="8.40026500026" />
  <node id="28011" visible="true" version="1" lat="48.99998629033" lon="8.40026667782" />
  <node id="28012" visible="true" version="1" lat="48.99998674662" lon="8.40026828265" />
  <node id="28013" visible="true" version="1" lat="48.99998725376" lon="8.40026981309" />
  <node id="28014" visible="true" version="1" lat="48.99998781288" lon="8.40027126751" />
  <node id="28015" visible="true" version="1" lat="48.9999884251" lon="8.40027264428" />
  <node id="28016" visible="true" version="1" lat="48.99998909153" lon="8.40027394175" />
  <node id="28017" visible="true" version="1" lat="48.9999898133" lon="8.40027515829" />
  <node id="28018" visible="true" version="1" lat="48.99999059153" lon="8.40027629225" />
  <node id="28019" visible="true" version="1" lat="48.99999142732" lon="8.40027734201" />
  <node id="28020" visible="true" version="1" lat="48.99999232183" lon="8.40027830592" />
  <node id="28021" visible="true" version="1" lat="48.99999327613" lon="8.40027918236" />
  <node id="28022" visible="true" version="1" lat="48.99999429137" lon="8.40027996967" />
  <node id="28023" visible="true" version="1" lat="48.99999536867" lon="8.40028066623" />
  <node id="28024" visible="true" version="1" lat="48.99999650915" lon="8.40028127039" />
  <node id="28025" visible="true" version="1" lat="48.99999771391" lon="8.40028178051" />
  <node id="28026" visible="true" version="1" lat="48.99999898409" lon="8.40028219496" />
  <node id="28027" visible="true" version="1" lat="49.00000032079" lon="8.40028251211" />
  <node id="28028" visible="true" version="1" lat="49.00000172515" lon="8.40028273031" />
  <node id="28031" visible="true" version="1" lat="48.99999006225" lon="8.4002456555" />
  <node id="28032" visible="true" version="1" lat="48.99999005987" lon="8.40024719533" />
  <node id="28033" visible="true" version="1" lat="48.99999008296" lon="8.40024869816" />
  <node id="28034" visible="true" version="1" lat="48.99999013226" lon="8.40025016294" />
  <node id="28035" visible="true" version="1" lat="48.99999020851" lon="8.40025158859" />
  <node id="28036" visible="true" version="1" lat="48.99999031244" lon="8.40025297402" />
  <node id="28037" visible="true" version="1" lat="48.9999904448" lon="8.40025431819" />
  <node id="28038" visible="true" version="1" lat="48.99999060633" lon="8.40025562" />
  <node id="28039" visible="true" version="1" lat="48.99999079776" lon="8.40025687838" />
  <node id="28040" visible="true" version="1" lat="48.99999101984" lon="8.40025809227" />
  <node id="28041" visible="true" version="1" lat="48.9999912733" lon="8.40025926058" />
  <node id="28042" visible="true" version="1" lat="48.99999155888" lon="8.40026038225" />
  <node id="28043" visible="true" version="1" lat="48.99999187732" lon="8.4002614562" />
  <node id="28044" visible="true" version="1" lat="48.99999222936" lon="8.40026248135" />
  <node id="28045" visible="true" version="1" lat="48.99999261575" lon="8.40026345665" />
  <node id="28046" visible="true" version="1" lat="48.99999303721" lon="8.400264381" />
  <node id="28047" visible="true" version="1" lat="48.99999349449" lon="8.40026525334" />
  <node id="28048" visible="true" version="1" lat="48.99999398832" lon="8.40026607261" />
  <node id="28049" visible="true" version="1" lat="48.99999451946" lon="8.40026683771" />
  <node id="28050" visible="true" version="1" lat="48.99999508862" lon="8.40026754758" />
  <node id="28051" visible="true" version="1" lat="48.99999569656" lon="8.40026820114" />
  <node id="28052" visible="true" version="1" lat="48.99999634402" lon="8.40026879733" />
  <node id="28053" visible="true" version="1" lat="48.99999703172" lon="8.40026933506" />
  <node id="28054" visible="true" version="1" lat="48.99999776042" lon="8.40026981328" />
  <node id="28055" visible="true" version="1" lat="48.99999853085" lon="8.40027023089" />
  <node id="28056" visible="true" version="1" lat="48.99999934374" lon="8.40027058683" />
  <node id="28057" visible="true" version="1" lat="49.00000019985" lon="8.40027088003" />
  <node id="28058" visible="true" version="1" lat="49.0000010999" lon="8.40027110941" />
  <node id="28059" visible="true" version="1" lat="49.00000204465" lon="8.40027127389" />
  <node id="28060" visible="true" version="1" lat="49.00000303482" lon="8.40027137242" />
  <node id="28062" visible="true" version="1" lat="48.99976342735" lon="8.39957399899" />
  <node id="28063" visible="true" version="1" lat="48.99976335094" lon="8.39957451984" />
  <node id="28064" visible="true" version="1" lat="48.99976328951" lon="8.39957502369" />
  <node id="28065" visible="true" version="1" lat="48.99976324324" lon="8.39957551043" />
  <node id="28066" visible="true" version="1" lat="48.99976321228" lon="8.39957597984" />
  <node id="28067" visible="true" version="1" lat="48.99976319677" lon="8.3995764317" />
  <node id="28068" visible="true" version="1" lat="48.99976319691" lon="8.39957686592" />
  <node id="28069" visible="true" version="1" lat="48.99976321282" lon="8.39957728222" />
  <node id="28070" visible="true" version="1" lat="48.9997632447" lon="8.3995776805" />
  <node id="28071" visible="true" version="1" lat="48.99976329269" lon="8.39957806055" />
  <node id="28072" visible="true" version="1" lat="48.99976335694" lon="8.39957842214" />
  <node id="28073" visible="true" version="1" lat="48.99976343764" lon="8.39957876517" />
  <node id="28074" visible="true" version="1" lat="48.99976353492" lon="8.39957908938" />
  <node id="28075" visible="true" version="1" lat="48.99976364896" lon="8.39957939467" />
  <node id="28076" visible="true" version="1" lat="48.99976377991" lon="8.39957968077" />
  <node id="28077" visible="true" version="1" lat="48.99976392795" lon="8.39957994759" />
  <node id="28078" visible="true" version="1" lat="48.99976409322" lon="8.3995801949" />
  <node id="28079" visible="true" version="1" lat="48.99976427587" lon="8.39958042248" />
  <node id="28080" visible="true" version="1" lat="48.9997644761" lon="8.39958063022" />
  <node id="28081" visible="true" version="1" lat="48.99976469402" lon="8.39958081788" />
  <node id="28082" visible="true" version="1" lat="48.99976492985" lon="8.39958098534" />
  <node id="28083" visible="true" version="1" lat="48.99976518371" lon="8.39958113238" />
  <node id="28084" visible="true" version="1" lat="48.99976545575" lon="8.39958125878" />
  <node id="28085" visible="true" version="1" lat="48.99976574617" lon="8.39958136445" />
  <node id="28086" visible="true" version="1" lat="48.99976605509" lon="8.39958144911" />
  <node id="28087" visible="true" version="1" lat="48.99976638271" lon="8.39958151267" />
  <node id="28088" visible="true" version="1" lat="48.99976672917" lon="8.39958155491" />
  <node id="28089" visible="true" version="1" lat="48.99976709462" lon="8.39958157559" />
  <node id="28091" visible="true" version="1" lat="48.99973850882" lon="8.39957748314" />
  <node id="28092" visible="true" version="1" lat="48.99973768203" lon="8.39958069751" />
  <node id="28093" visible="true" version="1" lat="48.99973696239" lon="8.3995837991" />
  <node id="28094" visible="true" version="1" lat="48.99973635157" lon="8.39958678629" />
  <node id="28095" visible="true" version="1" lat="48.99973585115" lon="8.39958965734" />
  <node id="28096" visible="true" version="1" lat="48.99973546274" lon="8.39959241049" />
  <node id="28097" visible="true" version="1" lat="48.999735188" lon="8.39959504413" />
  <node id="28098" visible="true" version="1" lat="48.99973502852" lon="8.39959755647" />
  <node id="28099" visible="true" version="1" lat="48.99973498594" lon="8.39959994589" />
  <node id="28100" visible="true" version="1" lat="48.99973506187" lon="8.39960221064" />
  <node id="28101" visible="true" version="1" lat="48.99973525792" lon="8.39960434897" />
  <node id="28102" visible="true" version="1" lat="48.99973557573" lon="8.39960635928" />
  <node id="28103" visible="true" version="1" lat="48.99973601692" lon="8.3996082398" />
  <node id="28104" visible="true" version="1" lat="48.99973658308" lon="8.39960998879" />
  <node id="28105" visible="true" version="1" lat="48.99973727586" lon="8.39961160465" />
  <node id="28106" visible="true" version="1" lat="48.99973809688" lon="8.3996130856" />
  <node id="28107" visible="true" version="1" lat="48.99973904774" lon="8.39961442992" />
  <node id="28108" visible="true" version="1" lat="48.99974013008" lon="8.39961563597" />
  <node id="28109" visible="true" version="1" lat="48.99974134549" lon="8.39961670198" />
  <node id="28110" visible="true" version="1" lat="48.99974269564" lon="8.39961762633" />
  <node id="28111" visible="true" version="1" lat="48.99974418212" lon="8.39961840725" />
  <node id="28112" visible="true" version="1" lat="48.99974580653" lon="8.39961904302" />
  <node id="28113" visible="true" version="1" lat="48.99974757053" lon="8.399619532" />
  <node id="28114" visible="true" version="1" lat="48.99974947572" lon="8.39961987246" />
  <node id="28115" visible="true" version="1" lat="48.99975152371" lon="8.39962006265" />
  <node id="28116" visible="true" version="1" lat="48.99975371615" lon="8.39962010094" />
  <node id="28117" visible="true" version="1" lat="48.99975605464" lon="8.39961998558" />
  <node id="28118" visible="true" version="1" lat="48.99975854079" lon="8.39961971485" />
  <node id="28121" visible="true" version="1" lat="48.99975147989" lon="8.39957380956" />
  <node id="28122" visible="true" version="1" lat="48.99975096809" lon="8.39957574106" />
  <node id="28123" visible="true" version="1" lat="48.99975051649" lon="8.39957760868" />
  <node id="28124" visible="true" version="1" lat="48.99975012595" lon="8.3995794114" />
  <node id="28125" visible="true" version="1" lat="48.9997497974" lon="8.39958114836" />
  <node id="28126" visible="true" version="1" lat="48.99974953171" lon="8.39958281859" />
  <node id="28127" visible="true" version="1" lat="48.99974932975" lon="8.3995844211" />
  <node id="28128" visible="true" version="1" lat="48.99974919246" lon="8.39958595502" />
  <node id="28129" visible="true" version="1" lat="48.99974912067" lon="8.39958741934" />
  <node id="28130" visible="true" version="1" lat="48.99974911532" lon="8.3995888132" />
  <node id="28131" visible="true" version="1" lat="48.99974917728" lon="8.3995901356" />
  <node id="28132" visible="true" version="1" lat="48.99974930743" lon="8.39959138556" />
  <node id="28133" visible="true" version="1" lat="48.99974950669" lon="8.39959256223" />
  <node id="28134" visible="true" version="1" lat="48.99974977592" lon="8.39959366459" />
  <node id="28135" visible="true" version="1" lat="48.99975011602" lon="8.39959469174" />
  <node id="28136" visible="true" version="1" lat="48.99975052789" lon="8.39959564271" />
  <node id="28137" visible="true" version="1" lat="48.99975101242" lon="8.3995965166" />
  <node id="28138" visible="true" version="1" lat="48.99975157048" lon="8.39959731241" />
  <node id="28139" visible="true" version="1" lat="48.99975220298" lon="8.39959802923" />
  <node id="28140" visible="true" version="1" lat="48.9997529108" lon="8.39959866611" />
  <node id="28141" visible="true" version="1" lat="48.99975369483" lon="8.39959922211" />
  <node id="28142" visible="true" version="1" lat="48.99975455598" lon="8.3995996963" />
  <node id="28143" visible="true" version="1" lat="48.99975549512" lon="8.3996000877" />
  <node id="28144" visible="true" version="1" lat="48.99975651314" lon="8.3996003954" />
  <node id="28145" visible="true" version="1" lat="48.99975761095" lon="8.39960061846" />
  <node id="28146" visible="true" version="1" lat="48.9997587894" lon="8.39960075588" />
  <node id="28147" visible="true" version="1" lat="48.99976004943" lon="8.39960080681" />
  <node id="28148" visible="true" version="1" lat="48.99976139191" lon="8.39960077025" />
  <node id="28149" visible="true" version="1" lat="48.9997628177" lon="8.39960064522" />
  <node id="28150" visible="true" version="1" lat="48.99976432774" lon="8.39960043086" />
  <node id="28152" visible="true" version="1" lat="48.99995019586" lon="8.39951512531" />
  <node id="28153" visible="true" version="1" lat="48.99995054342" lon="8.39951492528" />
  <node id="28154" visible="true" version="1" lat="48.99995087373" lon="8.39951471022" />
  <node id="28155" visible="true" version="1" lat="48.99995118708" lon="8.39951448037" />
  <node id="28156" visible="true" version="1" lat="48.99995148383" lon="8.39951423605" />
  <node id="28157" visible="true" version="1" lat="48.99995176428" lon="8.39951397754" />
  <node id="28158" visible="true" version="1" lat="48.99995202874" lon="8.39951370507" />
  <node id="28159" visible="true" version="1" lat="48.99995227759" lon="8.39951341898" />
  <node id="28160" visible="true" version="1" lat="48.99995251108" lon="8.39951311952" />
  <node id="28161" visible="true" version="1" lat="48.99995272958" lon="8.39951280697" />
  <node id="28162" visible="true" version="1" lat="48.9999529334" lon="8.39951248164" />
  <node id="28163" visible="true" version="1" lat="48.99995312286" lon="8.39951214378" />
  <node id="28164" visible="true" version="1" lat="48.99995329827" lon="8.39951179371" />
  <node id="28165" visible="true" version="1" lat="48.99995345999" lon="8.39951143167" />
  <node id="28166" visible="true" version="1" lat="48.99995360831" lon="8.39951105795" />
  <node id="28167" visible="true" version="1" lat="48.99995374357" lon="8.39951067284" />
  <node id="28168" visible="true" version="1" lat="48.9999538661" lon="8.39951027663" />
  <node id="28169" visible="true" version="1" lat="48.99995397618" lon="8.39950986958" />
  <node id="28170" visible="true" version="1" lat="48.99995407419" lon="8.39950945199" />
  <node id="28171" visible="true" version="1" lat="48.99995416041" lon="8.39950902417" />
  <node id="28172" visible="true" version="1" lat="48.99995423518" lon="8.39950858633" />
  <node id="28173" visible="true" version="1" lat="48.99995429882" lon="8.39950813879" />
  <node id="28174" visible="true" version="1" lat="48.99995435167" lon="8.39950768183" />
  <node id="28175" visible="true" version="1" lat="48.99995439402" lon="8.39950721574" />
  <node id="28176" visible="true" version="1" lat="48.99995442623" lon="8.39950674079" />
  <node id="28177" visible="true" version="1" lat="48.99995444858" lon="8.39950625726" />
  <node id="28178" visible="true" version="1" lat="48.99995446144" lon="8.39950576544" />
  <node id="28179" visible="true" version="1" lat="48.99995446509" lon="8.39950526563" />
  <node id="28181" visible="true" version="1" lat="48.99995484216" lon="8.39954633901" />
  <node id="28182" visible="true" version="1" lat="48.99995630201" lon="8.39954551955" />
  <node id="28183" visible="true" version="1" lat="48.99995766398" lon="8.39954461416" />
  <node id="28184" visible="true" version="1" lat="48.99995893088" lon="8.39954362522" />
  <node id="28185" visible="true" version="1" lat="48.99996010545" lon="8.39954255518" />
  <node id="28186" visible="true" version="1" lat="48.99996119047" lon="8.39954140651" />
  <node id="28187" visible="true" version="1" lat="48.9999621887" lon="8.39954018157" />
  <node id="28188" visible="true" version="1" lat="48.99996310294" lon="8.39953888286" />
  <node id="28189" visible="true" version="1" lat="48.99996393592" lon="8.39953751279" />
  <node id="28190" visible="true" version="1" lat="48.99996469044" lon="8.39953607378" />
  <node id="28191" visible="true" version="1" lat="48.99996536927" lon="8.39953456827" />
  <node id="28192" visible="true" version="1" lat="48.99996597514" lon="8.39953299872" />
  <node id="28193" visible="true" version="1" lat="48.99996651087" lon="8.39953136752" />
  <node id="28194" visible="true" version="1" lat="48.9999669792" lon="8.39952967711" />
  <node id="28195" visible="true" version="1" lat="48.9999673829" lon="8.39952792993" />
  <node id="28196" visible="true" version="1" lat="48.99996772475" lon="8.39952612846" />
  <node id="28197" visible="true" version="1" lat="48.99996800751" lon="8.39952427505" />
  <node id="28198" visible="true" version="1" lat="48.99996823397" lon="8.39952237219" />
  <node id="28199" visible="true" version="1" lat="48.99996840686" lon="8.3995204223" />
  <node id="28200" visible="true" version="1" lat="48.99996852899" lon="8.39951842778" />
  <node id="28201" visible="true" version="1" lat="48.99996860311" lon="8.39951639111" />
  <node id="28202" visible="true" version="1" lat="48.99996863199" lon="8.39951431471" />
  <node id="28203" visible="true" version="1" lat="48.99996861841" lon="8.399512201" />
  <node id="28204" visible="true" version="1" lat="48.99996856513" lon="8.39951005241" />
  <node id="28205" visible="true" version="1" lat="48.99996847491" lon="8.3995078714" />
  <node id="28206" visible="true" version="1" lat="48.99996835053" lon="8.39950566036" />
  <node id="28207" visible="true" version="1" lat="48.99996819478" lon="8.39950342176" />
  <node id="28208" visible="true" version="1" lat="48.99996801038" lon="8.39950115802" />
  <node id="28211" visible="true" version="1" lat="48.9999515562" lon="8.39953119003" />
  <node id="28212" visible="true" version="1" lat="48.99995251901" lon="8.39953073216" />
  <node id="28213" visible="true" version="1" lat="48.99995342271" lon="8.39953022242" />
  <node id="28214" visible="true" version="1" lat="48.99995426885" lon="8.39952966219" />
  <node id="28215" visible="true" version="1" lat="48.99995505898" lon="8.39952905279" />
  <node id="28216" visible="true" version="1" lat="48.99995579464" lon="8.39952839561" />
  <node id="28217" visible="true" version="1" lat="48.99995647737" lon="8.39952769202" />
  <node id="28218" visible="true" version="1" lat="48.99995710872" lon="8.39952694332" />
  <node id="28219" visible="true" version="1" lat="48.99995769026" lon="8.39952615092" />
  <node id="28220" visible="true" version="1" lat="48.9999582235" lon="8.39952531615" />
  <node id="28221" visible="true" version="1" lat="48.99995871001" lon="8.39952444037" />
  <node id="28222" visible="true" version="1" lat="48.99995915133" lon="8.39952352495" />
  <node id="28223" visible="true" version="1" lat="48.999959549" lon="8.39952257125" />
  <node id="28224" visible="true" version="1" lat="48.99995990457" lon="8.39952158061" />
  <node id="28225" visible="true" version="1" lat="48.99996021959" lon="8.39952055439" />
  <node id="28226" visible="true" version="1" lat="48.9999604956" lon="8.39951949394" />
  <node id="28227" visible="true" version="1" lat="48.99996073416" lon="8.39951840064" />
  <node id="28228" visible="true" version="1" lat="48.9999609368" lon="8.39951727584" />
  <node id="28229" visible="true" version="1" lat="48.99996110508" lon="8.39951612088" />
  <node id="28230" visible="true" version="1" lat="48.99996124052" lon="8.39951493714" />
  <node id="28231" visible="true" version="1" lat="48.9999613447" lon="8.39951372597" />
  <node id="28232" visible="true" version="1" lat="48.99996141915" lon="8.39951248872" />
  <node id="28233" visible="true" version="1" lat="48.9999614654" lon="8.39951122675" />
  <node id="28234" visible="true" version="1" lat="48.99996148504" lon="8.39950994142" />
  <node id="28235" visible="true" version="1" lat="48.99996147958" lon="8.39950863407" />
  <node id="28236" visible="true" version="1" lat="48.99996145057" lon="8.39950730609" />
  <node id="28237" visible="true" version="1" lat="48.99996139956" lon="8.39950595881" />
  <node id="28238" visible="true" version="1" lat="48.99996132811" lon="8.3995045936" />
  <node id="28239" visible="true" version="1" lat="48.99996123774" lon="8.39950321183" />
  <node id="28240" visible="true" version="1" lat="48.99996113003" lon="8.39950181482" />
  <node id="28242" visible="true" version="1" lat="48.99996801039" lon="8.39950115802" />
  <node id="28243" visible="true" version="1" lat="48.99996819478" lon="8.39950342177" />
  <node id="28244" visible="true" version="1" lat="48.99996835054" lon="8.39950566035" />
  <node id="28245" visible="true" version="1" lat="48.99996847492" lon="8.39950787139" />
  <node id="28246" visible="true" version="1" lat="48.99996856513" lon="8.39951005242" />
  <node id="28247" visible="true" version="1" lat="48.99996861842" lon="8.39951220099" />
  <node id="28248" visible="true" version="1" lat="48.99996863199" lon="8.3995143147" />
  <node id="28249" visible="true" version="1" lat="48.99996860311" lon="8.39951639112" />
  <node id="28250" visible="true" version="1" lat="48.99996852899" lon="8.3995184278" />
  <node id="28251" visible="true" version="1" lat="48.99996840687" lon="8.39952042229" />
  <node id="28252" visible="true" version="1" lat="48.99996823396" lon="8.39952237219" />
  <node id="28253" visible="true" version="1" lat="48.99996800751" lon="8.39952427506" />
  <node id="28254" visible="true" version="1" lat="48.99996772475" lon="8.39952612845" />
  <node id="28255" visible="true" version="1" lat="48.9999673829" lon="8.39952792995" />
  <node id="28256" visible="true" version="1" lat="48.9999669792" lon="8.39952967713" />
  <node id="28257" visible="true" version="1" lat="48.99996651088" lon="8.39953136751" />
  <node id="28258" visible="true" version="1" lat="48.99996597515" lon="8.39953299871" />
  <node id="28259" visible="true" version="1" lat="48.99996536926" lon="8.39953456829" />
  <node id="28260" visible="true" version="1" lat="48.99996469045" lon="8.39953607377" />
  <node id="28261" visible="true" version="1" lat="48.99996393593" lon="8.39953751278" />
  <node id="28262" visible="true" version="1" lat="48.99996310294" lon="8.39953888287" />
  <node id="28263" visible="true" version="1" lat="48.99996218871" lon="8.39954018156" />
  <node id="28264" visible="true" version="1" lat="48.99996119046" lon="8.39954140649" />
  <node id="28265" visible="true" version="1" lat="48.99996010545" lon="8.3995425552" />
  <node id="28266" visible="true" version="1" lat="48.99995893087" lon="8.3995436252" />
  <node id="28267" visible="true" version="1" lat="48.99995766399" lon="8.39954461415" />
  <node id="28268" visible="true" version="1" lat="48.99995630201" lon="8.39954551957" />
  <node id="28269" visible="true" version="1" lat="48.99995484217" lon="8.399546339" />
  <node id="28271" visible="true" version="1" lat="48.9999544651" lon="8.39950526563" />
  <node id="28272" visible="true" version="1" lat="48.99995446144" lon="8.39950576546" />
  <node id="28273" visible="true" version="1" lat="48.99995444858" lon="8.39950625727" />
  <node id="28274" visible="true" version="1" lat="48.99995442623" lon="8.39950674081" />
  <node id="28275" visible="true" version="1" lat="48.99995439403" lon="8.39950721573" />
  <node id="28276" visible="true" version="1" lat="48.99995435167" lon="8.39950768183" />
  <node id="28277" visible="true" version="1" lat="48.99995429883" lon="8.39950813878" />
  <node id="28278" visible="true" version="1" lat="48.99995423519" lon="8.39950858632" />
  <node id="28279" visible="true" version="1" lat="48.9999541604" lon="8.39950902415" />
  <node id="28280" visible="true" version="1" lat="48.99995407418" lon="8.39950945201" />
  <node id="28281" visible="true" version="1" lat="48.99995397618" lon="8.3995098696" />
  <node id="28282" visible="true" version="1" lat="48.99995386608" lon="8.39951027664" />
  <node id="28283" visible="true" version="1" lat="48.99995374357" lon="8.39951067283" />
  <node id="28284" visible="true" version="1" lat="48.99995360832" lon="8.39951105794" />
  <node id="28285" visible="true" version="1" lat="48.99995345999" lon="8.39951143166" />
  <node id="28286" visible="true" version="1" lat="48.99995329828" lon="8.3995117937" />
  <node id="28287" visible="true" version="1" lat="48.99995312285" lon="8.39951214379" />
  <node id="28288" visible="true" version="1" lat="48.9999529334" lon="8.39951248165" />
  <node id="28289" visible="true" version="1" lat="48.99995272958" lon="8.39951280699" />
  <node id="28290" visible="true" version="1" lat="48.99995251109" lon="8.39951311951" />
  <node id="28291" visible="true" version="1" lat="48.99995227758" lon="8.39951341896" />
  <node id="28292" visible="true" version="1" lat="48.99995202875" lon="8.39951370507" />
  <node id="28293" visible="true" version="1" lat="48.99995176428" lon="8.39951397753" />
  <node id="28294" visible="true" version="1" lat="48.99995148383" lon="8.39951423606" />
  <node id="28295" visible="true" version="1" lat="48.99995118708" lon="8.39951448039" />
  <node id="28296" visible="true" version="1" lat="48.99995087372" lon="8.39951471023" />
  <node id="28297" visible="true" version="1" lat="48.99995054342" lon="8.39951492528" />
  <node id="28298" visible="true" version="1" lat="48.99995019586" lon="8.39951512531" />
  <node id="28301" visible="true" version="1" lat="48.99996113003" lon="8.39950181482" />
  <node id="28302" visible="true" version="1" lat="48.99996123775" lon="8.39950321182" />
  <node id="28303" visible="true" version="1" lat="48.99996132811" lon="8.39950459362" />
  <node id="28304" visible="true" version="1" lat="48.99996139956" lon="8.39950595881" />
  <node id="28305" visible="true" version="1" lat="48.99996145057" lon="8.3995073061" />
  <node id="28306" visible="true" version="1" lat="48.99996147958" lon="8.39950863408" />
  <node id="28307" visible="true" version="1" lat="48.99996148505" lon="8.39950994141" />
  <node id="28308" visible="true" version="1" lat="48.99996146541" lon="8.39951122674" />
  <node id="28309" visible="true" version="1" lat="48.99996141915" lon="8.39951248872" />
  <node id="28310" visible="true" version="1" lat="48.99996134469" lon="8.39951372597" />
  <node id="28311" visible="true" version="1" lat="48.99996124053" lon="8.39951493715" />
  <node id="28312" visible="true" version="1" lat="48.99996110507" lon="8.39951612089" />
  <node id="28313" visible="true" version="1" lat="48.99996093679" lon="8.39951727585" />
  <node id="28314" visible="true" version="1" lat="48.99996073416" lon="8.39951840064" />
  <node id="28315" visible="true" version="1" lat="48.99996049561" lon="8.39951949394" />
  <node id="28316" visible="true" version="1" lat="48.9999602196" lon="8.39952055439" />
  <node id="28317" visible="true" version="1" lat="48.99995990458" lon="8.3995215806" />
  <node id="28318" visible="true" version="1" lat="48.999959549" lon="8.39952257125" />
  <node id="28319" visible="true" version="1" lat="48.99995915133" lon="8.39952352497" />
  <node id="28320" visible="true" version="1" lat="48.99995871001" lon="8.39952444038" />
  <node id="28321" visible="true" version="1" lat="48.99995822351" lon="8.39952531615" />
  <node id="28322" visible="true" version="1" lat="48.99995769026" lon="8.39952615092" />
  <node id="28323" visible="true" version="1" lat="48.99995710873" lon="8.39952694331" />
  <node id="28324" visible="true" version="1" lat="48.99995647737" lon="8.39952769201" />
  <node id="28325" visible="true" version="1" lat="48.99995579464" lon="8.39952839563" />
  <node id="28326" visible="true" version="1" lat="48.99995505898" lon="8.39952905279" />
  <node id="28327" visible="true" version="1" lat="48.99995426886" lon="8.39952966219" />
  <node id="28328" visible="true" version="1" lat="48.99995342272" lon="8.39953022242" />
  <node id="28329" visible="true" version="1" lat="48.99995251902" lon="8.39953073215" />
  <node id="28330" visible="true" version="1" lat="48.9999515562" lon="8.39953119003" />
  <node id="28332" visible="true" version="1" lat="48.99975854079" lon="8.39961971485" />
  <node id="28333" visible="true" version="1" lat="48.99975605462" lon="8.39961998554" />
  <node id="28334" visible="true" version="1" lat="48.99975371615" lon="8.39962010094" />
  <node id="28335" visible="true" version="1" lat="48.99975152371" lon="8.39962006265" />
  <node id="28336" visible="true" version="1" lat="48.99974947572" lon="8.39961987246" />
  <node id="28337" visible="true" version="1" lat="48.99974757053" lon="8.399619532" />
  <node id="28338" visible="true" version="1" lat="48.99974580653" lon="8.39961904302" />
  <node id="28339" visible="true" version="1" lat="48.99974418212" lon="8.39961840725" />
  <node id="28340" visible="true" version="1" lat="48.99974269564" lon="8.39961762633" />
  <node id="28341" visible="true" version="1" lat="48.9997413455" lon="8.39961670198" />
  <node id="28342" visible="true" version="1" lat="48.99974013008" lon="8.39961563598" />
  <node id="28343" visible="true" version="1" lat="48.99973904774" lon="8.39961442992" />
  <node id="28344" visible="true" version="1" lat="48.99973809689" lon="8.3996130856" />
  <node id="28345" visible="true" version="1" lat="48.99973727587" lon="8.39961160465" />
  <node id="28346" visible="true" version="1" lat="48.99973658308" lon="8.3996099888" />
  <node id="28347" visible="true" version="1" lat="48.99973601692" lon="8.3996082398" />
  <node id="28348" visible="true" version="1" lat="48.99973557574" lon="8.39960635928" />
  <node id="28349" visible="true" version="1" lat="48.99973525792" lon="8.39960434898" />
  <node id="28350" visible="true" version="1" lat="48.99973506187" lon="8.39960221064" />
  <node id="28351" visible="true" version="1" lat="48.99973498594" lon="8.39959994589" />
  <node id="28352" visible="true" version="1" lat="48.99973502852" lon="8.39959755647" />
  <node id="28353" visible="true" version="1" lat="48.999735188" lon="8.39959504413" />
  <node id="28354" visible="true" version="1" lat="48.99973546274" lon="8.39959241049" />
  <node id="28355" visible="true" version="1" lat="48.99973585115" lon="8.39958965734" />
  <node id="28356" visible="true" version="1" lat="48.99973635157" lon="8.39958678629" />
  <node id="28357" visible="true" version="1" lat="48.9997369624" lon="8.3995837991" />
  <node id="28358" visible="true" version="1" lat="48.99973768203" lon="8.39958069751" />
  <node id="28359" visible="true" version="1" lat="48.99973850882" lon="8.39957748314" />
  <node id="28361" visible="true" version="1" lat="48.99976709462" lon="8.39958157559" />
  <node id="28362" visible="true" version="1" lat="48.99976672917" lon="8.39958155491" />
  <node id="28363" visible="true" version="1" lat="48.99976638271" lon="8.39958151267" />
  <node id="28364" visible="true" version="1" lat="48.99976605509" lon="8.39958144911" />
  <node id="28365" visible="true" version="1" lat="48.99976574617" lon="8.39958136445" />
  <node id="28366" visible="true" version="1" lat="48.99976545575" lon="8.39958125878" />
  <node id="28367" visible="true" version="1" lat="48.99976518371" lon="8.39958113238" />
  <node id="28368" visible="true" version="1" lat="48.99976492985" lon="8.39958098534" />
  <node id="28369" visible="true" version="1" lat="48.99976469402" lon="8.39958081788" />
  <node id="28370" visible="true" version="1" lat="48.9997644761" lon="8.39958063022" />
  <node id="28371" visible="true" version="1" lat="48.99976427587" lon="8.39958042248" />
  <node id="28372" visible="true" version="1" lat="48.99976409322" lon="8.3995801949" />
  <node id="28373" visible="true" version="1" lat="48.99976392795" lon="8.39957994759" />
  <node id="28374" visible="true" version="1" lat="48.99976377991" lon="8.39957968077" />
  <node id="28375" visible="true" version="1" lat="48.99976364896" lon="8.39957939467" />
  <node id="28376" visible="true" version="1" lat="48.99976353492" lon="8.39957908938" />
  <node id="28377" visible="true" version="1" lat="48.99976343764" lon="8.39957876517" />
  <node id="28378" visible="true" version="1" lat="48.99976335694" lon="8.39957842214" />
  <node id="28379" visible="true" version="1" lat="48.99976329269" lon="8.39957806055" />
  <node id="28380" visible="true" version="1" lat="48.9997632447" lon="8.3995776805" />
  <node id="28381" visible="true" version="1" lat="48.99976321282" lon="8.39957728221" />
  <node id="28382" visible="true" version="1" lat="48.99976319691" lon="8.39957686592" />
  <node id="28383" visible="true" version="1" lat="48.99976319677" lon="8.3995764317" />
  <node id="28384" visible="true" version="1" lat="48.99976321228" lon="8.39957597984" />
  <node id="28385" visible="true" version="1" lat="48.99976324324" lon="8.39957551043" />
  <node id="28386" visible="true" version="1" lat="48.99976328951" lon="8.39957502369" />
  <node id="28387" visible="true" version="1" lat="48.99976335094" lon="8.39957451985" />
  <node id="28388" visible="true" version="1" lat="48.99976342735" lon="8.39957399899" />
  <node id="28391" visible="true" version="1" lat="48.99976432774" lon="8.39960043086" />
  <node id="28392" visible="true" version="1" lat="48.9997628177" lon="8.39960064522" />
  <node id="28393" visible="true" version="1" lat="48.9997613919" lon="8.39960077023" />
  <node id="28394" visible="true" version="1" lat="48.99976004943" lon="8.39960080681" />
  <node id="28395" visible="true" version="1" lat="48.9997587894" lon="8.39960075588" />
  <node id="28396" visible="true" version="1" lat="48.99975761095" lon="8.39960061846" />
  <node id="28397" visible="true" version="1" lat="48.99975651314" lon="8.3996003954" />
  <node id="28398" visible="true" version="1" lat="48.99975549512" lon="8.3996000877" />
  <node id="28399" visible="true" version="1" lat="48.99975455598" lon="8.3995996963" />
  <node id="28400" visible="true" version="1" lat="48.99975369483" lon="8.39959922211" />
  <node id="28401" visible="true" version="1" lat="48.9997529108" lon="8.39959866611" />
  <node id="28402" visible="true" version="1" lat="48.99975220298" lon="8.39959802923" />
  <node id="28403" visible="true" version="1" lat="48.99975157048" lon="8.39959731241" />
  <node id="28404" visible="true" version="1" lat="48.99975101242" lon="8.3995965166" />
  <node id="28405" visible="true" version="1" lat="48.99975052789" lon="8.39959564271" />
  <node id="28406" visible="true" version="1" lat="48.99975011602" lon="8.39959469174" />
  <node id="28407" visible="true" version="1" lat="48.99974977592" lon="8.3995936646" />
  <node id="28408" visible="true" version="1" lat="48.99974950669" lon="8.39959256223" />
  <node id="28409" visible="true" version="1" lat="48.99974930743" lon="8.39959138556" />
  <node id="28410" visible="true" version="1" lat="48.99974917728" lon="8.3995901356" />
  <node id="28411" visible="true" version="1" lat="48.99974911532" lon="8.3995888132" />
  <node id="28412" visible="true" version="1" lat="48.99974912067" lon="8.39958741935" />
  <node id="28413" visible="true" version="1" lat="48.99974919246" lon="8.39958595503" />
  <node id="28414" visible="true" version="1" lat="48.99974932975" lon="8.3995844211" />
  <node id="28415" visible="true" version="1" lat="48.99974953171" lon="8.39958281859" />
  <node id="28416" visible="true" version="1" lat="48.9997497974" lon="8.39958114836" />
  <node id="28417" visible="true" version="1" lat="48.99975012595" lon="8.3995794114" />
  <node id="28418" visible="true" version="1" lat="48.99975051649" lon="8.39957760868" />
  <node id="28419" visible="true" version="1" lat="48.99975096809" lon="8.39957574107" />
  <node id="28420" visible="true" version="1" lat="48.99975147989" lon="8.39957380956" />
  <node id="28422" visible="true" version="1" lat="49.00000172515" lon="8.40028273031" />
  <node id="28423" visible="true" version="1" lat="49.00000032079" lon="8.40028251212" />
  <node id="28424" visible="true" version="1" lat="48.99999898408" lon="8.40028219496" />
  <node id="28425" visible="true" version="1" lat="48.9999977139" lon="8.40028178051" />
  <node id="28426" visible="true" version="1" lat="48.99999650914" lon="8.40028127039" />
  <node id="28427" visible="true" version="1" lat="48.99999536868" lon="8.40028066622" />
  <node id="28428" visible="true" version="1" lat="48.99999429138" lon="8.40027996966" />
  <node id="28429" visible="true" version="1" lat="48.99999327613" lon="8.40027918236" />
  <node id="28430" visible="true" version="1" lat="48.99999232182" lon="8.40027830592" />
  <node id="28431" visible="true" version="1" lat="48.99999142733" lon="8.40027734201" />
  <node id="28432" visible="true" version="1" lat="48.99999059153" lon="8.40027629226" />
  <node id="28433" visible="true" version="1" lat="48.9999898133" lon="8.40027515828" />
  <node id="28434" visible="true" version="1" lat="48.99998909153" lon="8.40027394176" />
  <node id="28435" visible="true" version="1" lat="48.9999884251" lon="8.40027264428" />
  <node id="28436" visible="true" version="1" lat="48.99998781288" lon="8.40027126751" />
  <node id="28437" visible="true" version="1" lat="48.99998725376" lon="8.4002698131" />
  <node id="28438" visible="true" version="1" lat="48.99998674662" lon="8.40026828265" />
  <node id="28439" visible="true" version="1" lat="48.99998629033" lon="8.40026667782" />
  <node id="28440" visible="true" version="1" lat="48.99998588379" lon="8.40026500026" />
  <node id="28441" visible="true" version="1" lat="48.99998552586" lon="8.40026325157" />
  <node id="28442" visible="true" version="1" lat="48.99998521543" lon="8.40026143342" />
  <node id="28443" visible="true" version="1" lat="48.99998495138" lon="8.40025954744" />
  <node id="28444" visible="true" version="1" lat="48.99998473259" lon="8.40025759525" />
  <node id="28445" visible="true" version="1" lat="48.99998455794" lon="8.40025557853" />
  <node id="28446" visible="true" version="1" lat="48.99998442632" lon="8.40025349886" />
  <node id="28447" visible="true" version="1" lat="48.99998433659" lon="8.40025135791" />
  <node id="28448" visible="true" version="1" lat="48.99998428765" lon="8.40024915733" />
  <node id="28449" visible="true" version="1" lat="48.99998427836" lon="8.40024689873" />
  <node id="28451" visible="true" version="1" lat="49.00000236414" lon="8.40025981748" />
  <node id="28452" visible="true" version="1" lat="49.00000187902" lon="8.40025970671" />
  <node id="28453" visible="true" version="1" lat="49.00000141562" lon="8.40025956509" />
  <node id="28454" visible="true" version="1" lat="49.00000097358" lon="8.40025939316" />
  <node id="28455" visible="true" version="1" lat="49.00000055255" lon="8.4002591914" />
  <node id="28456" visible="true" version="1" lat="49.00000015216" lon="8.40025896033" />
  <node id="28457" visible="true" version="1" lat="48.99999977207" lon="8.40025870046" />
  <node id="28458" visible="true" version="1" lat="48.9999994119" lon="8.40025841229" />
  <node id="28459" visible="true" version="1" lat="48.9999990713" lon="8.40025809635" />
  <node id="28460" visible="true" version="1" lat="48.99999874991" lon="8.40025775313" />
  <node id="28461" visible="true" version="1" lat="48.99999844738" lon="8.40025738316" />
  <node id="28462" visible="true" version="1" lat="48.99999816334" lon="8.40025698692" />
  <node id="28463" visible="true" version="1" lat="48.99999789744" lon="8.40025656495" />
  <node id="28464" visible="true" version="1" lat="48.99999764932" lon="8.40025611773" />
  <node id="28465" visible="true" version="1" lat="48.99999741862" lon="8.40025564578" />
  <node id="28466" visible="true" version="1" lat="48.99999720497" lon="8.40025514961" />
  <node id="28467" visible="true" version="1" lat="48.99999700802" lon="8.40025462975" />
  <node id="28468" visible="true" version="1" lat="48.99999682742" lon="8.40025408667" />
  <node id="28469" visible="true" version="1" lat="48.99999666281" lon="8.40025352091" />
  <node id="28470" visible="true" version="1" lat="48.99999651382" lon="8.40025293296" />
  <node id="28471" visible="true" version="1" lat="48.99999638009" lon="8.40025232333" />
  <node id="28472" visible="true" version="1" lat="48.99999626128" lon="8.40025169255" />
  <node id="28473" visible="true" version="1" lat="48.99999615701" lon="8.40025104112" />
  <node id="28474" visible="true" version="1" lat="48.99999606694" lon="8.40025036954" />
  <node id="28475" visible="true" version="1" lat="48.9999959907" lon="8.40024967831" />
  <node id="28476" visible="true" version="1" lat="48.99999592793" lon="8.40024896797" />
  <node id="28477" visible="true" version="1" lat="48.99999587827" lon="8.40024823901" />
  <node id="28478" visible="true" version="1" lat="48.99999584138" lon="8.40024749193" />
  <node id="28481" visible="true" version="1" lat="49.00000303482" lon="8.40027137242" />
  <node id="28482" visible="true" version="1" lat="49.00000204465" lon="8.4002712739" />
  <node id="28483" visible="true" version="1" lat="49.00000109991" lon="8.40027110942" />
  <node id="28484" visible="true" version="1" lat="49.00000019985" lon="8.40027088003" />
  <node id="28485" visible="true" version="1" lat="48.99999934374" lon="8.40027058683" />
  <node id="28486" visible="true" version="1" lat="48.99999853085" lon="8.40027023089" />
  <node id="28487" visible="true" version="1" lat="48.99999776042" lon="8.40026981327" />
  <node id="28488" visible="true" version="1" lat="48.99999703172" lon="8.40026933506" />
  <node id="28489" visible="true" version="1" lat="48.99999634402" lon="8.40026879733" />
  <node id="28490" visible="true" version="1" lat="48.99999569656" lon="8.40026820114" />
  <node id="28491" visible="true" version="1" lat="48.99999508862" lon="8.40026754758" />
  <node id="28492" visible="true" version="1" lat="48.99999451945" lon="8.40026683771" />
  <node id="28493" visible="true" version="1" lat="48.99999398832" lon="8.4002660726" />
  <node id="28494" visible="true" version="1" lat="48.99999349449" lon="8.40026525335" />
  <node id="28495" visible="true" version="1" lat="48.99999303721" lon="8.40026438101" />
  <node id="28496" visible="true" version="1" lat="48.99999261575" lon="8.40026345665" />
  <node id="28497" visible="true" version="1" lat="48.99999222937" lon="8.40026248136" />
  <node id="28498" visible="true" version="1" lat="48.99999187732" lon="8.4002614562" />
  <node id="28499" visible="true" version="1" lat="48.99999155888" lon="8.40026038225" />
  <node id="28500" visible="true" version="1" lat="48.9999912733" lon="8.40025926059" />
  <node id="28501" visible="true" version="1" lat="48.99999101984" lon="8.40025809226" />
  <node id="28502" visible="true" version="1" lat="48.99999079776" lon="8.40025687838" />
  <node id="28503" visible="true" version="1" lat="48.99999060633" lon="8.40025562" />
  <node id="28504" visible="true" version="1" lat="48.9999904448" lon="8.40025431819" />
  <node id="28505" visible="true" version="1" lat="48.99999031244" lon="8.40025297403" />
  <node id="28506" visible="true" version="1" lat="48.99999020851" lon="8.40025158859" />
  <node id="28507" visible="true" version="1" lat="48.99999013226" lon="8.40025016294" />
  <node id="28508" visible="true" version="1" lat="48.99999008296" lon="8.40024869817" />
  <node id="28509" visible="true" version="1" lat="48.99999005987" lon="8.40024719533" />
  <node id="28510" visible="true" version="1" lat="48.99999006225" lon="8.4002456555" />
  <node id="28512" visible="true" version="1" lat="48.99997800377" lon="8.39953821513" />
  <node id="28513" visible="true" version="1" lat="48.99997651842" lon="8.39953837258" />
  <node id="28514" visible="true" version="1" lat="48.99997509151" lon="8.39953840741" />
  <node id="28515" visible="true" version="1" lat="48.9999737218" lon="8.39953832217" />
  <node id="28516" visible="true" version="1" lat="48.99997240809" lon="8.39953811948" />
  <node id="28517" visible="true" version="1" lat="48.99997114912" lon="8.39953780193" />
  <node id="28518" visible="true" version="1" lat="48.99996994364" lon="8.39953737209" />
  <node id="28519" visible="true" version="1" lat="48.99996879044" lon="8.39953683261" />
  <node id="28520" visible="true" version="1" lat="48.99996768827" lon="8.39953618599" />
  <node id="28521" visible="true" version="1" lat="48.99996663591" lon="8.39953543492" />
  <node id="28522" visible="true" version="1" lat="48.99996563211" lon="8.39953458195" />
  <node id="28523" visible="true" version="1" lat="48.99996467563" lon="8.39953362964" />
  <node id="28524" visible="true" version="1" lat="48.99996376526" lon="8.39953258063" />
  <node id="28525" visible="true" version="1" lat="48.99996289974" lon="8.39953143749" />
  <node id="28526" visible="true" version="1" lat="48.99996207784" lon="8.39953020281" />
  <node id="28527" visible="true" version="1" lat="48.99996129833" lon="8.39952887921" />
  <node id="28528" visible="true" version="1" lat="48.99996055999" lon="8.39952746924" />
  <node id="28529" visible="true" version="1" lat="48.99995986154" lon="8.39952597552" />
  <node id="28530" visible="true" version="1" lat="48.99995920178" lon="8.39952440065" />
  <node id="28531" visible="true" version="1" lat="48.99995857946" lon="8.39952274717" />
  <node id="28532" visible="true" version="1" lat="48.99995799336" lon="8.39952101776" />
  <node id="28533" visible="true" version="1" lat="48.99995744224" lon="8.39951921494" />
  <node id="28534" visible="true" version="1" lat="48.99995692485" lon="8.39951734129" />
  <node id="28535" visible="true" version="1" lat="48.99995643997" lon="8.39951539949" />
  <node id="28536" visible="true" version="1" lat="48.99995598636" lon="8.39951339206" />
  <node id="28537" visible="true" version="1" lat="48.99995556277" lon="8.39951132161" />
  <node id="28538" visible="true" version="1" lat="48.99995516799" lon="8.39950919074" />
  <node id="28539" visible="true" version="1" lat="48.99995480079" lon="8.39950700202" />
  <node id="28541" visible="true" version="1" lat="48.99997568678" lon="8.39950625993" />
  <node id="28542" visible="true" version="1" lat="48.99997526137" lon="8.3995062942" />
  <node id="28543" visible="true" version="1" lat="48.99997484679" lon="8.39950630602" />
  <node id="28544" visible="true" version="1" lat="48.99997444301" lon="8.39950629541" />
  <node id="28545" visible="true" version="1" lat="48.99997405001" lon="8.39950626247" />
  <node id="28546" visible="true" version="1" lat="48.99997366777" lon="8.39950620722" />
  <node id="28547" visible="true" version="1" lat="48.99997329627" lon="8.39950612966" />
  <node id="28548" visible="true" version="1" lat="48.99997293549" lon="8.3995060299" />
  <node id="28549" visible="true" version="1" lat="48.99997258541" lon="8.39950590792" />
  <node id="28550" visible="true" version="1" lat="48.99997224601" lon="8.39950576379" />
  <node id="28551" visible="true" version="1" lat="48.99997191727" lon="8.39950559756" />
  <node id="28552" visible="true" version="1" lat="48.99997159918" lon="8.39950540924" />
  <node id="28553" visible="true" version="1" lat="48.9999712917" lon="8.39950519892" />
  <node id="28554" visible="true" version="1" lat="48.99997099482" lon="8.3995049666" />
  <node id="28555" visible="true" version="1" lat="48.99997070853" lon="8.39950471232" />
  <node id="28556" visible="true" version="1" lat="48.99997043279" lon="8.39950443617" />
  <node id="28557" visible="true" version="1" lat="48.9999701676" lon="8.39950413814" />
  <node id="28558" visible="true" version="1" lat="48.99996991293" lon="8.39950381827" />
  <node id="28559" visible="true" version="1" lat="48.99996966876" lon="8.39950347664" />
  <node id="28560" visible="true" version="1" lat="48.99996943506" lon="8.39950311328" />
  <node id="28561" visible="true" version="1" lat="48.99996921183" lon="8.39950272821" />
  <node id="28562" visible="true" version="1" lat="48.99996899903" lon="8.3995023215" />
  <node id="28563" visible="true" version="1" lat="48.99996879666" lon="8.39950189316" />
  <node id="28564" visible="true" version="1" lat="48.9999686047" lon="8.39950144325" />
  <node id="28565" visible="true" version="1" lat="48.99996842311" lon="8.39950097181" />
  <node id="28566" visible="true" version="1" lat="48.99996825188" lon="8.39950047888" />
  <node id="28567" visible="true" version="1" lat="48.999968091" lon="8.3994999645" />
  <node id="28568" visible="true" version="1" lat="48.99996794043" lon="8.39949942872" />
  <node id="28571" visible="true" version="1" lat="48.99997783592" lon="8.39952206783" />
  <node id="28572" visible="true" version="1" lat="48.99997684528" lon="8.39952223753" />
  <node id="28573" visible="true" version="1" lat="48.9999758899" lon="8.39952233339" />
  <node id="28574" visible="true" version="1" lat="48.99997496915" lon="8.39952235671" />
  <node id="28575" visible="true" version="1" lat="48.99997408241" lon="8.39952230879" />
  <node id="28576" visible="true" version="1" lat="48.99997322905" lon="8.39952219098" />
  <node id="28577" visible="true" version="1" lat="48.99997240844" lon="8.39952200457" />
  <node id="28578" visible="true" version="1" lat="48.99997161996" lon="8.39952175088" />
  <node id="28579" visible="true" version="1" lat="48.99997086296" lon="8.39952143125" />
  <node id="28580" visible="true" version="1" lat="48.99997013684" lon="8.39952104696" />
  <node id="28581" visible="true" version="1" lat="48.99996944096" lon="8.39952059936" />
  <node id="28582" visible="true" version="1" lat="48.99996877469" lon="8.39952008975" />
  <node id="28583" visible="true" version="1" lat="48.9999681374" lon="8.39951951944" />
  <node id="28584" visible="true" version="1" lat="48.99996752848" lon="8.39951888978" />
  <node id="28585" visible="true" version="1" lat="48.99996694728" lon="8.39951820205" />
  <node id="28586" visible="true" version="1" lat="48.99996639319" lon="8.39951745757" />
  <node id="28587" visible="true" version="1" lat="48.99996586556" lon="8.39951665769" />
  <node id="28588" visible="true" version="1" lat="48.99996536379" lon="8.39951580369" />
  <node id="28589" visible="true" version="1" lat="48.99996488723" lon="8.3995148969" />
  <node id="28590" visible="true" version="1" lat="48.99996443527" lon="8.39951393865" />
  <node id="28591" visible="true" version="1" lat="48.99996400726" lon="8.39951293022" />
  <node id="28592" visible="true" version="1" lat="48.99996360259" lon="8.39951187298" />
  <node id="28593" visible="true" version="1" lat="48.99996322064" lon="8.39951076822" />
  <node id="28594" visible="true" version="1" lat="48.99996286076" lon="8.39950961723" />
  <node id="28595" visible="true" version="1" lat="48.99996252233" lon="8.39950842137" />
  <node id="28596" visible="true" version="1" lat="48.99996220474" lon="8.39950718194" />
  <node id="28597" visible="true" version="1" lat="48.99996190733" lon="8.39950590025" />
  <node id="28598" visible="true" version="1" lat="48.9999616295" lon="8.39950457762" />
  <node id="28599" visible="true" version="1" lat="48.99996137061" lon="8.39950321537" />
  <node id="28600" visible="true" version="1" lat="48.99996113003" lon="8.39950181482" />
  <node id="28602" visible="true" version="1" lat="48.99976059227" lon="8.39961945611" />
  <node id="28603" visible="true" version="1" lat="48.99976002643" lon="8.39961966132" />
  <node id="28604" visible="true" version="1" lat="48.99975947827" lon="8.39961990185" />
  <node id="28605" visible="true" version="1" lat="48.99975894739" lon="8.39962017691" />
  <node id="28606" visible="true" version="1" lat="48.99975843335" lon="8.39962048559" />
  <node id="28607" visible="true" version="1" lat="48.99975793577" lon="8.39962082715" />
  <node id="28608" visible="true" version="1" lat="48.99975745416" lon="8.39962120061" />
  <node id="28609" visible="true" version="1" lat="48.99975698814" lon="8.3996216052" />
  <node id="28610" visible="true" version="1" lat="48.99975653729" lon="8.3996220401" />
  <node id="28611" visible="true" version="1" lat="48.99975610117" lon="8.39962250442" />
  <node id="28612" visible="true" version="1" lat="48.99975567936" lon="8.39962299733" />
  <node id="28613" visible="true" version="1" lat="48.99975527146" lon="8.39962351801" />
  <node id="28614" visible="true" version="1" lat="48.999754877" lon="8.39962406555" />
  <node id="28615" visible="true" version="1" lat="48.99975449561" lon="8.39962463919" />
  <node id="28616" visible="true" version="1" lat="48.99975412682" lon="8.39962523798" />
  <node id="28617" visible="true" version="1" lat="48.99975377024" lon="8.39962586117" />
  <node id="28618" visible="true" version="1" lat="48.99975342545" lon="8.3996265079" />
  <node id="28619" visible="true" version="1" lat="48.99975309199" lon="8.39962717728" />
  <node id="28620" visible="true" version="1" lat="48.99975276947" lon="8.3996278685" />
  <node id="28621" visible="true" version="1" lat="48.99975245747" lon="8.39962858073" />
  <node id="28622" visible="true" version="1" lat="48.99975215554" lon="8.39962931308" />
  <node id="28623" visible="true" version="1" lat="48.99975186327" lon="8.39963006473" />
  <node id="28624" visible="true" version="1" lat="48.99975158025" lon="8.39963083484" />
  <node id="28625" visible="true" version="1" lat="48.99975130604" lon="8.39963162256" />
  <node id="28626" visible="true" version="1" lat="48.99975104023" lon="8.39963242704" />
  <node id="28627" visible="true" version="1" lat="48.99975078239" lon="8.39963324746" />
  <node id="28628" visible="true" version="1" lat="48.9997505321" lon="8.39963408295" />
  <node id="28629" visible="true" version="1" lat="48.99975028893" lon="8.39963493267" />
  <node id="28631" visible="true" version="1" lat="48.99976517316" lon="8.39958188959" />
  <node id="28632" visible="true" version="1" lat="48.99976293164" lon="8.39958233621" />
  <node id="28633" visible="true" version="1" lat="48.99976075389" lon="8.39958291287" />
  <node id="28634" visible="true" version="1" lat="48.99975863912" lon="8.39958361795" />
  <node id="28635" visible="true" version="1" lat="48.99975658649" lon="8.39958444977" />
  <node id="28636" visible="true" version="1" lat="48.99975459525" lon="8.39958540676" />
  <node id="28637" visible="true" version="1" lat="48.99975266457" lon="8.39958648727" />
  <node id="28638" visible="true" version="1" lat="48.99975079367" lon="8.39958768967" />
  <node id="28639" visible="true" version="1" lat="48.99974898174" lon="8.39958901234" />
  <node id="28640" visible="true" version="1" lat="48.99974722799" lon="8.39959045365" />
  <node id="28641" visible="true" version="1" lat="48.99974553164" lon="8.39959201199" />
  <node id="28642" visible="true" version="1" lat="48.99974389186" lon="8.39959368572" />
  <node id="28643" visible="true" version="1" lat="48.99974230785" lon="8.39959547318" />
  <node id="28644" visible="true" version="1" lat="48.99974077887" lon="8.39959737283" />
  <node id="28645" visible="true" version="1" lat="48.99973930405" lon="8.39959938297" />
  <node id="28646" visible="true" version="1" lat="48.99973788264" lon="8.39960150199" />
  <node id="28647" visible="true" version="1" lat="48.99973651382" lon="8.39960372827" />
  <node id="28648" visible="true" version="1" lat="48.99973519678" lon="8.39960606015" />
  <node id="28649" visible="true" version="1" lat="48.99973393076" lon="8.39960849606" />
  <node id="28650" visible="true" version="1" lat="48.99973271496" lon="8.39961103438" />
  <node id="28651" visible="true" version="1" lat="48.99973154853" lon="8.39961367339" />
  <node id="28652" visible="true" version="1" lat="48.99973043075" lon="8.3996164116" />
  <node id="28653" visible="true" version="1" lat="48.99972936074" lon="8.39961924723" />
  <node id="28654" visible="true" version="1" lat="48.99972833777" lon="8.3996221788" />
  <node id="28655" visible="true" version="1" lat="48.99972736101" lon="8.39962520457" />
  <node id="28656" visible="true" version="1" lat="48.99972642966" lon="8.39962832297" />
  <node id="28657" visible="true" version="1" lat="48.99972554293" lon="8.39963153236" />
  <node id="28658" visible="true" version="1" lat="48.99972470003" lon="8.39963483111" />
  <node id="28661" visible="true" version="1" lat="48.99976432774" lon="8.39960043086" />
  <node id="28662" visible="true" version="1" lat="48.99976288272" lon="8.39960067285" />
  <node id="28663" visible="true" version="1" lat="48.99976147904" lon="8.39960099876" />
  <node id="28664" visible="true" version="1" lat="48.99976011608" lon="8.39960140736" />
  <node id="28665" visible="true" version="1" lat="48.99975879326" lon="8.39960189743" />
  <node id="28666" visible="true" version="1" lat="48.99975750992" lon="8.39960246768" />
  <node id="28667" visible="true" version="1" lat="48.99975626551" lon="8.39960311695" />
  <node id="28668" visible="true" version="1" lat="48.99975505937" lon="8.39960384394" />
  <node id="28669" visible="true" version="1" lat="48.99975389091" lon="8.39960464744" />
  <node id="28670" visible="true" version="1" lat="48.99975275952" lon="8.39960552622" />
  <node id="28671" visible="true" version="1" lat="48.99975166458" lon="8.39960647903" />
  <node id="28672" visible="true" version="1" lat="48.9997506055" lon="8.39960750466" />
  <node id="28673" visible="true" version="1" lat="48.99974958166" lon="8.39960860186" />
  <node id="28674" visible="true" version="1" lat="48.99974859243" lon="8.39960976936" />
  <node id="28675" visible="true" version="1" lat="48.99974763724" lon="8.39961100601" />
  <node id="28676" visible="true" version="1" lat="48.99974671544" lon="8.39961231047" />
  <node id="28677" visible="true" version="1" lat="48.99974582644" lon="8.39961368158" />
  <node id="28678" visible="true" version="1" lat="48.99974496964" lon="8.39961511808" />
  <node id="28679" visible="true" version="1" lat="48.99974414439" lon="8.39961661871" />
  <node id="28680" visible="true" version="1" lat="48.99974335012" lon="8.39961818228" />
  <node id="28681" visible="true" version="1" lat="48.99974258621" lon="8.39961980755" />
  <node id="28682" visible="true" version="1" lat="48.99974185204" lon="8.39962149323" />
  <node id="28683" visible="true" version="1" lat="48.99974114701" lon="8.39962323816" />
  <node id="28684" visible="true" version="1" lat="48.9997404705" lon="8.39962504104" />
  <node id="28685" visible="true" version="1" lat="48.99973982191" lon="8.39962690068" />
  <node id="28686" visible="true" version="1" lat="48.99973920062" lon="8.39962881581" />
  <node id="28687" visible="true" version="1" lat="48.99973860603" lon="8.39963078521" />
  <node id="28688" visible="true" version="1" lat="48.99973803752" lon="8.39963280765" />
  <node id="28689" visible="true" version="1" lat="48.99973749448" lon="8.39963488189" />
  <node id="28690" visible="true" version="1" lat="48.9997369763" lon="8.39963700668" />
  <node id="28692" visible="true" version="1" lat="48.99999565334" lon="8.40024895491" />
  <node id="28693" visible="true" version="1" lat="48.9999954605" lon="8.40025112914" />
  <node id="28694" visible="true" version="1" lat="48.99999523706" lon="8.4002532476" />
  <node id="28695" visible="true" version="1" lat="48.99999498171" lon="8.40025530795" />
  <node id="28696" visible="true" version="1" lat="48.99999469318" lon="8.40025730781" />
  <node id="28697" visible="true" version="1" lat="48.99999437017" lon="8.40025924485" />
  <node id="28698" visible="true" version="1" lat="48.99999401139" lon="8.4002611167" />
  <node id="28699" visible="true" version="1" lat="48.99999361555" lon="8.40026292103" />
  <node id="28700" visible="true" version="1" lat="48.99999318137" lon="8.40026465546" />
  <node id="28701" visible="true" version="1" lat="48.99999270754" lon="8.40026631767" />
  <node id="28702" visible="true" version="1" lat="48.99999219278" lon="8.40026790527" />
  <node id="28703" visible="true" version="1" lat="48.99999163579" lon="8.40026941594" />
  <node id="28704" visible="true" version="1" lat="48.9999910353" lon="8.4002708473" />
  <node id="28705" visible="true" version="1" lat="48.99999038999" lon="8.40027219701" />
  <node id="28706" visible="true" version="1" lat="48.99998969858" lon="8.40027346271" />
  <node id="28707" visible="true" version="1" lat="48.99998895978" lon="8.40027464207" />
  <node id="28708" visible="true" version="1" lat="48.99998817231" lon="8.4002757327" />
  <node id="28709" visible="true" version="1" lat="48.99998733486" lon="8.40027673229" />
  <node id="28710" visible="true" version="1" lat="48.99998644616" lon="8.40027763844" />
  <node id="28711" visible="true" version="1" lat="48.99998550489" lon="8.40027844884" />
  <node id="28712" visible="true" version="1" lat="48.99998450979" lon="8.40027916111" />
  <node id="28713" visible="true" version="1" lat="48.99998345954" lon="8.40027977291" />
  <node id="28714" visible="true" version="1" lat="48.99998235288" lon="8.40028028188" />
  <node id="28715" visible="true" version="1" lat="48.99998118849" lon="8.40028068568" />
  <node id="28716" visible="true" version="1" lat="48.99997996509" lon="8.40028098193" />
  <node id="28717" visible="true" version="1" lat="48.99997868139" lon="8.40028116831" />
  <node id="28718" visible="true" version="1" lat="48.99997733611" lon="8.40028124243" />
  <node id="28719" visible="true" version="1" lat="48.99997592793" lon="8.40028120198" />
  <node id="28721" visible="true" version="1" lat="48.99998419333" lon="8.40024546056" />
  <node id="28722" visible="true" version="1" lat="48.99998406323" lon="8.40024630568" />
  <node id="28723" visible="true" version="1" lat="48.99998391719" lon="8.40024711891" />
  <node id="28724" visible="true" version="1" lat="48.99998375513" lon="8.40024790004" />
  <node id="28725" visible="true" version="1" lat="48.99998357694" lon="8.40024864889" />
  <node id="28726" visible="true" version="1" lat="48.99998338253" lon="8.40024936524" />
  <node id="28727" visible="true" version="1" lat="48.99998317179" lon="8.4002500489" />
  <node id="28728" visible="true" version="1" lat="48.99998294463" lon="8.40025069966" />
  <node id="28729" visible="true" version="1" lat="48.99998270093" lon="8.40025131733" />
  <node id="28730" visible="true" version="1" lat="48.99998244062" lon="8.4002519017" />
  <node id="28731" visible="true" version="1" lat="48.99998216357" lon="8.40025245258" />
  <node id="28732" visible="true" version="1" lat="48.9999818697" lon="8.40025296975" />
  <node id="28733" visible="true" version="1" lat="48.99998155889" lon="8.40025345302" />
  <node id="28734" visible="true" version="1" lat="48.99998123107" lon="8.40025390219" />
  <node id="28735" visible="true" version="1" lat="48.9999808861" lon="8.40025431706" />
  <node id="28736" visible="true" version="1" lat="48.99998052391" lon="8.40025469743" />
  <node id="28737" visible="true" version="1" lat="48.99998014439" lon="8.4002550431" />
  <node id="28738" visible="true" version="1" lat="48.99997974744" lon="8.40025535384" />
  <node id="28739" visible="true" version="1" lat="48.99997933295" lon="8.40025562949" />
  <node id="28740" visible="true" version="1" lat="48.99997890085" lon="8.40025586984" />
  <node id="28741" visible="true" version="1" lat="48.999978451" lon="8.40025607468" />
  <node id="28742" visible="true" version="1" lat="48.99997798332" lon="8.40025624379" />
  <node id="28743" visible="true" version="1" lat="48.99997749771" lon="8.40025637701" />
  <node id="28744" visible="true" version="1" lat="48.99997699407" lon="8.4002564741" />
  <node id="28745" visible="true" version="1" lat="48.9999764723" lon="8.40025653489" />
  <node id="28746" visible="true" version="1" lat="48.99997593228" lon="8.40025655916" />
  <node id="28747" visible="true" version="1" lat="48.99997537394" lon="8.40025654672" />
  <node id="28748" visible="true" version="1" lat="48.99997479716" lon="8.40025649736" />
  <node id="28751" visible="true" version="1" lat="48.99999006225" lon="8.4002456555" />
  <node id="28752" visible="true" version="1" lat="48.99998992334" lon="8.40024720774" />
  <node id="28753" visible="true" version="1" lat="48.99998976186" lon="8.40024871741" />
  <node id="28754" visible="true" version="1" lat="48.99998957712" lon="8.40025018326" />
  <node id="28755" visible="true" version="1" lat="48.99998936842" lon="8.400251604" />
  <node id="28756" visible="true" version="1" lat="48.99998913506" lon="8.40025297835" />
  <node id="28757" visible="true" version="1" lat="48.99998887635" lon="8.40025430505" />
  <node id="28758" visible="true" version="1" lat="48.99998859159" lon="8.4002555828" />
  <node id="28759" visible="true" version="1" lat="48.99998828009" lon="8.40025681034" />
  <node id="28760" visible="true" version="1" lat="48.99998794115" lon="8.4002579864" />
  <node id="28761" visible="true" version="1" lat="48.99998757408" lon="8.40025910969" />
  <node id="28762" visible="true" version="1" lat="48.99998717818" lon="8.40026017892" />
  <node id="28763" visible="true" version="1" lat="48.99998675275" lon="8.40026119284" />
  <node id="28764" visible="true" version="1" lat="48.9999862971" lon="8.40026215016" />
  <node id="28765" visible="true" version="1" lat="48.99998581053" lon="8.4002630496" />
  <node id="28766" visible="true" version="1" lat="48.99998529234" lon="8.40026388989" />
  <node id="28767" visible="true" version="1" lat="48.99998474185" lon="8.40026466975" />
  <node id="28768" visible="true" version="1" lat="48.99998415835" lon="8.4002653879" />
  <node id="28769" visible="true" version="1" lat="48.99998354115" lon="8.40026604307" />
  <node id="28770" visible="true" version="1" lat="48.99998288956" lon="8.40026663397" />
  <node id="28771" visible="true" version="1" lat="48.99998220287" lon="8.40026715934" />
  <node id="28772" visible="true" version="1" lat="48.9999814804" lon="8.40026761789" />
  <node id="28773" visible="true" version="1" lat="48.99998072143" lon="8.40026800835" />
  <node id="28774" visible="true" version="1" lat="48.99997992529" lon="8.40026832944" />
  <node id="28775" visible="true" version="1" lat="48.99997909128" lon="8.40026857989" />
  <node id="28776" visible="true" version="1" lat="48.9999782187" lon="8.40026875841" />
  <node id="28777" visible="true" version="1" lat="48.99997730684" lon="8.40026886374" />
  <node id="28778" visible="true" version="1" lat="48.99997635502" lon="8.40026889457" />
  <node id="28779" visible="true" version="1" lat="48.99997536255" lon="8.40026884967" />
  <node id="28780" visible="true" version="1" lat="48.99997432872" lon="8.40026872773" />
  <node id="28782" visible="true" version="1" lat="49.00025062496" lon="8.40017346507" />
  <node id="28783" visible="true" version="1" lat="49.00024992037" lon="8.40017470188" />
  <node id="28784" visible="true" version="1" lat="49.00024920704" lon="8.40017591474" />
  <node id="28785" visible="true" version="1" lat="49.00024848445" lon="8.40017710226" />
  <node id="28786" visible="true" version="1" lat="49.00024775208" lon="8.40017826298" />
  <node id="28787" visible="true" version="1" lat="49.00024700942" lon="8.40017939554" />
  <node id="28788" visible="true" version="1" lat="49.00024625595" lon="8.40018049849" />
  <node id="28789" visible="true" version="1" lat="49.00024549116" lon="8.40018157045" />
  <node id="28790" visible="true" version="1" lat="49.00024471453" lon="8.40018260996" />
  <node id="28791" visible="true" version="1" lat="49.00024392554" lon="8.40018361564" />
  <node id="28792" visible="true" version="1" lat="49.00024312367" lon="8.40018458607" />
  <node id="28793" visible="true" version="1" lat="49.00024230843" lon="8.40018551983" />
  <node id="28794" visible="true" version="1" lat="49.00024147927" lon="8.40018641552" />
  <node id="28795" visible="true" version="1" lat="49.00024063571" lon="8.40018727174" />
  <node id="28796" visible="true" version="1" lat="49.00023977719" lon="8.40018808703" />
  <node id="28797" visible="true" version="1" lat="49.00023890323" lon="8.40018886001" />
  <node id="28798" visible="true" version="1" lat="49.00023801331" lon="8.40018958927" />
  <node id="28799" visible="true" version="1" lat="49.0002371069" lon="8.40019027339" />
  <node id="28800" visible="true" version="1" lat="49.00023618349" lon="8.40019091096" />
  <node id="28801" visible="true" version="1" lat="49.00023524256" lon="8.40019150054" />
  <node id="28802" visible="true" version="1" lat="49.0002342836" lon="8.40019204075" />
  <node id="28803" visible="true" version="1" lat="49.00023330609" lon="8.40019253017" />
  <node id="28804" visible="true" version="1" lat="49.00023230952" lon="8.40019296739" />
  <node id="28805" visible="true" version="1" lat="49.00023129338" lon="8.40019335097" />
  <node id="28806" visible="true" version="1" lat="49.00023025713" lon="8.40019367951" />
  <node id="28807" visible="true" version="1" lat="49.00022920027" lon="8.40019395163" />
  <node id="28808" visible="true" version="1" lat="49.00022812228" lon="8.40019416587" />
  <node id="28809" visible="true" version="1" lat="49.00022702266" lon="8.40019432086" />
  <node id="28811" visible="true" version="1" lat="49.0002388536" lon="8.40016377467" />
  <node id="28812" visible="true" version="1" lat="49.00023850743" lon="8.40016429048" />
  <node id="28813" visible="true" version="1" lat="49.00023815585" lon="8.40016478966" />
  <node id="28814" visible="true" version="1" lat="49.00023779878" lon="8.40016527195" />
  <node id="28815" visible="true" version="1" lat="49.00023743612" lon="8.40016573714" />
  <node id="28816" visible="true" version="1" lat="49.00023706783" lon="8.40016618497" />
  <node id="28817" visible="true" version="1" lat="49.00023669383" lon="8.40016661522" />
  <node id="28818" visible="true" version="1" lat="49.00023631401" lon="8.40016702764" />
  <node id="28819" visible="true" version="1" lat="49.00023592834" lon="8.40016742201" />
  <node id="28820" visible="true" version="1" lat="49.00023553672" lon="8.4001677981" />
  <node id="28821" visible="true" version="1" lat="49.00023513907" lon="8.40016815565" />
  <node id="28822" visible="true" version="1" lat="49.0002347353" lon="8.40016849445" />
  <node id="28823" visible="true" version="1" lat="49.00023432536" lon="8.40016881422" />
  <node id="28824" visible="true" version="1" lat="49.00023390916" lon="8.40016911476" />
  <node id="28825" visible="true" version="1" lat="49.00023348663" lon="8.40016939586" />
  <node id="28826" visible="true" version="1" lat="49.00023305769" lon="8.40016965722" />
  <node id="28827" visible="true" version="1" lat="49.00023262226" lon="8.40016989864" />
  <node id="28828" visible="true" version="1" lat="49.00023218027" lon="8.40017011989" />
  <node id="28829" visible="true" version="1" lat="49.00023173163" lon="8.40017032074" />
  <node id="28830" visible="true" version="1" lat="49.00023127628" lon="8.40017050092" />
  <node id="28831" visible="true" version="1" lat="49.00023081414" lon="8.40017066022" />
  <node id="28832" visible="true" version="1" lat="49.00023034513" lon="8.40017079839" />
  <node id="28833" visible="true" version="1" lat="49.00022986915" lon="8.4001709152" />
  <node id="28834" visible="true" version="1" lat="49.00022938617" lon="8.40017101043" />
  <node id="28835" visible="true" version="1" lat="49.00022889609" lon="8.40017108382" />
  <node id="28836" visible="true" version="1" lat="49.00022839881" lon="8.40017113514" />
  <node id="28837" visible="true" version="1" lat="49.00022789429" lon="8.40017116417" />
  <node id="28838" visible="true" version="1" lat="49.00022738245" lon="8.40017117066" />
  <node id="28841" visible="true" version="1" lat="49.00024525789" lon="8.40016772408" />
  <node id="28842" visible="true" version="1" lat="49.00024473928" lon="8.40016861987" />
  <node id="28843" visible="true" version="1" lat="49.0002442139" lon="8.40016949618" />
  <node id="28844" visible="true" version="1" lat="49.00024368145" lon="8.4001703522" />
  <node id="28845" visible="true" version="1" lat="49.00024314161" lon="8.4001711871" />
  <node id="28846" visible="true" version="1" lat="49.0002425941" lon="8.40017200006" />
  <node id="28847" visible="true" version="1" lat="49.00024203863" lon="8.40017279025" />
  <node id="28848" visible="true" version="1" lat="49.00024147489" lon="8.40017355685" />
  <node id="28849" visible="true" version="1" lat="49.00024090259" lon="8.40017429904" />
  <node id="28850" visible="true" version="1" lat="49.00024032143" lon="8.40017501599" />
  <node id="28851" visible="true" version="1" lat="49.00023973113" lon="8.40017570687" />
  <node id="28852" visible="true" version="1" lat="49.00023913137" lon="8.40017637086" />
  <node id="28853" visible="true" version="1" lat="49.00023852186" lon="8.40017700714" />
  <node id="28854" visible="true" version="1" lat="49.00023790232" lon="8.40017761487" />
  <node id="28855" visible="true" version="1" lat="49.00023727243" lon="8.40017819325" />
  <node id="28856" visible="true" version="1" lat="49.00023663191" lon="8.40017874145" />
  <node id="28857" visible="true" version="1" lat="49.00023598046" lon="8.40017925861" />
  <node id="28858" visible="true" version="1" lat="49.00023531778" lon="8.40017974396" />
  <node id="28859" visible="true" version="1" lat="49.00023464358" lon="8.40018019664" />
  <node id="28860" visible="true" version="1" lat="49.00023395756" lon="8.40018061585" />
  <node id="28861" visible="true" version="1" lat="49.00023325942" lon="8.40018100073" />
  <node id="28862" visible="true" version="1" lat="49.00023254887" lon="8.40018135048" />
  <node id="28863" visible="true" version="1" lat="49.00023182561" lon="8.40018166428" />
  <node id="28864" visible="true" version="1" lat="49.00023108934" lon="8.40018194129" />
  <node id="28865" visible="true" version="1" lat="49.00023033978" lon="8.4001821807" />
  <node id="28866" visible="true" version="1" lat="49.00022957661" lon="8.40018238167" />
  <node id="28867" visible="true" version="1" lat="49.00022879954" lon="8.40018254338" />
  <node id="28868" visible="true" version="1" lat="49.00022800829" lon="8.40018266502" />
  <node id="28869" visible="true" version="1" lat="49.00022720255" lon="8.40018274576" />
  <node id="28870" visible="true" version="1" lat="49.00022638202" lon="8.40018278476" />
  <node id="28872" visible="true" version="1" lat="49.00034663245" lon="8.40000349014" />
  <node id="28873" visible="true" version="1" lat="49.00034620589" lon="8.40000320535" />
  <node id="28874" visible="true" version="1" lat="49.00034578415" lon="8.40000294903" />
  <node id="28875" visible="true" version="1" lat="49.00034536715" lon="8.40000272095" />
  <node id="28876" visible="true" version="1" lat="49.00034495493" lon="8.40000252091" />
  <node id="28877" visible="true" version="1" lat="49.00034454743" lon="8.40000234875" />
  <node id="28878" visible="true" version="1" lat="49.00034414461" lon="8.40000220422" />
  <node id="28879" visible="true" version="1" lat="49.00034374644" lon="8.40000208719" />
  <node id="28880" visible="true" version="1" lat="49.00034335284" lon="8.40000199744" />
  <node id="28881" visible="true" version="1" lat="49.00034296387" lon="8.40000193476" />
  <node id="28882" visible="true" version="1" lat="49.00034257944" lon="8.40000189896" />
  <node id="28883" visible="true" version="1" lat="49.00034219953" lon="8.40000188987" />
  <node id="28884" visible="true" version="1" lat="49.00034182407" lon="8.40000190727" />
  <node id="28885" visible="true" version="1" lat="49.00034145309" lon="8.40000195097" />
  <node id="28886" visible="true" version="1" lat="49.00034108653" lon="8.40000202078" />
  <node id="28887" visible="true" version="1" lat="49.00034072436" lon="8.40000211649" />
  <node id="28888" visible="true" version="1" lat="49.00034036654" lon="8.40000223795" />
  <node id="28889" visible="true" version="1" lat="49.000340013" lon="8.40000238492" />
  <node id="28890" visible="true" version="1" lat="49.00033966379" lon="8.40000255722" />
  <node id="28891" visible="true" version="1" lat="49.00033931882" lon="8.40000275466" />
  <node id="28892" visible="true" version="1" lat="49.00033897808" lon="8.40000297704" />
  <node id="28893" visible="true" version="1" lat="49.00033864149" lon="8.40000322418" />
  <node id="28894" visible="true" version="1" lat="49.00033830909" lon="8.40000349586" />
  <node id="28895" visible="true" version="1" lat="49.00033798081" lon="8.4000037919" />
  <node id="28896" visible="true" version="1" lat="49.00033765662" lon="8.4000041121" />
  <node id="28897" visible="true" version="1" lat="49.00033733648" lon="8.40000445627" />
  <node id="28898" visible="true" version="1" lat="49.00033702034" lon="8.40000482424" />
  <node id="28899" visible="true" version="1" lat="49.00033670822" lon="8.40000521577" />
  <node id="28901" visible="true" version="1" lat="49.00036149707" lon="8.39996822407" />
  <node id="28902" visible="true" version="1" lat="49.00035980943" lon="8.39996724205" />
  <node id="28903" visible="true" version="1" lat="49.00035815382" lon="8.39996645759" />
  <node id="28904" visible="true" version="1" lat="49.00035652924" lon="8.39996586467" />
  <node id="28905" visible="true" version="1" lat="49.00035493474" lon="8.39996545728" />
  <node id="28906" visible="true" version="1" lat="49.00035336933" lon="8.39996522938" />
  <node id="28907" visible="true" version="1" lat="49.00035183203" lon="8.39996517497" />
  <node id="28908" visible="true" version="1" lat="49.00035032187" lon="8.399965288" />
  <node id="28909" visible="true" version="1" lat="49.00034883785" lon="8.39996556249" />
  <node id="28910" visible="true" version="1" lat="49.00034737905" lon="8.39996599238" />
  <node id="28911" visible="true" version="1" lat="49.00034594446" lon="8.39996657166" />
  <node id="28912" visible="true" version="1" lat="49.00034453311" lon="8.39996729433" />
  <node id="28913" visible="true" version="1" lat="49.00034314402" lon="8.39996815434" />
  <node id="28914" visible="true" version="1" lat="49.00034177621" lon="8.39996914568" />
  <node id="28915" visible="true" version="1" lat="49.00034042872" lon="8.39997026233" />
  <node id="28916" visible="true" version="1" lat="49.00033910056" lon="8.39997149828" />
  <node id="28917" visible="true" version="1" lat="49.00033779075" lon="8.39997284748" />
  <node id="28918" visible="true" version="1" lat="49.00033649833" lon="8.39997430394" />
  <node id="28919" visible="true" version="1" lat="49.00033522229" lon="8.39997586165" />
  <node id="28920" visible="true" version="1" lat="49.0003339617" lon="8.39997751454" />
  <node id="28921" visible="true" version="1" lat="49.00033271557" lon="8.39997925662" />
  <node id="28922" visible="true" version="1" lat="49.00033148292" lon="8.39998108187" />
  <node id="28923" visible="true" version="1" lat="49.00033026278" lon="8.39998298426" />
  <node id="28924" visible="true" version="1" lat="49.00032905416" lon="8.39998495777" />
  <node id="28925" visible="true" version="1" lat="49.00032785609" lon="8.39998699638" />
  <node id="28926" visible="true" version="1" lat="49.0003266676" lon="8.39998909408" />
  <node id="28927" visible="true" version="1" lat="49.0003254877" lon="8.39999124483" />
  <node id="28928" visible="true" version="1" lat="49.00032431543" lon="8.39999344263" />
  <node id="28931" visible="true" version="1" lat="49.00035514078" lon="8.39998660661" />
  <node id="28932" visible="true" version="1" lat="49.00035406476" lon="8.39998585711" />
  <node id="28933" visible="true" version="1" lat="49.00035300766" lon="8.3999852237" />
  <node id="28934" visible="true" version="1" lat="49.00035196898" lon="8.39998470331" />
  <node id="28935" visible="true" version="1" lat="49.0003509482" lon="8.39998429282" />
  <node id="28936" visible="true" version="1" lat="49.00034994484" lon="8.3999839891" />
  <node id="28937" visible="true" version="1" lat="49.00034895838" lon="8.39998378907" />
  <node id="28938" visible="true" version="1" lat="49.00034798832" lon="8.3999836896" />
  <node id="28939" visible="true" version="1" lat="49.00034703416" lon="8.3999836876" />
  <node id="28940" visible="true" version="1" lat="49.00034609535" lon="8.39998377997" />
  <node id="28941" visible="true" version="1" lat="49.00034517146" lon="8.39998396357" />
  <node id="28942" visible="true" version="1" lat="49.00034426195" lon="8.39998423531" />
  <node id="28943" visible="true" version="1" lat="49.00034336632" lon="8.3999845921" />
  <node id="28944" visible="true" version="1" lat="49.00034248404" lon="8.3999850308" />
  <node id="28945" visible="true" version="1" lat="49.00034161465" lon="8.39998554833" />
  <node id="28946" visible="true" version="1" lat="49.00034075763" lon="8.39998614155" />
  <node id="28947" visible="true" version="1" lat="49.00033991246" lon="8.39998680738" />
  <node id="28948" visible="true" version="1" lat="49.00033907865" lon="8.39998754271" />
  <node id="28949" visible="true" version="1" lat="49.00033825567" lon="8.39998834443" />
  <node id="28950" visible="true" version="1" lat="49.00033744304" lon="8.39998920943" />
  <node id="28951" visible="true" version="1" lat="49.00033664026" lon="8.3999901346" />
  <node id="28952" visible="true" version="1" lat="49.00033584683" lon="8.39999111683" />
  <node id="28953" visible="true" version="1" lat="49.00033506221" lon="8.39999215302" />
  <node id="28954" visible="true" version="1" lat="49.00033428593" lon="8.39999324006" />
  <node id="28955" visible="true" version="1" lat="49.00033351748" lon="8.39999437483" />
  <node id="28956" visible="true" version="1" lat="49.00033275635" lon="8.39999555424" />
  <node id="28957" visible="true" version="1" lat="49.00033200204" lon="8.39999677517" />
  <node id="28958" visible="true" version="1" lat="49.00033125402" lon="8.39999803454" />
  <node id="28959" visible="true" version="1" lat="49.00033051183" lon="8.3999993292" />
  <node id="28960" visible="true" version="1" lat="49.00032977492" lon="8.40000065606" />
  <way id="23033" visible="true" version="1">
    <nd ref="23031" />
    <nd ref="23032" />
  </way>
  <way id="23036" visible="true" version="1">
    <nd ref="23034" />
    <nd ref="23035" />
  </way>
  <way id="23039" visible="true" version="1">
    <nd ref="23032" />
    <nd ref="23038" />
  </way>
  <way id="23041" visible="true" version="1">
    <nd ref="23035" />
    <nd ref="23040" />
  </way>
  <way id="23692" visible="true" version="1">
    <nd ref="23043" />
    <nd ref="23044" />
    <nd ref="23045" />
    <nd ref="23046" />
    <nd ref="23047" />
    <nd ref="23048" />
    <nd ref="23049" />
    <nd ref="23050" />
    <nd ref="23051" />
    <nd ref="23052" />
    <nd ref="23053" />
    <nd ref="23054" />
    <nd ref="23055" />
    <nd ref="23056" />
    <nd ref="23057" />
    <nd ref="23058" />
    <nd ref="23059" />
    <nd ref="23060" />
    <nd ref="23061" />
    <nd ref="23062" />
    <nd ref="23063" />
    <nd ref="23064" />
    <nd ref="23065" />
    <nd ref="23066" />
    <nd ref="23067" />
    <nd ref="23068" />
    <nd ref="23069" />
  </way>
  <way id="23693" visible="true" version="1">
    <nd ref="23369" />
    <nd ref="23370" />
    <nd ref="23371" />
    <nd ref="23372" />
    <nd ref="23373" />
    <nd ref="23374" />
    <nd ref="23375" />
    <nd ref="23376" />
    <nd ref="23377" />
    <nd ref="23378" />
    <nd ref="23379" />
    <nd ref="23380" />
    <nd ref="23381" />
    <nd ref="23382" />
    <nd ref="23383" />
    <nd ref="23384" />
    <nd ref="23385" />
    <nd ref="23386" />
    <nd ref="23387" />
    <nd ref="23388" />
    <nd ref="23389" />
    <nd ref="23390" />
    <nd ref="23391" />
    <nd ref="23392" />
    <nd ref="23393" />
    <nd ref="23394" />
    <nd ref="23395" />
    <nd ref="23396" />
    <nd ref="23397" />
    <nd ref="23398" />
    <nd ref="23399" />
    <nd ref="23400" />
    <nd ref="23401" />
    <nd ref="23402" />
  </way>
  <way id="23695" visible="true" version="1">
    <nd ref="23069" />
    <nd ref="23070" />
    <nd ref="23071" />
    <nd ref="23072" />
    <nd ref="23073" />
    <nd ref="23074" />
    <nd ref="23075" />
    <nd ref="23076" />
    <nd ref="23077" />
    <nd ref="23078" />
    <nd ref="23079" />
    <nd ref="23080" />
    <nd ref="23081" />
    <nd ref="23082" />
    <nd ref="23083" />
    <nd ref="23084" />
    <nd ref="23085" />
    <nd ref="23086" />
    <nd ref="23087" />
    <nd ref="23088" />
    <nd ref="23089" />
    <nd ref="23090" />
    <nd ref="23091" />
    <nd ref="23092" />
    <nd ref="23093" />
    <nd ref="23094" />
    <nd ref="23095" />
  </way>
  <way id="23696" visible="true" version="1">
    <nd ref="23402" />
    <nd ref="23403" />
    <nd ref="23404" />
    <nd ref="23405" />
    <nd ref="23406" />
    <nd ref="23407" />
    <nd ref="23408" />
    <nd ref="23409" />
    <nd ref="23410" />
    <nd ref="23411" />
    <nd ref="23412" />
    <nd ref="23413" />
    <nd ref="23414" />
    <nd ref="23415" />
    <nd ref="23416" />
    <nd ref="23417" />
    <nd ref="23418" />
    <nd ref="23419" />
    <nd ref="23420" />
    <nd ref="23421" />
    <nd ref="23422" />
    <nd ref="23423" />
    <nd ref="23424" />
    <nd ref="23425" />
    <nd ref="23426" />
    <nd ref="23427" />
  </way>
  <way id="23698" visible="true" version="1">
    <nd ref="23095" />
    <nd ref="23096" />
    <nd ref="23097" />
    <nd ref="23098" />
    <nd ref="23099" />
    <nd ref="23100" />
    <nd ref="23101" />
    <nd ref="23102" />
    <nd ref="23103" />
    <nd ref="23104" />
    <nd ref="23105" />
    <nd ref="23106" />
    <nd ref="23107" />
    <nd ref="23108" />
    <nd ref="23109" />
    <nd ref="23110" />
    <nd ref="23111" />
    <nd ref="23112" />
    <nd ref="23113" />
    <nd ref="23114" />
    <nd ref="23115" />
    <nd ref="23116" />
    <nd ref="23117" />
    <nd ref="23118" />
    <nd ref="23119" />
    <nd ref="23120" />
    <nd ref="23121" />
    <nd ref="23122" />
    <nd ref="23123" />
    <nd ref="23124" />
    <nd ref="23125" />
    <nd ref="23126" />
    <nd ref="23127" />
    <nd ref="23128" />
    <nd ref="23129" />
    <nd ref="23130" />
    <nd ref="23131" />
    <nd ref="23132" />
    <nd ref="23133" />
    <nd ref="23134" />
    <nd ref="23135" />
    <nd ref="23136" />
    <nd ref="23137" />
    <nd ref="23138" />
    <nd ref="23139" />
    <nd ref="23140" />
    <nd ref="23141" />
    <nd ref="23142" />
    <nd ref="23143" />
    <nd ref="23144" />
    <nd ref="23145" />
    <nd ref="23146" />
    <nd ref="23147" />
    <nd ref="23148" />
    <nd ref="23149" />
    <nd ref="23150" />
    <nd ref="23151" />
    <nd ref="23152" />
    <nd ref="23153" />
    <nd ref="23154" />
  </way>
  <way id="23699" visible="true" version="1">
    <nd ref="23427" />
    <nd ref="23428" />
    <nd ref="23429" />
    <nd ref="23430" />
    <nd ref="23431" />
    <nd ref="23432" />
    <nd ref="23433" />
    <nd ref="23434" />
    <nd ref="23435" />
    <nd ref="23436" />
    <nd ref="23437" />
    <nd ref="23438" />
    <nd ref="23439" />
    <nd ref="23440" />
    <nd ref="23441" />
    <nd ref="23442" />
    <nd ref="23443" />
    <nd ref="23444" />
    <nd ref="23445" />
    <nd ref="23446" />
    <nd ref="23447" />
    <nd ref="23448" />
    <nd ref="23449" />
    <nd ref="23450" />
    <nd ref="23451" />
    <nd ref="23452" />
    <nd ref="23453" />
    <nd ref="23454" />
    <nd ref="23455" />
    <nd ref="23456" />
    <nd ref="23457" />
    <nd ref="23458" />
    <nd ref="23459" />
    <nd ref="23460" />
    <nd ref="23461" />
    <nd ref="23462" />
    <nd ref="23463" />
    <nd ref="23464" />
    <nd ref="23465" />
    <nd ref="23466" />
    <nd ref="23467" />
    <nd ref="23468" />
    <nd ref="23469" />
    <nd ref="23470" />
    <nd ref="23471" />
    <nd ref="23472" />
    <nd ref="23473" />
    <nd ref="23474" />
    <nd ref="23475" />
    <nd ref="23476" />
    <nd ref="23477" />
    <nd ref="23478" />
    <nd ref="23479" />
    <nd ref="23480" />
    <nd ref="23481" />
    <nd ref="23482" />
    <nd ref="23483" />
    <nd ref="23484" />
    <nd ref="23485" />
    <nd ref="23486" />
    <nd ref="23487" />
  </way>
  <way id="23701" visible="true" version="1">
    <nd ref="23154" />
    <nd ref="23155" />
    <nd ref="23156" />
    <nd ref="23157" />
    <nd ref="23158" />
    <nd ref="23159" />
    <nd ref="23160" />
    <nd ref="23161" />
    <nd ref="23162" />
    <nd ref="23163" />
    <nd ref="23164" />
    <nd ref="23165" />
    <nd ref="23166" />
    <nd ref="23167" />
    <nd ref="23168" />
    <nd ref="23169" />
  </way>
  <way id="23702" visible="true" version="1">
    <nd ref="23487" />
    <nd ref="23488" />
    <nd ref="23489" />
    <nd ref="23490" />
    <nd ref="23491" />
    <nd ref="23492" />
    <nd ref="23493" />
    <nd ref="23494" />
    <nd ref="23495" />
    <nd ref="23496" />
    <nd ref="23497" />
    <nd ref="23498" />
    <nd ref="23499" />
    <nd ref="23500" />
    <nd ref="23501" />
    <nd ref="23502" />
  </way>
  <way id="23704" visible="true" version="1">
    <nd ref="23169" />
    <nd ref="23170" />
    <nd ref="23171" />
    <nd ref="23172" />
    <nd ref="23173" />
    <nd ref="23174" />
    <nd ref="23175" />
    <nd ref="23176" />
    <nd ref="23177" />
    <nd ref="23178" />
    <nd ref="23179" />
    <nd ref="23180" />
    <nd ref="23181" />
    <nd ref="23182" />
    <nd ref="23183" />
    <nd ref="23184" />
    <nd ref="23185" />
    <nd ref="23186" />
    <nd ref="23187" />
    <nd ref="23188" />
    <nd ref="23189" />
    <nd ref="23190" />
    <nd ref="23191" />
    <nd ref="23192" />
    <nd ref="23193" />
    <nd ref="23194" />
    <nd ref="23195" />
    <nd ref="23196" />
    <nd ref="23197" />
    <nd ref="23198" />
    <nd ref="23199" />
    <nd ref="23200" />
    <nd ref="23201" />
    <nd ref="23202" />
    <nd ref="23203" />
    <nd ref="23204" />
    <nd ref="23205" />
    <nd ref="23206" />
    <nd ref="23207" />
    <nd ref="23208" />
    <nd ref="23209" />
    <nd ref="23210" />
    <nd ref="23211" />
    <nd ref="23212" />
    <nd ref="23213" />
    <nd ref="23214" />
    <nd ref="23215" />
    <nd ref="23216" />
    <nd ref="23217" />
    <nd ref="23218" />
    <nd ref="23219" />
    <nd ref="23220" />
    <nd ref="23221" />
    <nd ref="23222" />
    <nd ref="23223" />
    <nd ref="23224" />
    <nd ref="23225" />
    <nd ref="23226" />
    <nd ref="23227" />
    <nd ref="23228" />
    <nd ref="23229" />
    <nd ref="23230" />
    <nd ref="23231" />
    <nd ref="23232" />
    <nd ref="23233" />
    <nd ref="23234" />
    <nd ref="23235" />
    <nd ref="23236" />
    <nd ref="23237" />
    <nd ref="23238" />
    <nd ref="23239" />
    <nd ref="23240" />
    <nd ref="23241" />
    <nd ref="23242" />
    <nd ref="23243" />
    <nd ref="23244" />
    <nd ref="23245" />
    <nd ref="23246" />
    <nd ref="23247" />
    <nd ref="23248" />
    <nd ref="23249" />
    <nd ref="23250" />
    <nd ref="23251" />
    <nd ref="23252" />
    <nd ref="23253" />
    <nd ref="23254" />
    <nd ref="23255" />
    <nd ref="23256" />
    <nd ref="23257" />
    <nd ref="23258" />
    <nd ref="23259" />
    <nd ref="23260" />
    <nd ref="23261" />
    <nd ref="23262" />
    <nd ref="23263" />
    <nd ref="23264" />
    <nd ref="23265" />
    <nd ref="23266" />
    <nd ref="23267" />
    <nd ref="23268" />
    <nd ref="23269" />
    <nd ref="23270" />
    <nd ref="23271" />
    <nd ref="23272" />
    <nd ref="23273" />
    <nd ref="23274" />
    <nd ref="23275" />
    <nd ref="23276" />
    <nd ref="23277" />
    <nd ref="23278" />
    <nd ref="23279" />
    <nd ref="23280" />
  </way>
  <way id="23705" visible="true" version="1">
    <nd ref="23502" />
    <nd ref="23503" />
    <nd ref="23504" />
    <nd ref="23505" />
    <nd ref="23506" />
    <nd ref="23507" />
    <nd ref="23508" />
    <nd ref="23509" />
    <nd ref="23510" />
    <nd ref="23511" />
    <nd ref="23512" />
    <nd ref="23513" />
    <nd ref="23514" />
    <nd ref="23515" />
    <nd ref="23516" />
    <nd ref="23517" />
    <nd ref="23518" />
    <nd ref="23519" />
    <nd ref="23520" />
    <nd ref="23521" />
    <nd ref="23522" />
    <nd ref="23523" />
    <nd ref="23524" />
    <nd ref="23525" />
    <nd ref="23526" />
    <nd ref="23527" />
    <nd ref="23528" />
    <nd ref="23529" />
    <nd ref="23530" />
    <nd ref="23531" />
    <nd ref="23532" />
    <nd ref="23533" />
    <nd ref="23534" />
    <nd ref="23535" />
    <nd ref="23536" />
    <nd ref="23537" />
    <nd ref="23538" />
    <nd ref="23539" />
    <nd ref="23540" />
    <nd ref="23541" />
    <nd ref="23542" />
    <nd ref="23543" />
    <nd ref="23544" />
    <nd ref="23545" />
    <nd ref="23546" />
    <nd ref="23547" />
    <nd ref="23548" />
    <nd ref="23549" />
    <nd ref="23550" />
    <nd ref="23551" />
    <nd ref="23552" />
    <nd ref="23553" />
    <nd ref="23554" />
    <nd ref="23555" />
    <nd ref="23556" />
    <nd ref="23557" />
    <nd ref="23558" />
    <nd ref="23559" />
    <nd ref="23560" />
    <nd ref="23561" />
    <nd ref="23562" />
    <nd ref="23563" />
    <nd ref="23564" />
    <nd ref="23565" />
    <nd ref="23566" />
    <nd ref="23567" />
    <nd ref="23568" />
    <nd ref="23569" />
    <nd ref="23570" />
    <nd ref="23571" />
    <nd ref="23572" />
    <nd ref="23573" />
    <nd ref="23574" />
    <nd ref="23575" />
    <nd ref="23576" />
    <nd ref="23577" />
    <nd ref="23578" />
    <nd ref="23579" />
    <nd ref="23580" />
    <nd ref="23581" />
    <nd ref="23582" />
    <nd ref="23583" />
    <nd ref="23584" />
    <nd ref="23585" />
    <nd ref="23586" />
    <nd ref="23587" />
    <nd ref="23588" />
    <nd ref="23589" />
    <nd ref="23590" />
    <nd ref="23591" />
    <nd ref="23592" />
    <nd ref="23593" />
    <nd ref="23594" />
    <nd ref="23595" />
    <nd ref="23596" />
    <nd ref="23597" />
    <nd ref="23598" />
    <nd ref="23599" />
    <nd ref="23600" />
    <nd ref="23601" />
    <nd ref="23602" />
    <nd ref="23603" />
    <nd ref="23604" />
    <nd ref="23605" />
    <nd ref="23606" />
    <nd ref="23607" />
  </way>
  <way id="23707" visible="true" version="1">
    <nd ref="23280" />
    <nd ref="23281" />
    <nd ref="23282" />
    <nd ref="23283" />
    <nd ref="23284" />
    <nd ref="23285" />
    <nd ref="23286" />
    <nd ref="23287" />
    <nd ref="23288" />
    <nd ref="23289" />
    <nd ref="23290" />
    <nd ref="23291" />
    <nd ref="23292" />
    <nd ref="23293" />
    <nd ref="23294" />
    <nd ref="23295" />
    <nd ref="23296" />
    <nd ref="23297" />
    <nd ref="23298" />
    <nd ref="23299" />
    <nd ref="23300" />
    <nd ref="23301" />
    <nd ref="23302" />
    <nd ref="23303" />
    <nd ref="23304" />
  </way>
  <way id="23708" visible="true" version="1">
    <nd ref="23607" />
    <nd ref="23608" />
    <nd ref="23609" />
    <nd ref="23610" />
    <nd ref="23611" />
    <nd ref="23612" />
    <nd ref="23613" />
    <nd ref="23614" />
    <nd ref="23615" />
    <nd ref="23616" />
    <nd ref="23617" />
    <nd ref="23618" />
    <nd ref="23619" />
    <nd ref="23620" />
    <nd ref="23621" />
    <nd ref="23622" />
    <nd ref="23623" />
    <nd ref="23624" />
    <nd ref="23625" />
    <nd ref="23626" />
    <nd ref="23627" />
    <nd ref="23628" />
    <nd ref="23629" />
    <nd ref="23630" />
    <nd ref="23631" />
  </way>
  <way id="23710" visible="true" version="1">
    <nd ref="23304" />
    <nd ref="23305" />
    <nd ref="23306" />
    <nd ref="23307" />
    <nd ref="23308" />
    <nd ref="23309" />
    <nd ref="23310" />
    <nd ref="23311" />
    <nd ref="23312" />
    <nd ref="23313" />
    <nd ref="23314" />
    <nd ref="23315" />
    <nd ref="23316" />
    <nd ref="23317" />
    <nd ref="23318" />
    <nd ref="23319" />
    <nd ref="23320" />
    <nd ref="23321" />
    <nd ref="23322" />
    <nd ref="23323" />
    <nd ref="23324" />
    <nd ref="23325" />
    <nd ref="23326" />
    <nd ref="23327" />
    <nd ref="23328" />
    <nd ref="23329" />
    <nd ref="23330" />
    <nd ref="23331" />
    <nd ref="23332" />
    <nd ref="23333" />
    <nd ref="23334" />
    <nd ref="23335" />
    <nd ref="23336" />
    <nd ref="23337" />
    <nd ref="23338" />
    <nd ref="23339" />
    <nd ref="23340" />
    <nd ref="23341" />
    <nd ref="23342" />
    <nd ref="23343" />
    <nd ref="23344" />
    <nd ref="23345" />
    <nd ref="23346" />
    <nd ref="23347" />
    <nd ref="23348" />
    <nd ref="23349" />
    <nd ref="23350" />
    <nd ref="23351" />
    <nd ref="23352" />
    <nd ref="23353" />
    <nd ref="23354" />
    <nd ref="23355" />
    <nd ref="23356" />
    <nd ref="23357" />
    <nd ref="23358" />
    <nd ref="23359" />
    <nd ref="23360" />
    <nd ref="23361" />
    <nd ref="23362" />
    <nd ref="23363" />
    <nd ref="23364" />
    <nd ref="23365" />
    <nd ref="23366" />
    <nd ref="23367" />
    <nd ref="23368" />
  </way>
  <way id="23711" visible="true" version="1">
    <nd ref="23631" />
    <nd ref="23632" />
    <nd ref="23633" />
    <nd ref="23634" />
    <nd ref="23635" />
    <nd ref="23636" />
    <nd ref="23637" />
    <nd ref="23638" />
    <nd ref="23639" />
    <nd ref="23640" />
    <nd ref="23641" />
    <nd ref="23642" />
    <nd ref="23643" />
    <nd ref="23644" />
    <nd ref="23645" />
    <nd ref="23646" />
    <nd ref="23647" />
    <nd ref="23648" />
    <nd ref="23649" />
    <nd ref="23650" />
    <nd ref="23651" />
    <nd ref="23652" />
    <nd ref="23653" />
    <nd ref="23654" />
    <nd ref="23655" />
    <nd ref="23656" />
    <nd ref="23657" />
    <nd ref="23658" />
    <nd ref="23659" />
    <nd ref="23660" />
    <nd ref="23661" />
    <nd ref="23662" />
    <nd ref="23663" />
    <nd ref="23664" />
    <nd ref="23665" />
    <nd ref="23666" />
    <nd ref="23667" />
    <nd ref="23668" />
    <nd ref="23669" />
    <nd ref="23670" />
    <nd ref="23671" />
    <nd ref="23672" />
    <nd ref="23673" />
    <nd ref="23674" />
    <nd ref="23675" />
    <nd ref="23676" />
    <nd ref="23677" />
    <nd ref="23678" />
    <nd ref="23679" />
    <nd ref="23680" />
    <nd ref="23681" />
    <nd ref="23682" />
    <nd ref="23683" />
    <nd ref="23684" />
    <nd ref="23685" />
    <nd ref="23686" />
    <nd ref="23687" />
    <nd ref="23688" />
    <nd ref="23689" />
    <nd ref="23690" />
    <nd ref="23691" />
  </way>
  <way id="24366" visible="true" version="1">
    <nd ref="23713" />
    <nd ref="23714" />
    <nd ref="23715" />
    <nd ref="23716" />
    <nd ref="23717" />
    <nd ref="23718" />
    <nd ref="23719" />
    <nd ref="23720" />
    <nd ref="23721" />
    <nd ref="23722" />
    <nd ref="23723" />
    <nd ref="23724" />
    <nd ref="23725" />
    <nd ref="23726" />
    <nd ref="23727" />
    <nd ref="23728" />
    <nd ref="23729" />
    <nd ref="23730" />
    <nd ref="23731" />
    <nd ref="23732" />
    <nd ref="23733" />
    <nd ref="23734" />
    <nd ref="23735" />
    <nd ref="23736" />
  </way>
  <way id="24367" visible="true" version="1">
    <nd ref="24047" />
    <nd ref="24048" />
    <nd ref="24049" />
    <nd ref="24050" />
    <nd ref="24051" />
    <nd ref="24052" />
    <nd ref="24053" />
    <nd ref="24054" />
    <nd ref="24055" />
    <nd ref="24056" />
    <nd ref="24057" />
    <nd ref="24058" />
    <nd ref="24059" />
    <nd ref="24060" />
    <nd ref="24061" />
    <nd ref="24062" />
    <nd ref="24063" />
    <nd ref="24064" />
    <nd ref="24065" />
    <nd ref="24066" />
    <nd ref="24067" />
    <nd ref="24068" />
    <nd ref="24069" />
  </way>
  <way id="24369" visible="true" version="1">
    <nd ref="23736" />
    <nd ref="23737" />
    <nd ref="23738" />
    <nd ref="23739" />
    <nd ref="23740" />
    <nd ref="23741" />
    <nd ref="23742" />
    <nd ref="23743" />
    <nd ref="23744" />
    <nd ref="23745" />
    <nd ref="23746" />
    <nd ref="23747" />
    <nd ref="23748" />
    <nd ref="23749" />
    <nd ref="23750" />
    <nd ref="23751" />
    <nd ref="23752" />
    <nd ref="23753" />
  </way>
  <way id="24370" visible="true" version="1">
    <nd ref="24069" />
    <nd ref="24070" />
    <nd ref="24071" />
    <nd ref="24072" />
    <nd ref="24073" />
    <nd ref="24074" />
    <nd ref="24075" />
    <nd ref="24076" />
    <nd ref="24077" />
    <nd ref="24078" />
    <nd ref="24079" />
    <nd ref="24080" />
    <nd ref="24081" />
    <nd ref="24082" />
    <nd ref="24083" />
    <nd ref="24084" />
    <nd ref="24085" />
    <nd ref="24086" />
    <nd ref="24087" />
  </way>
  <way id="24372" visible="true" version="1">
    <nd ref="23753" />
    <nd ref="23754" />
    <nd ref="23755" />
    <nd ref="23756" />
    <nd ref="23757" />
    <nd ref="23758" />
    <nd ref="23759" />
    <nd ref="23760" />
    <nd ref="23761" />
    <nd ref="23762" />
    <nd ref="23763" />
    <nd ref="23764" />
    <nd ref="23765" />
    <nd ref="23766" />
    <nd ref="23767" />
    <nd ref="23768" />
    <nd ref="23769" />
    <nd ref="23770" />
    <nd ref="23771" />
    <nd ref="23772" />
    <nd ref="23773" />
    <nd ref="23774" />
    <nd ref="23775" />
    <nd ref="23776" />
    <nd ref="23777" />
    <nd ref="23778" />
    <nd ref="23779" />
    <nd ref="23780" />
    <nd ref="23781" />
    <nd ref="23782" />
    <nd ref="23783" />
    <nd ref="23784" />
    <nd ref="23785" />
    <nd ref="23786" />
    <nd ref="23787" />
    <nd ref="23788" />
    <nd ref="23789" />
    <nd ref="23790" />
    <nd ref="23791" />
    <nd ref="23792" />
    <nd ref="23793" />
    <nd ref="23794" />
    <nd ref="23795" />
    <nd ref="23796" />
    <nd ref="23797" />
    <nd ref="23798" />
    <nd ref="23799" />
    <nd ref="23800" />
    <nd ref="23801" />
    <nd ref="23802" />
    <nd ref="23803" />
    <nd ref="23804" />
    <nd ref="23805" />
    <nd ref="23806" />
    <nd ref="23807" />
    <nd ref="23808" />
    <nd ref="23809" />
    <nd ref="23810" />
    <nd ref="23811" />
    <nd ref="23812" />
    <nd ref="23813" />
    <nd ref="23814" />
    <nd ref="23815" />
    <nd ref="23816" />
    <nd ref="23817" />
    <nd ref="23818" />
    <nd ref="23819" />
    <nd ref="23820" />
    <nd ref="23821" />
    <nd ref="23822" />
    <nd ref="23823" />
    <nd ref="23824" />
    <nd ref="23825" />
    <nd ref="23826" />
    <nd ref="23827" />
    <nd ref="23828" />
    <nd ref="23829" />
    <nd ref="23830" />
    <nd ref="23831" />
    <nd ref="23832" />
    <nd ref="23833" />
    <nd ref="23834" />
    <nd ref="23835" />
    <nd ref="23836" />
    <nd ref="23837" />
    <nd ref="23838" />
    <nd ref="23839" />
    <nd ref="23840" />
    <nd ref="23841" />
    <nd ref="23842" />
    <nd ref="23843" />
    <nd ref="23844" />
    <nd ref="23845" />
    <nd ref="23846" />
    <nd ref="23847" />
    <nd ref="23848" />
    <nd ref="23849" />
    <nd ref="23850" />
    <nd ref="23851" />
    <nd ref="23852" />
    <nd ref="23853" />
    <nd ref="23854" />
    <nd ref="23855" />
    <nd ref="23856" />
    <nd ref="23857" />
    <nd ref="23858" />
    <nd ref="23859" />
    <nd ref="23860" />
    <nd ref="23861" />
    <nd ref="23862" />
    <nd ref="23863" />
    <nd ref="23864" />
    <nd ref="23865" />
    <nd ref="23866" />
    <nd ref="23867" />
    <nd ref="23868" />
    <nd ref="23869" />
    <nd ref="23870" />
    <nd ref="23871" />
    <nd ref="23872" />
    <nd ref="23873" />
    <nd ref="23874" />
    <nd ref="23875" />
    <nd ref="23876" />
    <nd ref="23877" />
    <nd ref="23878" />
    <nd ref="23879" />
    <nd ref="23880" />
    <nd ref="23881" />
    <nd ref="23882" />
    <nd ref="23883" />
    <nd ref="23884" />
    <nd ref="23885" />
    <nd ref="23886" />
    <nd ref="23887" />
    <nd ref="23888" />
    <nd ref="23889" />
    <nd ref="23890" />
    <nd ref="23891" />
    <nd ref="23892" />
    <nd ref="23893" />
    <nd ref="23894" />
    <nd ref="23895" />
    <nd ref="23896" />
    <nd ref="23897" />
    <nd ref="23898" />
    <nd ref="23899" />
    <nd ref="23900" />
    <nd ref="23901" />
    <nd ref="23902" />
    <nd ref="23903" />
    <nd ref="23904" />
    <nd ref="23905" />
    <nd ref="23906" />
    <nd ref="23907" />
    <nd ref="23908" />
    <nd ref="23909" />
    <nd ref="23910" />
    <nd ref="23911" />
    <nd ref="23912" />
    <nd ref="23913" />
    <nd ref="23914" />
    <nd ref="23915" />
    <nd ref="23916" />
    <nd ref="23917" />
    <nd ref="23918" />
    <nd ref="23919" />
    <nd ref="23920" />
    <nd ref="23921" />
    <nd ref="23922" />
    <nd ref="23923" />
    <nd ref="23924" />
    <nd ref="23925" />
    <nd ref="23926" />
    <nd ref="23927" />
    <nd ref="23928" />
    <nd ref="23929" />
    <nd ref="23930" />
    <nd ref="23931" />
    <nd ref="23932" />
    <nd ref="23933" />
    <nd ref="23934" />
    <nd ref="23935" />
    <nd ref="23936" />
    <nd ref="23937" />
    <nd ref="23938" />
    <nd ref="23939" />
    <nd ref="23940" />
    <nd ref="23941" />
    <nd ref="23942" />
    <nd ref="23943" />
    <nd ref="23944" />
    <nd ref="23945" />
    <nd ref="23946" />
    <nd ref="23947" />
    <nd ref="23948" />
    <nd ref="23949" />
    <nd ref="23950" />
    <nd ref="23951" />
    <nd ref="23952" />
    <nd ref="23953" />
    <nd ref="23954" />
    <nd ref="23955" />
    <nd ref="23956" />
  </way>
  <way id="24373" visible="true" version="1">
    <nd ref="24087" />
    <nd ref="24088" />
    <nd ref="24089" />
    <nd ref="24090" />
    <nd ref="24091" />
    <nd ref="24092" />
    <nd ref="24093" />
    <nd ref="24094" />
    <nd ref="24095" />
    <nd ref="24096" />
    <nd ref="24097" />
    <nd ref="24098" />
    <nd ref="24099" />
    <nd ref="24100" />
    <nd ref="24101" />
    <nd ref="24102" />
    <nd ref="24103" />
    <nd ref="24104" />
    <nd ref="24105" />
    <nd ref="24106" />
    <nd ref="24107" />
    <nd ref="24108" />
    <nd ref="24109" />
    <nd ref="24110" />
    <nd ref="24111" />
    <nd ref="24112" />
    <nd ref="24113" />
    <nd ref="24114" />
    <nd ref="24115" />
    <nd ref="24116" />
    <nd ref="24117" />
    <nd ref="24118" />
    <nd ref="24119" />
    <nd ref="24120" />
    <nd ref="24121" />
    <nd ref="24122" />
    <nd ref="24123" />
    <nd ref="24124" />
    <nd ref="24125" />
    <nd ref="24126" />
    <nd ref="24127" />
    <nd ref="24128" />
    <nd ref="24129" />
    <nd ref="24130" />
    <nd ref="24131" />
    <nd ref="24132" />
    <nd ref="24133" />
    <nd ref="24134" />
    <nd ref="24135" />
    <nd ref="24136" />
    <nd ref="24137" />
    <nd ref="24138" />
    <nd ref="24139" />
    <nd ref="24140" />
    <nd ref="24141" />
    <nd ref="24142" />
    <nd ref="24143" />
    <nd ref="24144" />
    <nd ref="24145" />
    <nd ref="24146" />
    <nd ref="24147" />
    <nd ref="24148" />
    <nd ref="24149" />
    <nd ref="24150" />
    <nd ref="24151" />
    <nd ref="24152" />
    <nd ref="24153" />
    <nd ref="24154" />
    <nd ref="24155" />
    <nd ref="24156" />
    <nd ref="24157" />
    <nd ref="24158" />
    <nd ref="24159" />
    <nd ref="24160" />
    <nd ref="24161" />
    <nd ref="24162" />
    <nd ref="24163" />
    <nd ref="24164" />
    <nd ref="24165" />
    <nd ref="24166" />
    <nd ref="24167" />
    <nd ref="24168" />
    <nd ref="24169" />
    <nd ref="24170" />
    <nd ref="24171" />
    <nd ref="24172" />
    <nd ref="24173" />
    <nd ref="24174" />
    <nd ref="24175" />
    <nd ref="24176" />
    <nd ref="24177" />
    <nd ref="24178" />
    <nd ref="24179" />
    <nd ref="24180" />
    <nd ref="24181" />
    <nd ref="24182" />
    <nd ref="24183" />
    <nd ref="24184" />
    <nd ref="24185" />
    <nd ref="24186" />
    <nd ref="24187" />
    <nd ref="24188" />
    <nd ref="24189" />
    <nd ref="24190" />
    <nd ref="24191" />
    <nd ref="24192" />
    <nd ref="24193" />
    <nd ref="24194" />
    <nd ref="24195" />
    <nd ref="24196" />
    <nd ref="24197" />
    <nd ref="24198" />
    <nd ref="24199" />
    <nd ref="24200" />
    <nd ref="24201" />
    <nd ref="24202" />
    <nd ref="24203" />
    <nd ref="24204" />
    <nd ref="24205" />
    <nd ref="24206" />
    <nd ref="24207" />
    <nd ref="24208" />
    <nd ref="24209" />
    <nd ref="24210" />
    <nd ref="24211" />
    <nd ref="24212" />
    <nd ref="24213" />
    <nd ref="24214" />
    <nd ref="24215" />
    <nd ref="24216" />
    <nd ref="24217" />
    <nd ref="24218" />
    <nd ref="24219" />
    <nd ref="24220" />
    <nd ref="24221" />
    <nd ref="24222" />
    <nd ref="24223" />
    <nd ref="24224" />
    <nd ref="24225" />
    <nd ref="24226" />
    <nd ref="24227" />
    <nd ref="24228" />
    <nd ref="24229" />
    <nd ref="24230" />
    <nd ref="24231" />
    <nd ref="24232" />
    <nd ref="24233" />
    <nd ref="24234" />
    <nd ref="24235" />
    <nd ref="24236" />
    <nd ref="24237" />
    <nd ref="24238" />
    <nd ref="24239" />
    <nd ref="24240" />
    <nd ref="24241" />
    <nd ref="24242" />
    <nd ref="24243" />
    <nd ref="24244" />
    <nd ref="24245" />
    <nd ref="24246" />
    <nd ref="24247" />
    <nd ref="24248" />
    <nd ref="24249" />
    <nd ref="24250" />
    <nd ref="24251" />
    <nd ref="24252" />
    <nd ref="24253" />
    <nd ref="24254" />
    <nd ref="24255" />
    <nd ref="24256" />
    <nd ref="24257" />
    <nd ref="24258" />
    <nd ref="24259" />
    <nd ref="24260" />
    <nd ref="24261" />
    <nd ref="24262" />
    <nd ref="24263" />
    <nd ref="24264" />
    <nd ref="24265" />
    <nd ref="24266" />
    <nd ref="24267" />
    <nd ref="24268" />
    <nd ref="24269" />
    <nd ref="24270" />
    <nd ref="24271" />
    <nd ref="24272" />
    <nd ref="24273" />
    <nd ref="24274" />
  </way>
  <way id="24375" visible="true" version="1">
    <nd ref="23956" />
    <nd ref="23957" />
    <nd ref="23958" />
    <nd ref="23959" />
    <nd ref="23960" />
    <nd ref="23961" />
    <nd ref="23962" />
    <nd ref="23963" />
    <nd ref="23964" />
    <nd ref="23965" />
    <nd ref="23966" />
    <nd ref="23967" />
    <nd ref="23968" />
    <nd ref="23969" />
    <nd ref="23970" />
    <nd ref="23971" />
    <nd ref="23972" />
    <nd ref="23973" />
    <nd ref="23974" />
    <nd ref="23975" />
    <nd ref="23976" />
  </way>
  <way id="24376" visible="true" version="1">
    <nd ref="24274" />
    <nd ref="24275" />
    <nd ref="24276" />
    <nd ref="24277" />
    <nd ref="24278" />
    <nd ref="24279" />
    <nd ref="24280" />
    <nd ref="24281" />
    <nd ref="24282" />
    <nd ref="24283" />
    <nd ref="24284" />
    <nd ref="24285" />
    <nd ref="24286" />
    <nd ref="24287" />
    <nd ref="24288" />
    <nd ref="24289" />
    <nd ref="24290" />
    <nd ref="24291" />
    <nd ref="24292" />
    <nd ref="24293" />
    <nd ref="24294" />
    <nd ref="24295" />
  </way>
  <way id="24378" visible="true" version="1">
    <nd ref="23976" />
    <nd ref="23977" />
    <nd ref="23978" />
    <nd ref="23979" />
    <nd ref="23980" />
    <nd ref="23981" />
    <nd ref="23982" />
    <nd ref="23983" />
    <nd ref="23984" />
    <nd ref="23985" />
    <nd ref="23986" />
    <nd ref="23987" />
    <nd ref="23988" />
    <nd ref="23989" />
    <nd ref="23990" />
    <nd ref="23991" />
    <nd ref="23992" />
    <nd ref="23993" />
    <nd ref="23994" />
    <nd ref="23995" />
    <nd ref="23996" />
    <nd ref="23997" />
    <nd ref="23998" />
    <nd ref="23999" />
    <nd ref="24000" />
    <nd ref="24001" />
    <nd ref="24002" />
    <nd ref="24003" />
    <nd ref="24004" />
    <nd ref="24005" />
    <nd ref="24006" />
    <nd ref="24007" />
    <nd ref="24008" />
    <nd ref="24009" />
    <nd ref="24010" />
    <nd ref="24011" />
    <nd ref="24012" />
    <nd ref="24013" />
    <nd ref="24014" />
    <nd ref="24015" />
    <nd ref="24016" />
    <nd ref="24017" />
    <nd ref="24018" />
    <nd ref="24019" />
    <nd ref="24020" />
    <nd ref="24021" />
    <nd ref="24022" />
    <nd ref="24023" />
    <nd ref="24024" />
    <nd ref="24025" />
    <nd ref="24026" />
    <nd ref="24027" />
    <nd ref="24028" />
    <nd ref="24029" />
    <nd ref="24030" />
    <nd ref="24031" />
    <nd ref="24032" />
    <nd ref="24033" />
    <nd ref="24034" />
    <nd ref="24035" />
    <nd ref="24036" />
    <nd ref="24037" />
    <nd ref="24038" />
    <nd ref="24039" />
    <nd ref="24040" />
    <nd ref="24041" />
    <nd ref="24042" />
    <nd ref="24043" />
    <nd ref="24044" />
    <nd ref="24045" />
    <nd ref="24046" />
  </way>
  <way id="24379" visible="true" version="1">
    <nd ref="24295" />
    <nd ref="24296" />
    <nd ref="24297" />
    <nd ref="24298" />
    <nd ref="24299" />
    <nd ref="24300" />
    <nd ref="24301" />
    <nd ref="24302" />
    <nd ref="24303" />
    <nd ref="24304" />
    <nd ref="24305" />
    <nd ref="24306" />
    <nd ref="24307" />
    <nd ref="24308" />
    <nd ref="24309" />
    <nd ref="24310" />
    <nd ref="24311" />
    <nd ref="24312" />
    <nd ref="24313" />
    <nd ref="24314" />
    <nd ref="24315" />
    <nd ref="24316" />
    <nd ref="24317" />
    <nd ref="24318" />
    <nd ref="24319" />
    <nd ref="24320" />
    <nd ref="24321" />
    <nd ref="24322" />
    <nd ref="24323" />
    <nd ref="24324" />
    <nd ref="24325" />
    <nd ref="24326" />
    <nd ref="24327" />
    <nd ref="24328" />
    <nd ref="24329" />
    <nd ref="24330" />
    <nd ref="24331" />
    <nd ref="24332" />
    <nd ref="24333" />
    <nd ref="24334" />
    <nd ref="24335" />
    <nd ref="24336" />
    <nd ref="24337" />
    <nd ref="24338" />
    <nd ref="24339" />
    <nd ref="24340" />
    <nd ref="24341" />
    <nd ref="24342" />
    <nd ref="24343" />
    <nd ref="24344" />
    <nd ref="24345" />
    <nd ref="24346" />
    <nd ref="24347" />
    <nd ref="24348" />
    <nd ref="24349" />
    <nd ref="24350" />
    <nd ref="24351" />
    <nd ref="24352" />
    <nd ref="24353" />
    <nd ref="24354" />
    <nd ref="24355" />
    <nd ref="24356" />
    <nd ref="24357" />
    <nd ref="24358" />
    <nd ref="24359" />
    <nd ref="24360" />
    <nd ref="24361" />
    <nd ref="24362" />
    <nd ref="24363" />
    <nd ref="24364" />
    <nd ref="24365" />
  </way>
  <way id="25488" visible="true" version="1">
    <nd ref="24381" />
    <nd ref="24382" />
    <nd ref="24383" />
    <nd ref="24384" />
    <nd ref="24385" />
    <nd ref="24386" />
    <nd ref="24387" />
    <nd ref="24388" />
    <nd ref="24389" />
    <nd ref="24390" />
    <nd ref="24391" />
    <nd ref="24392" />
    <nd ref="24393" />
    <nd ref="24394" />
    <nd ref="24395" />
    <nd ref="24396" />
    <nd ref="24397" />
    <nd ref="24398" />
    <nd ref="24399" />
    <nd ref="24400" />
    <nd ref="24401" />
    <nd ref="24402" />
    <nd ref="24403" />
    <nd ref="24404" />
    <nd ref="24405" />
    <nd ref="24406" />
    <nd ref="24407" />
  </way>
  <way id="25489" visible="true" version="1">
    <nd ref="24946" />
    <nd ref="24947" />
    <nd ref="24948" />
    <nd ref="24949" />
    <nd ref="24950" />
    <nd ref="24951" />
    <nd ref="24952" />
    <nd ref="24953" />
    <nd ref="24954" />
    <nd ref="24955" />
    <nd ref="24956" />
    <nd ref="24957" />
    <nd ref="24958" />
    <nd ref="24959" />
    <nd ref="24960" />
    <nd ref="24961" />
    <nd ref="24962" />
    <nd ref="24963" />
    <nd ref="24964" />
    <nd ref="24965" />
    <nd ref="24966" />
    <nd ref="24967" />
    <nd ref="24968" />
    <nd ref="24969" />
    <nd ref="24970" />
    <nd ref="24971" />
    <nd ref="24972" />
    <nd ref="24973" />
    <nd ref="24974" />
    <nd ref="24975" />
    <nd ref="24976" />
    <nd ref="24977" />
    <nd ref="24978" />
  </way>
  <way id="25491" visible="true" version="1">
    <nd ref="24407" />
    <nd ref="24408" />
    <nd ref="24409" />
    <nd ref="24410" />
    <nd ref="24411" />
    <nd ref="24412" />
    <nd ref="24413" />
    <nd ref="24414" />
    <nd ref="24415" />
    <nd ref="24416" />
    <nd ref="24417" />
    <nd ref="24418" />
    <nd ref="24419" />
    <nd ref="24420" />
    <nd ref="24421" />
    <nd ref="24422" />
  </way>
  <way id="25492" visible="true" version="1">
    <nd ref="24978" />
    <nd ref="24979" />
    <nd ref="24980" />
    <nd ref="24981" />
    <nd ref="24982" />
    <nd ref="24983" />
    <nd ref="24984" />
    <nd ref="24985" />
    <nd ref="24986" />
    <nd ref="24987" />
    <nd ref="24988" />
    <nd ref="24989" />
    <nd ref="24990" />
    <nd ref="24991" />
    <nd ref="24992" />
    <nd ref="24993" />
  </way>
  <way id="25494" visible="true" version="1">
    <nd ref="24422" />
    <nd ref="24423" />
    <nd ref="24424" />
    <nd ref="24425" />
    <nd ref="24426" />
    <nd ref="24427" />
    <nd ref="24428" />
    <nd ref="24429" />
    <nd ref="24430" />
    <nd ref="24431" />
    <nd ref="24432" />
    <nd ref="24433" />
    <nd ref="24434" />
    <nd ref="24435" />
    <nd ref="24436" />
    <nd ref="24437" />
    <nd ref="24438" />
    <nd ref="24439" />
    <nd ref="24440" />
    <nd ref="24441" />
    <nd ref="24442" />
    <nd ref="24443" />
    <nd ref="24444" />
    <nd ref="24445" />
    <nd ref="24446" />
    <nd ref="24447" />
    <nd ref="24448" />
    <nd ref="24449" />
    <nd ref="24450" />
    <nd ref="24451" />
    <nd ref="24452" />
    <nd ref="24453" />
    <nd ref="24454" />
    <nd ref="24455" />
    <nd ref="24456" />
    <nd ref="24457" />
    <nd ref="24458" />
    <nd ref="24459" />
    <nd ref="24460" />
    <nd ref="24461" />
    <nd ref="24462" />
    <nd ref="24463" />
    <nd ref="24464" />
    <nd ref="24465" />
    <nd ref="24466" />
    <nd ref="24467" />
    <nd ref="24468" />
    <nd ref="24469" />
    <nd ref="24470" />
    <nd ref="24471" />
    <nd ref="24472" />
    <nd ref="24473" />
    <nd ref="24474" />
    <nd ref="24475" />
    <nd ref="24476" />
    <nd ref="24477" />
    <nd ref="24478" />
    <nd ref="24479" />
    <nd ref="24480" />
    <nd ref="24481" />
    <nd ref="24482" />
    <nd ref="24483" />
    <nd ref="24484" />
    <nd ref="24485" />
    <nd ref="24486" />
    <nd ref="24487" />
    <nd ref="24488" />
    <nd ref="24489" />
    <nd ref="24490" />
    <nd ref="24491" />
    <nd ref="24492" />
    <nd ref="24493" />
    <nd ref="24494" />
    <nd ref="24495" />
    <nd ref="24496" />
    <nd ref="24497" />
    <nd ref="24498" />
    <nd ref="24499" />
    <nd ref="24500" />
    <nd ref="24501" />
    <nd ref="24502" />
    <nd ref="24503" />
    <nd ref="24504" />
    <nd ref="24505" />
    <nd ref="24506" />
    <nd ref="24507" />
    <nd ref="24508" />
    <nd ref="24509" />
    <nd ref="24510" />
    <nd ref="24511" />
    <nd ref="24512" />
    <nd ref="24513" />
    <nd ref="24514" />
    <nd ref="24515" />
    <nd ref="24516" />
    <nd ref="24517" />
    <nd ref="24518" />
    <nd ref="24519" />
    <nd ref="24520" />
    <nd ref="24521" />
    <nd ref="24522" />
    <nd ref="24523" />
    <nd ref="24524" />
    <nd ref="24525" />
    <nd ref="24526" />
    <nd ref="24527" />
    <nd ref="24528" />
    <nd ref="24529" />
    <nd ref="24530" />
    <nd ref="24531" />
    <nd ref="24532" />
    <nd ref="24533" />
    <nd ref="24534" />
    <nd ref="24535" />
    <nd ref="24536" />
    <nd ref="24537" />
    <nd ref="24538" />
    <nd ref="24539" />
    <nd ref="24540" />
    <nd ref="24541" />
    <nd ref="24542" />
    <nd ref="24543" />
    <nd ref="24544" />
    <nd ref="24545" />
    <nd ref="24546" />
    <nd ref="24547" />
    <nd ref="24548" />
    <nd ref="24549" />
    <nd ref="24550" />
    <nd ref="24551" />
    <nd ref="24552" />
  </way>
  <way id="25495" visible="true" version="1">
    <nd ref="24993" />
    <nd ref="24994" />
    <nd ref="24995" />
    <nd ref="24996" />
    <nd ref="24997" />
    <nd ref="24998" />
    <nd ref="24999" />
    <nd ref="25000" />
    <nd ref="25001" />
    <nd ref="25002" />
    <nd ref="25003" />
    <nd ref="25004" />
    <nd ref="25005" />
    <nd ref="25006" />
    <nd ref="25007" />
    <nd ref="25008" />
    <nd ref="25009" />
    <nd ref="25010" />
    <nd ref="25011" />
    <nd ref="25012" />
    <nd ref="25013" />
    <nd ref="25014" />
    <nd ref="25015" />
    <nd ref="25016" />
    <nd ref="25017" />
    <nd ref="25018" />
    <nd ref="25019" />
    <nd ref="25020" />
    <nd ref="25021" />
    <nd ref="25022" />
    <nd ref="25023" />
    <nd ref="25024" />
    <nd ref="25025" />
    <nd ref="25026" />
    <nd ref="25027" />
    <nd ref="25028" />
    <nd ref="25029" />
    <nd ref="25030" />
    <nd ref="25031" />
    <nd ref="25032" />
    <nd ref="25033" />
    <nd ref="25034" />
    <nd ref="25035" />
    <nd ref="25036" />
    <nd ref="25037" />
    <nd ref="25038" />
    <nd ref="25039" />
    <nd ref="25040" />
    <nd ref="25041" />
    <nd ref="25042" />
    <nd ref="25043" />
    <nd ref="25044" />
    <nd ref="25045" />
    <nd ref="25046" />
    <nd ref="25047" />
    <nd ref="25048" />
    <nd ref="25049" />
    <nd ref="25050" />
    <nd ref="25051" />
    <nd ref="25052" />
    <nd ref="25053" />
    <nd ref="25054" />
    <nd ref="25055" />
    <nd ref="25056" />
    <nd ref="25057" />
    <nd ref="25058" />
    <nd ref="25059" />
    <nd ref="25060" />
    <nd ref="25061" />
    <nd ref="25062" />
    <nd ref="25063" />
    <nd ref="25064" />
    <nd ref="25065" />
    <nd ref="25066" />
    <nd ref="25067" />
    <nd ref="25068" />
    <nd ref="25069" />
    <nd ref="25070" />
    <nd ref="25071" />
    <nd ref="25072" />
    <nd ref="25073" />
    <nd ref="25074" />
    <nd ref="25075" />
    <nd ref="25076" />
    <nd ref="25077" />
    <nd ref="25078" />
    <nd ref="25079" />
    <nd ref="25080" />
    <nd ref="25081" />
    <nd ref="25082" />
    <nd ref="25083" />
    <nd ref="25084" />
    <nd ref="25085" />
    <nd ref="25086" />
    <nd ref="25087" />
    <nd ref="25088" />
    <nd ref="25089" />
    <nd ref="25090" />
    <nd ref="25091" />
    <nd ref="25092" />
    <nd ref="25093" />
    <nd ref="25094" />
    <nd ref="25095" />
    <nd ref="25096" />
    <nd ref="25097" />
    <nd ref="25098" />
    <nd ref="25099" />
    <nd ref="25100" />
    <nd ref="25101" />
    <nd ref="25102" />
    <nd ref="25103" />
    <nd ref="25104" />
    <nd ref="25105" />
    <nd ref="25106" />
    <nd ref="25107" />
    <nd ref="25108" />
    <nd ref="25109" />
    <nd ref="25110" />
    <nd ref="25111" />
    <nd ref="25112" />
    <nd ref="25113" />
    <nd ref="25114" />
    <nd ref="25115" />
    <nd ref="25116" />
    <nd ref="25117" />
    <nd ref="25118" />
    <nd ref="25119" />
    <nd ref="25120" />
    <nd ref="25121" />
    <nd ref="25122" />
    <nd ref="25123" />
    <nd ref="25124" />
  </way>
  <way id="25497" visible="true" version="1">
    <nd ref="24552" />
    <nd ref="24553" />
    <nd ref="24554" />
    <nd ref="24555" />
    <nd ref="24556" />
    <nd ref="24557" />
    <nd ref="24558" />
    <nd ref="24559" />
    <nd ref="24560" />
    <nd ref="24561" />
    <nd ref="24562" />
    <nd ref="24563" />
    <nd ref="24564" />
    <nd ref="24565" />
    <nd ref="24566" />
    <nd ref="24567" />
    <nd ref="24568" />
  </way>
  <way id="25498" visible="true" version="1">
    <nd ref="25124" />
    <nd ref="25125" />
    <nd ref="25126" />
    <nd ref="25127" />
    <nd ref="25128" />
    <nd ref="25129" />
    <nd ref="25130" />
    <nd ref="25131" />
    <nd ref="25132" />
    <nd ref="25133" />
    <nd ref="25134" />
    <nd ref="25135" />
    <nd ref="25136" />
    <nd ref="25137" />
    <nd ref="25138" />
    <nd ref="25139" />
    <nd ref="25140" />
  </way>
  <way id="25500" visible="true" version="1">
    <nd ref="24568" />
    <nd ref="24569" />
    <nd ref="24570" />
    <nd ref="24571" />
    <nd ref="24572" />
    <nd ref="24573" />
    <nd ref="24574" />
    <nd ref="24575" />
    <nd ref="24576" />
    <nd ref="24577" />
    <nd ref="24578" />
    <nd ref="24579" />
    <nd ref="24580" />
    <nd ref="24581" />
    <nd ref="24582" />
    <nd ref="24583" />
    <nd ref="24584" />
    <nd ref="24585" />
    <nd ref="24586" />
    <nd ref="24587" />
    <nd ref="24588" />
    <nd ref="24589" />
    <nd ref="24590" />
    <nd ref="24591" />
    <nd ref="24592" />
    <nd ref="24593" />
    <nd ref="24594" />
    <nd ref="24595" />
    <nd ref="24596" />
    <nd ref="24597" />
    <nd ref="24598" />
    <nd ref="24599" />
    <nd ref="24600" />
    <nd ref="24601" />
    <nd ref="24602" />
    <nd ref="24603" />
    <nd ref="24604" />
    <nd ref="24605" />
    <nd ref="24606" />
    <nd ref="24607" />
    <nd ref="24608" />
    <nd ref="24609" />
    <nd ref="24610" />
    <nd ref="24611" />
    <nd ref="24612" />
    <nd ref="24613" />
    <nd ref="24614" />
    <nd ref="24615" />
    <nd ref="24616" />
    <nd ref="24617" />
    <nd ref="24618" />
    <nd ref="24619" />
    <nd ref="24620" />
    <nd ref="24621" />
    <nd ref="24622" />
    <nd ref="24623" />
    <nd ref="24624" />
    <nd ref="24625" />
    <nd ref="24626" />
    <nd ref="24627" />
    <nd ref="24628" />
    <nd ref="24629" />
    <nd ref="24630" />
    <nd ref="24631" />
    <nd ref="24632" />
    <nd ref="24633" />
    <nd ref="24634" />
    <nd ref="24635" />
    <nd ref="24636" />
    <nd ref="24637" />
    <nd ref="24638" />
    <nd ref="24639" />
    <nd ref="24640" />
    <nd ref="24641" />
    <nd ref="24642" />
    <nd ref="24643" />
    <nd ref="24644" />
    <nd ref="24645" />
    <nd ref="24646" />
    <nd ref="24647" />
    <nd ref="24648" />
    <nd ref="24649" />
    <nd ref="24650" />
    <nd ref="24651" />
    <nd ref="24652" />
    <nd ref="24653" />
    <nd ref="24654" />
    <nd ref="24655" />
    <nd ref="24656" />
    <nd ref="24657" />
    <nd ref="24658" />
    <nd ref="24659" />
    <nd ref="24660" />
    <nd ref="24661" />
    <nd ref="24662" />
    <nd ref="24663" />
    <nd ref="24664" />
    <nd ref="24665" />
    <nd ref="24666" />
    <nd ref="24667" />
    <nd ref="24668" />
    <nd ref="24669" />
    <nd ref="24670" />
    <nd ref="24671" />
    <nd ref="24672" />
    <nd ref="24673" />
    <nd ref="24674" />
    <nd ref="24675" />
    <nd ref="24676" />
    <nd ref="24677" />
    <nd ref="24678" />
    <nd ref="24679" />
    <nd ref="24680" />
    <nd ref="24681" />
    <nd ref="24682" />
    <nd ref="24683" />
    <nd ref="24684" />
    <nd ref="24685" />
    <nd ref="24686" />
    <nd ref="24687" />
    <nd ref="24688" />
    <nd ref="24689" />
    <nd ref="24690" />
  </way>
  <way id="25501" visible="true" version="1">
    <nd ref="25140" />
    <nd ref="25141" />
    <nd ref="25142" />
    <nd ref="25143" />
    <nd ref="25144" />
    <nd ref="25145" />
    <nd ref="25146" />
    <nd ref="25147" />
    <nd ref="25148" />
    <nd ref="25149" />
    <nd ref="25150" />
    <nd ref="25151" />
    <nd ref="25152" />
    <nd ref="25153" />
    <nd ref="25154" />
    <nd ref="25155" />
    <nd ref="25156" />
    <nd ref="25157" />
    <nd ref="25158" />
    <nd ref="25159" />
    <nd ref="25160" />
    <nd ref="25161" />
    <nd ref="25162" />
    <nd ref="25163" />
    <nd ref="25164" />
    <nd ref="25165" />
    <nd ref="25166" />
    <nd ref="25167" />
    <nd ref="25168" />
    <nd ref="25169" />
    <nd ref="25170" />
    <nd ref="25171" />
    <nd ref="25172" />
    <nd ref="25173" />
    <nd ref="25174" />
    <nd ref="25175" />
    <nd ref="25176" />
    <nd ref="25177" />
    <nd ref="25178" />
    <nd ref="25179" />
    <nd ref="25180" />
    <nd ref="25181" />
    <nd ref="25182" />
    <nd ref="25183" />
    <nd ref="25184" />
    <nd ref="25185" />
    <nd ref="25186" />
    <nd ref="25187" />
    <nd ref="25188" />
    <nd ref="25189" />
    <nd ref="25190" />
    <nd ref="25191" />
    <nd ref="25192" />
    <nd ref="25193" />
    <nd ref="25194" />
    <nd ref="25195" />
    <nd ref="25196" />
    <nd ref="25197" />
    <nd ref="25198" />
    <nd ref="25199" />
    <nd ref="25200" />
    <nd ref="25201" />
    <nd ref="25202" />
    <nd ref="25203" />
    <nd ref="25204" />
    <nd ref="25205" />
    <nd ref="25206" />
    <nd ref="25207" />
    <nd ref="25208" />
    <nd ref="25209" />
    <nd ref="25210" />
    <nd ref="25211" />
    <nd ref="25212" />
    <nd ref="25213" />
    <nd ref="25214" />
    <nd ref="25215" />
    <nd ref="25216" />
    <nd ref="25217" />
    <nd ref="25218" />
    <nd ref="25219" />
    <nd ref="25220" />
    <nd ref="25221" />
    <nd ref="25222" />
    <nd ref="25223" />
    <nd ref="25224" />
    <nd ref="25225" />
    <nd ref="25226" />
    <nd ref="25227" />
    <nd ref="25228" />
    <nd ref="25229" />
    <nd ref="25230" />
    <nd ref="25231" />
    <nd ref="25232" />
    <nd ref="25233" />
    <nd ref="25234" />
    <nd ref="25235" />
    <nd ref="25236" />
    <nd ref="25237" />
    <nd ref="25238" />
    <nd ref="25239" />
    <nd ref="25240" />
    <nd ref="25241" />
    <nd ref="25242" />
    <nd ref="25243" />
    <nd ref="25244" />
    <nd ref="25245" />
    <nd ref="25246" />
    <nd ref="25247" />
    <nd ref="25248" />
    <nd ref="25249" />
    <nd ref="25250" />
    <nd ref="25251" />
    <nd ref="25252" />
    <nd ref="25253" />
    <nd ref="25254" />
    <nd ref="25255" />
    <nd ref="25256" />
    <nd ref="25257" />
  </way>
  <way id="25503" visible="true" version="1">
    <nd ref="24690" />
    <nd ref="24691" />
    <nd ref="24692" />
    <nd ref="24693" />
    <nd ref="24694" />
    <nd ref="24695" />
    <nd ref="24696" />
    <nd ref="24697" />
    <nd ref="24698" />
    <nd ref="24699" />
    <nd ref="24700" />
    <nd ref="24701" />
    <nd ref="24702" />
    <nd ref="24703" />
    <nd ref="24704" />
    <nd ref="24705" />
    <nd ref="24706" />
    <nd ref="24707" />
    <nd ref="24708" />
    <nd ref="24709" />
    <nd ref="24710" />
    <nd ref="24711" />
    <nd ref="24712" />
    <nd ref="24713" />
    <nd ref="24714" />
    <nd ref="24715" />
    <nd ref="24716" />
    <nd ref="24717" />
    <nd ref="24718" />
    <nd ref="24719" />
    <nd ref="24720" />
    <nd ref="24721" />
    <nd ref="24722" />
  </way>
  <way id="25504" visible="true" version="1">
    <nd ref="25257" />
    <nd ref="25258" />
    <nd ref="25259" />
    <nd ref="25260" />
    <nd ref="25261" />
    <nd ref="25262" />
    <nd ref="25263" />
    <nd ref="25264" />
    <nd ref="25265" />
    <nd ref="25266" />
    <nd ref="25267" />
    <nd ref="25268" />
    <nd ref="25269" />
    <nd ref="25270" />
    <nd ref="25271" />
    <nd ref="25272" />
    <nd ref="25273" />
    <nd ref="25274" />
    <nd ref="25275" />
    <nd ref="25276" />
    <nd ref="25277" />
    <nd ref="25278" />
    <nd ref="25279" />
    <nd ref="25280" />
    <nd ref="25281" />
    <nd ref="25282" />
    <nd ref="25283" />
  </way>
  <way id="25506" visible="true" version="1">
    <nd ref="24722" />
    <nd ref="24723" />
    <nd ref="24724" />
    <nd ref="24725" />
    <nd ref="24726" />
    <nd ref="24727" />
    <nd ref="24728" />
    <nd ref="24729" />
    <nd ref="24730" />
    <nd ref="24731" />
    <nd ref="24732" />
    <nd ref="24733" />
    <nd ref="24734" />
    <nd ref="24735" />
    <nd ref="24736" />
    <nd ref="24737" />
    <nd ref="24738" />
    <nd ref="24739" />
    <nd ref="24740" />
    <nd ref="24741" />
    <nd ref="24742" />
    <nd ref="24743" />
    <nd ref="24744" />
    <nd ref="24745" />
    <nd ref="24746" />
    <nd ref="24747" />
    <nd ref="24748" />
    <nd ref="24749" />
    <nd ref="24750" />
    <nd ref="24751" />
    <nd ref="24752" />
    <nd ref="24753" />
    <nd ref="24754" />
    <nd ref="24755" />
    <nd ref="24756" />
    <nd ref="24757" />
    <nd ref="24758" />
    <nd ref="24759" />
    <nd ref="24760" />
    <nd ref="24761" />
    <nd ref="24762" />
    <nd ref="24763" />
    <nd ref="24764" />
    <nd ref="24765" />
    <nd ref="24766" />
    <nd ref="24767" />
    <nd ref="24768" />
    <nd ref="24769" />
    <nd ref="24770" />
    <nd ref="24771" />
    <nd ref="24772" />
    <nd ref="24773" />
    <nd ref="24774" />
    <nd ref="24775" />
    <nd ref="24776" />
    <nd ref="24777" />
    <nd ref="24778" />
    <nd ref="24779" />
    <nd ref="24780" />
    <nd ref="24781" />
    <nd ref="24782" />
    <nd ref="24783" />
    <nd ref="24784" />
    <nd ref="24785" />
    <nd ref="24786" />
    <nd ref="24787" />
    <nd ref="24788" />
    <nd ref="24789" />
    <nd ref="24790" />
    <nd ref="24791" />
    <nd ref="24792" />
    <nd ref="24793" />
    <nd ref="24794" />
    <nd ref="24795" />
    <nd ref="24796" />
    <nd ref="24797" />
    <nd ref="24798" />
    <nd ref="24799" />
    <nd ref="24800" />
    <nd ref="24801" />
    <nd ref="24802" />
    <nd ref="24803" />
    <nd ref="24804" />
    <nd ref="24805" />
    <nd ref="24806" />
    <nd ref="24807" />
    <nd ref="24808" />
    <nd ref="24809" />
    <nd ref="24810" />
    <nd ref="24811" />
    <nd ref="24812" />
    <nd ref="24813" />
    <nd ref="24814" />
    <nd ref="24815" />
    <nd ref="24816" />
    <nd ref="24817" />
    <nd ref="24818" />
    <nd ref="24819" />
    <nd ref="24820" />
    <nd ref="24821" />
    <nd ref="24822" />
    <nd ref="24823" />
    <nd ref="24824" />
    <nd ref="24825" />
    <nd ref="24826" />
    <nd ref="24827" />
    <nd ref="24828" />
    <nd ref="24829" />
    <nd ref="24830" />
    <nd ref="24831" />
    <nd ref="24832" />
    <nd ref="24833" />
    <nd ref="24834" />
    <nd ref="24835" />
    <nd ref="24836" />
    <nd ref="24837" />
    <nd ref="24838" />
    <nd ref="24839" />
    <nd ref="24840" />
    <nd ref="24841" />
    <nd ref="24842" />
    <nd ref="24843" />
    <nd ref="24844" />
    <nd ref="24845" />
    <nd ref="24846" />
    <nd ref="24847" />
    <nd ref="24848" />
    <nd ref="24849" />
    <nd ref="24850" />
    <nd ref="24851" />
    <nd ref="24852" />
    <nd ref="24853" />
    <nd ref="24854" />
    <nd ref="24855" />
    <nd ref="24856" />
    <nd ref="24857" />
    <nd ref="24858" />
    <nd ref="24859" />
    <nd ref="24860" />
    <nd ref="24861" />
    <nd ref="24862" />
    <nd ref="24863" />
    <nd ref="24864" />
    <nd ref="24865" />
    <nd ref="24866" />
    <nd ref="24867" />
    <nd ref="24868" />
    <nd ref="24869" />
    <nd ref="24870" />
    <nd ref="24871" />
    <nd ref="24872" />
    <nd ref="24873" />
    <nd ref="24874" />
    <nd ref="24875" />
    <nd ref="24876" />
    <nd ref="24877" />
    <nd ref="24878" />
    <nd ref="24879" />
    <nd ref="24880" />
    <nd ref="24881" />
    <nd ref="24882" />
    <nd ref="24883" />
    <nd ref="24884" />
  </way>
  <way id="25507" visible="true" version="1">
    <nd ref="25283" />
    <nd ref="25284" />
    <nd ref="25285" />
    <nd ref="25286" />
    <nd ref="25287" />
    <nd ref="25288" />
    <nd ref="25289" />
    <nd ref="25290" />
    <nd ref="25291" />
    <nd ref="25292" />
    <nd ref="25293" />
    <nd ref="25294" />
    <nd ref="25295" />
    <nd ref="25296" />
    <nd ref="25297" />
    <nd ref="25298" />
    <nd ref="25299" />
    <nd ref="25300" />
    <nd ref="25301" />
    <nd ref="25302" />
    <nd ref="25303" />
    <nd ref="25304" />
    <nd ref="25305" />
    <nd ref="25306" />
    <nd ref="25307" />
    <nd ref="25308" />
    <nd ref="25309" />
    <nd ref="25310" />
    <nd ref="25311" />
    <nd ref="25312" />
    <nd ref="25313" />
    <nd ref="25314" />
    <nd ref="25315" />
    <nd ref="25316" />
    <nd ref="25317" />
    <nd ref="25318" />
    <nd ref="25319" />
    <nd ref="25320" />
    <nd ref="25321" />
    <nd ref="25322" />
    <nd ref="25323" />
    <nd ref="25324" />
    <nd ref="25325" />
    <nd ref="25326" />
    <nd ref="25327" />
    <nd ref="25328" />
    <nd ref="25329" />
    <nd ref="25330" />
    <nd ref="25331" />
    <nd ref="25332" />
    <nd ref="25333" />
    <nd ref="25334" />
    <nd ref="25335" />
    <nd ref="25336" />
    <nd ref="25337" />
    <nd ref="25338" />
    <nd ref="25339" />
    <nd ref="25340" />
    <nd ref="25341" />
    <nd ref="25342" />
    <nd ref="25343" />
    <nd ref="25344" />
    <nd ref="25345" />
    <nd ref="25346" />
    <nd ref="25347" />
    <nd ref="25348" />
    <nd ref="25349" />
    <nd ref="25350" />
    <nd ref="25351" />
    <nd ref="25352" />
    <nd ref="25353" />
    <nd ref="25354" />
    <nd ref="25355" />
    <nd ref="25356" />
    <nd ref="25357" />
    <nd ref="25358" />
    <nd ref="25359" />
    <nd ref="25360" />
    <nd ref="25361" />
    <nd ref="25362" />
    <nd ref="25363" />
    <nd ref="25364" />
    <nd ref="25365" />
    <nd ref="25366" />
    <nd ref="25367" />
    <nd ref="25368" />
    <nd ref="25369" />
    <nd ref="25370" />
    <nd ref="25371" />
    <nd ref="25372" />
    <nd ref="25373" />
    <nd ref="25374" />
    <nd ref="25375" />
    <nd ref="25376" />
    <nd ref="25377" />
    <nd ref="25378" />
    <nd ref="25379" />
    <nd ref="25380" />
    <nd ref="25381" />
    <nd ref="25382" />
    <nd ref="25383" />
    <nd ref="25384" />
    <nd ref="25385" />
    <nd ref="25386" />
    <nd ref="25387" />
    <nd ref="25388" />
    <nd ref="25389" />
    <nd ref="25390" />
    <nd ref="25391" />
    <nd ref="25392" />
    <nd ref="25393" />
    <nd ref="25394" />
    <nd ref="25395" />
    <nd ref="25396" />
    <nd ref="25397" />
    <nd ref="25398" />
    <nd ref="25399" />
    <nd ref="25400" />
    <nd ref="25401" />
    <nd ref="25402" />
    <nd ref="25403" />
    <nd ref="25404" />
    <nd ref="25405" />
    <nd ref="25406" />
    <nd ref="25407" />
    <nd ref="25408" />
    <nd ref="25409" />
    <nd ref="25410" />
    <nd ref="25411" />
    <nd ref="25412" />
    <nd ref="25413" />
    <nd ref="25414" />
    <nd ref="25415" />
    <nd ref="25416" />
    <nd ref="25417" />
    <nd ref="25418" />
    <nd ref="25419" />
    <nd ref="25420" />
    <nd ref="25421" />
    <nd ref="25422" />
    <nd ref="25423" />
    <nd ref="25424" />
    <nd ref="25425" />
    <nd ref="25426" />
    <nd ref="25427" />
    <nd ref="25428" />
    <nd ref="25429" />
    <nd ref="25430" />
    <nd ref="25431" />
    <nd ref="25432" />
    <nd ref="25433" />
    <nd ref="25434" />
    <nd ref="25435" />
    <nd ref="25436" />
    <nd ref="25437" />
    <nd ref="25438" />
    <nd ref="25439" />
    <nd ref="25440" />
    <nd ref="25441" />
    <nd ref="25442" />
  </way>
  <way id="25509" visible="true" version="1">
    <nd ref="24884" />
    <nd ref="24885" />
    <nd ref="24886" />
    <nd ref="24887" />
    <nd ref="24888" />
    <nd ref="24889" />
    <nd ref="24890" />
    <nd ref="24891" />
    <nd ref="24892" />
    <nd ref="24893" />
    <nd ref="24894" />
    <nd ref="24895" />
    <nd ref="24896" />
    <nd ref="24897" />
    <nd ref="24898" />
    <nd ref="24899" />
    <nd ref="24900" />
    <nd ref="24901" />
    <nd ref="24902" />
    <nd ref="24903" />
    <nd ref="24904" />
    <nd ref="24905" />
    <nd ref="24906" />
    <nd ref="24907" />
    <nd ref="24908" />
    <nd ref="24909" />
  </way>
  <way id="25510" visible="true" version="1">
    <nd ref="25442" />
    <nd ref="25443" />
    <nd ref="25444" />
    <nd ref="25445" />
    <nd ref="25446" />
    <nd ref="25447" />
    <nd ref="25448" />
    <nd ref="25449" />
    <nd ref="25450" />
    <nd ref="25451" />
    <nd ref="25452" />
    <nd ref="25453" />
    <nd ref="25454" />
    <nd ref="25455" />
    <nd ref="25456" />
    <nd ref="25457" />
    <nd ref="25458" />
    <nd ref="25459" />
    <nd ref="25460" />
    <nd ref="25461" />
    <nd ref="25462" />
    <nd ref="25463" />
    <nd ref="25464" />
    <nd ref="25465" />
    <nd ref="25466" />
  </way>
  <way id="25512" visible="true" version="1">
    <nd ref="24909" />
    <nd ref="24910" />
    <nd ref="24911" />
    <nd ref="24912" />
    <nd ref="24913" />
    <nd ref="24914" />
    <nd ref="24915" />
    <nd ref="24916" />
    <nd ref="24917" />
    <nd ref="24918" />
    <nd ref="24919" />
    <nd ref="24920" />
    <nd ref="24921" />
    <nd ref="24922" />
    <nd ref="24923" />
    <nd ref="24924" />
    <nd ref="24925" />
    <nd ref="24926" />
    <nd ref="24927" />
    <nd ref="24928" />
    <nd ref="24929" />
    <nd ref="24930" />
    <nd ref="24931" />
    <nd ref="24932" />
    <nd ref="24933" />
    <nd ref="24934" />
    <nd ref="24935" />
    <nd ref="24936" />
    <nd ref="24937" />
    <nd ref="24938" />
    <nd ref="24939" />
    <nd ref="24940" />
    <nd ref="24941" />
    <nd ref="24942" />
    <nd ref="24943" />
    <nd ref="24944" />
    <nd ref="24945" />
  </way>
  <way id="25513" visible="true" version="1">
    <nd ref="25466" />
    <nd ref="25467" />
    <nd ref="25468" />
    <nd ref="25469" />
    <nd ref="25470" />
    <nd ref="25471" />
    <nd ref="25472" />
    <nd ref="25473" />
    <nd ref="25474" />
    <nd ref="25475" />
    <nd ref="25476" />
    <nd ref="25477" />
    <nd ref="25478" />
    <nd ref="25479" />
    <nd ref="25480" />
    <nd ref="25481" />
    <nd ref="25482" />
    <nd ref="25483" />
    <nd ref="25484" />
    <nd ref="25485" />
    <nd ref="25486" />
    <nd ref="25487" />
  </way>
  <way id="25517" visible="true" version="1">
    <nd ref="25515" />
    <nd ref="25516" />
  </way>
  <way id="25520" visible="true" version="1">
    <nd ref="25518" />
    <nd ref="25519" />
  </way>
  <way id="25524" visible="true" version="1">
    <nd ref="25522" />
    <nd ref="25523" />
  </way>
  <way id="25527" visible="true" version="1">
    <nd ref="25525" />
    <nd ref="25526" />
  </way>
  <way id="25531" visible="true" version="1">
    <nd ref="25529" />
    <nd ref="25530" />
  </way>
  <way id="25534" visible="true" version="1">
    <nd ref="25532" />
    <nd ref="25533" />
  </way>
  <way id="25629" visible="true" version="1">
    <nd ref="24295" />
    <nd ref="24294" />
    <nd ref="24293" />
    <nd ref="24292" />
    <nd ref="24291" />
    <nd ref="24290" />
    <nd ref="24289" />
    <nd ref="24288" />
    <nd ref="24287" />
    <nd ref="24286" />
    <nd ref="24285" />
    <nd ref="24284" />
    <nd ref="24283" />
    <nd ref="24282" />
    <nd ref="24281" />
    <nd ref="24280" />
    <nd ref="24279" />
    <nd ref="24278" />
    <nd ref="24277" />
    <nd ref="24276" />
    <nd ref="24275" />
    <nd ref="24274" />
  </way>
  <way id="25630" visible="true" version="1">
    <nd ref="23976" />
    <nd ref="23975" />
    <nd ref="23974" />
    <nd ref="23973" />
    <nd ref="23972" />
    <nd ref="23971" />
    <nd ref="23970" />
    <nd ref="23969" />
    <nd ref="23968" />
    <nd ref="23967" />
    <nd ref="23966" />
    <nd ref="23965" />
    <nd ref="23964" />
    <nd ref="23963" />
    <nd ref="23962" />
    <nd ref="23961" />
    <nd ref="23960" />
    <nd ref="23959" />
    <nd ref="23958" />
    <nd ref="23957" />
    <nd ref="23956" />
  </way>
  <way id="25632" visible="true" version="1">
    <nd ref="25442" />
    <nd ref="25441" />
    <nd ref="25440" />
    <nd ref="25439" />
    <nd ref="25438" />
    <nd ref="25437" />
    <nd ref="25436" />
    <nd ref="25435" />
    <nd ref="25434" />
    <nd ref="25433" />
    <nd ref="25432" />
    <nd ref="25431" />
    <nd ref="25430" />
    <nd ref="25429" />
    <nd ref="25428" />
    <nd ref="25427" />
    <nd ref="25426" />
    <nd ref="25425" />
    <nd ref="25424" />
    <nd ref="25423" />
    <nd ref="25422" />
    <nd ref="25421" />
    <nd ref="25420" />
    <nd ref="25419" />
    <nd ref="25418" />
    <nd ref="25417" />
    <nd ref="25416" />
    <nd ref="25415" />
    <nd ref="25414" />
    <nd ref="25413" />
    <nd ref="25412" />
    <nd ref="25411" />
    <nd ref="25410" />
    <nd ref="25409" />
    <nd ref="25408" />
    <nd ref="25407" />
    <nd ref="25406" />
    <nd ref="25405" />
    <nd ref="25404" />
    <nd ref="25403" />
    <nd ref="25402" />
    <nd ref="25401" />
    <nd ref="25400" />
    <nd ref="25399" />
    <nd ref="25398" />
    <nd ref="25397" />
    <nd ref="25396" />
    <nd ref="25395" />
    <nd ref="25394" />
    <nd ref="25393" />
    <nd ref="25392" />
    <nd ref="25391" />
    <nd ref="25390" />
    <nd ref="25389" />
    <nd ref="25388" />
    <nd ref="25387" />
    <nd ref="25386" />
    <nd ref="25385" />
    <nd ref="25384" />
    <nd ref="25383" />
    <nd ref="25382" />
    <nd ref="25381" />
    <nd ref="25380" />
    <nd ref="25379" />
    <nd ref="25378" />
    <nd ref="25377" />
    <nd ref="25376" />
    <nd ref="25375" />
    <nd ref="25374" />
    <nd ref="25373" />
    <nd ref="25372" />
    <nd ref="25371" />
    <nd ref="25370" />
    <nd ref="25369" />
    <nd ref="25368" />
    <nd ref="25367" />
    <nd ref="25366" />
    <nd ref="25365" />
    <nd ref="25364" />
    <nd ref="25363" />
    <nd ref="25362" />
    <nd ref="25361" />
    <nd ref="25360" />
    <nd ref="25359" />
    <nd ref="25358" />
    <nd ref="25357" />
    <nd ref="25356" />
    <nd ref="25355" />
    <nd ref="25354" />
    <nd ref="25353" />
    <nd ref="25352" />
    <nd ref="25351" />
    <nd ref="25350" />
    <nd ref="25349" />
    <nd ref="25348" />
    <nd ref="25347" />
    <nd ref="25346" />
    <nd ref="25345" />
    <nd ref="25344" />
    <nd ref="25343" />
    <nd ref="25342" />
    <nd ref="25341" />
    <nd ref="25340" />
    <nd ref="25339" />
    <nd ref="25338" />
    <nd ref="25337" />
    <nd ref="25336" />
    <nd ref="25335" />
    <nd ref="25334" />
    <nd ref="25333" />
    <nd ref="25332" />
    <nd ref="25331" />
    <nd ref="25330" />
    <nd ref="25329" />
    <nd ref="25328" />
    <nd ref="25327" />
    <nd ref="25326" />
    <nd ref="25325" />
    <nd ref="25324" />
    <nd ref="25323" />
    <nd ref="25322" />
    <nd ref="25321" />
    <nd ref="25320" />
    <nd ref="25319" />
    <nd ref="25318" />
    <nd ref="25317" />
    <nd ref="25316" />
    <nd ref="25315" />
    <nd ref="25314" />
    <nd ref="25313" />
    <nd ref="25312" />
    <nd ref="25311" />
    <nd ref="25310" />
    <nd ref="25309" />
    <nd ref="25308" />
    <nd ref="25307" />
    <nd ref="25306" />
    <nd ref="25305" />
    <nd ref="25304" />
    <nd ref="25303" />
    <nd ref="25302" />
    <nd ref="25301" />
    <nd ref="25300" />
    <nd ref="25299" />
    <nd ref="25298" />
    <nd ref="25297" />
    <nd ref="25296" />
    <nd ref="25295" />
    <nd ref="25294" />
    <nd ref="25293" />
    <nd ref="25292" />
    <nd ref="25291" />
    <nd ref="25290" />
    <nd ref="25289" />
    <nd ref="25288" />
    <nd ref="25287" />
    <nd ref="25286" />
    <nd ref="25285" />
    <nd ref="25284" />
    <nd ref="25283" />
  </way>
  <way id="25633" visible="true" version="1">
    <nd ref="24884" />
    <nd ref="24883" />
    <nd ref="24882" />
    <nd ref="24881" />
    <nd ref="24880" />
    <nd ref="24879" />
    <nd ref="24878" />
    <nd ref="24877" />
    <nd ref="24876" />
    <nd ref="24875" />
    <nd ref="24874" />
    <nd ref="24873" />
    <nd ref="24872" />
    <nd ref="24871" />
    <nd ref="24870" />
    <nd ref="24869" />
    <nd ref="24868" />
    <nd ref="24867" />
    <nd ref="24866" />
    <nd ref="24865" />
    <nd ref="24864" />
    <nd ref="24863" />
    <nd ref="24862" />
    <nd ref="24861" />
    <nd ref="24860" />
    <nd ref="24859" />
    <nd ref="24858" />
    <nd ref="24857" />
    <nd ref="24856" />
    <nd ref="24855" />
    <nd ref="24854" />
    <nd ref="24853" />
    <nd ref="24852" />
    <nd ref="24851" />
    <nd ref="24850" />
    <nd ref="24849" />
    <nd ref="24848" />
    <nd ref="24847" />
    <nd ref="24846" />
    <nd ref="24845" />
    <nd ref="24844" />
    <nd ref="24843" />
    <nd ref="24842" />
    <nd ref="24841" />
    <nd ref="24840" />
    <nd ref="24839" />
    <nd ref="24838" />
    <nd ref="24837" />
    <nd ref="24836" />
    <nd ref="24835" />
    <nd ref="24834" />
    <nd ref="24833" />
    <nd ref="24832" />
    <nd ref="24831" />
    <nd ref="24830" />
    <nd ref="24829" />
    <nd ref="24828" />
    <nd ref="24827" />
    <nd ref="24826" />
    <nd ref="24825" />
    <nd ref="24824" />
    <nd ref="24823" />
    <nd ref="24822" />
    <nd ref="24821" />
    <nd ref="24820" />
    <nd ref="24819" />
    <nd ref="24818" />
    <nd ref="24817" />
    <nd ref="24816" />
    <nd ref="24815" />
    <nd ref="24814" />
    <nd ref="24813" />
    <nd ref="24812" />
    <nd ref="24811" />
    <nd ref="24810" />
    <nd ref="24809" />
    <nd ref="24808" />
    <nd ref="24807" />
    <nd ref="24806" />
    <nd ref="24805" />
    <nd ref="24804" />
    <nd ref="24803" />
    <nd ref="24802" />
    <nd ref="24801" />
    <nd ref="24800" />
    <nd ref="24799" />
    <nd ref="24798" />
    <nd ref="24797" />
    <nd ref="24796" />
    <nd ref="24795" />
    <nd ref="24794" />
    <nd ref="24793" />
    <nd ref="24792" />
    <nd ref="24791" />
    <nd ref="24790" />
    <nd ref="24789" />
    <nd ref="24788" />
    <nd ref="24787" />
    <nd ref="24786" />
    <nd ref="24785" />
    <nd ref="24784" />
    <nd ref="24783" />
    <nd ref="24782" />
    <nd ref="24781" />
    <nd ref="24780" />
    <nd ref="24779" />
    <nd ref="24778" />
    <nd ref="24777" />
    <nd ref="24776" />
    <nd ref="24775" />
    <nd ref="24774" />
    <nd ref="24773" />
    <nd ref="24772" />
    <nd ref="24771" />
    <nd ref="24770" />
    <nd ref="24769" />
    <nd ref="24768" />
    <nd ref="24767" />
    <nd ref="24766" />
    <nd ref="24765" />
    <nd ref="24764" />
    <nd ref="24763" />
    <nd ref="24762" />
    <nd ref="24761" />
    <nd ref="24760" />
    <nd ref="24759" />
    <nd ref="24758" />
    <nd ref="24757" />
    <nd ref="24756" />
    <nd ref="24755" />
    <nd ref="24754" />
    <nd ref="24753" />
    <nd ref="24752" />
    <nd ref="24751" />
    <nd ref="24750" />
    <nd ref="24749" />
    <nd ref="24748" />
    <nd ref="24747" />
    <nd ref="24746" />
    <nd ref="24745" />
    <nd ref="24744" />
    <nd ref="24743" />
    <nd ref="24742" />
    <nd ref="24741" />
    <nd ref="24740" />
    <nd ref="24739" />
    <nd ref="24738" />
    <nd ref="24737" />
    <nd ref="24736" />
    <nd ref="24735" />
    <nd ref="24734" />
    <nd ref="24733" />
    <nd ref="24732" />
    <nd ref="24731" />
    <nd ref="24730" />
    <nd ref="24729" />
    <nd ref="24728" />
    <nd ref="24727" />
    <nd ref="24726" />
    <nd ref="24725" />
    <nd ref="24724" />
    <nd ref="24723" />
    <nd ref="24722" />
  </way>
  <way id="25635" visible="true" version="1">
    <nd ref="24274" />
    <nd ref="24273" />
    <nd ref="24272" />
    <nd ref="24271" />
    <nd ref="24270" />
    <nd ref="24269" />
    <nd ref="24268" />
    <nd ref="24267" />
    <nd ref="24266" />
    <nd ref="24265" />
    <nd ref="24264" />
    <nd ref="24263" />
    <nd ref="24262" />
    <nd ref="24261" />
    <nd ref="24260" />
    <nd ref="24259" />
    <nd ref="24258" />
    <nd ref="24257" />
    <nd ref="24256" />
    <nd ref="24255" />
    <nd ref="24254" />
    <nd ref="24253" />
    <nd ref="24252" />
    <nd ref="24251" />
    <nd ref="24250" />
    <nd ref="24249" />
    <nd ref="24248" />
    <nd ref="24247" />
    <nd ref="24246" />
    <nd ref="24245" />
    <nd ref="24244" />
    <nd ref="24243" />
    <nd ref="24242" />
    <nd ref="24241" />
    <nd ref="24240" />
    <nd ref="24239" />
    <nd ref="24238" />
    <nd ref="24237" />
    <nd ref="24236" />
    <nd ref="24235" />
    <nd ref="24234" />
    <nd ref="24233" />
    <nd ref="24232" />
    <nd ref="24231" />
    <nd ref="24230" />
    <nd ref="24229" />
    <nd ref="24228" />
    <nd ref="24227" />
    <nd ref="24226" />
    <nd ref="24225" />
    <nd ref="24224" />
    <nd ref="24223" />
    <nd ref="24222" />
    <nd ref="24221" />
    <nd ref="24220" />
    <nd ref="24219" />
    <nd ref="24218" />
    <nd ref="24217" />
    <nd ref="24216" />
    <nd ref="24215" />
    <nd ref="24214" />
    <nd ref="24213" />
    <nd ref="24212" />
    <nd ref="24211" />
    <nd ref="24210" />
    <nd ref="24209" />
    <nd ref="24208" />
    <nd ref="24207" />
    <nd ref="24206" />
    <nd ref="24205" />
    <nd ref="24204" />
    <nd ref="24203" />
    <nd ref="24202" />
    <nd ref="24201" />
    <nd ref="24200" />
    <nd ref="24199" />
    <nd ref="24198" />
    <nd ref="24197" />
    <nd ref="24196" />
    <nd ref="24195" />
    <nd ref="24194" />
    <nd ref="24193" />
    <nd ref="24192" />
    <nd ref="24191" />
    <nd ref="24190" />
    <nd ref="24189" />
    <nd ref="24188" />
    <nd ref="24187" />
    <nd ref="24186" />
    <nd ref="24185" />
    <nd ref="24184" />
    <nd ref="24183" />
    <nd ref="24182" />
    <nd ref="24181" />
    <nd ref="24180" />
    <nd ref="24179" />
    <nd ref="24178" />
    <nd ref="24177" />
    <nd ref="24176" />
    <nd ref="24175" />
    <nd ref="24174" />
    <nd ref="24173" />
    <nd ref="24172" />
    <nd ref="24171" />
    <nd ref="24170" />
    <nd ref="24169" />
    <nd ref="24168" />
    <nd ref="24167" />
    <nd ref="24166" />
    <nd ref="24165" />
    <nd ref="24164" />
    <nd ref="24163" />
    <nd ref="24162" />
    <nd ref="24161" />
    <nd ref="24160" />
    <nd ref="24159" />
    <nd ref="24158" />
    <nd ref="24157" />
    <nd ref="24156" />
    <nd ref="24155" />
    <nd ref="24154" />
    <nd ref="24153" />
    <nd ref="24152" />
    <nd ref="24151" />
    <nd ref="24150" />
    <nd ref="24149" />
    <nd ref="24148" />
    <nd ref="24147" />
    <nd ref="24146" />
    <nd ref="24145" />
    <nd ref="24144" />
    <nd ref="24143" />
    <nd ref="24142" />
    <nd ref="24141" />
    <nd ref="24140" />
    <nd ref="24139" />
    <nd ref="24138" />
    <nd ref="24137" />
    <nd ref="24136" />
    <nd ref="24135" />
    <nd ref="24134" />
    <nd ref="24133" />
    <nd ref="24132" />
    <nd ref="24131" />
    <nd ref="24130" />
    <nd ref="24129" />
    <nd ref="24128" />
    <nd ref="24127" />
    <nd ref="24126" />
    <nd ref="24125" />
    <nd ref="24124" />
    <nd ref="24123" />
    <nd ref="24122" />
    <nd ref="24121" />
    <nd ref="24120" />
    <nd ref="24119" />
    <nd ref="24118" />
    <nd ref="24117" />
    <nd ref="24116" />
    <nd ref="24115" />
    <nd ref="24114" />
    <nd ref="24113" />
    <nd ref="24112" />
    <nd ref="24111" />
    <nd ref="24110" />
    <nd ref="24109" />
    <nd ref="24108" />
    <nd ref="24107" />
    <nd ref="24106" />
    <nd ref="24105" />
    <nd ref="24104" />
    <nd ref="24103" />
    <nd ref="24102" />
    <nd ref="24101" />
    <nd ref="24100" />
    <nd ref="24099" />
    <nd ref="24098" />
    <nd ref="24097" />
    <nd ref="24096" />
    <nd ref="24095" />
    <nd ref="24094" />
    <nd ref="24093" />
    <nd ref="24092" />
    <nd ref="24091" />
    <nd ref="24090" />
    <nd ref="24089" />
    <nd ref="24088" />
    <nd ref="24087" />
  </way>
  <way id="25636" visible="true" version="1">
    <nd ref="23956" />
    <nd ref="23955" />
    <nd ref="23954" />
    <nd ref="23953" />
    <nd ref="23952" />
    <nd ref="23951" />
    <nd ref="23950" />
    <nd ref="23949" />
    <nd ref="23948" />
    <nd ref="23947" />
    <nd ref="23946" />
    <nd ref="23945" />
    <nd ref="23944" />
    <nd ref="23943" />
    <nd ref="23942" />
    <nd ref="23941" />
    <nd ref="23940" />
    <nd ref="23939" />
    <nd ref="23938" />
    <nd ref="23937" />
    <nd ref="23936" />
    <nd ref="23935" />
    <nd ref="23934" />
    <nd ref="23933" />
    <nd ref="23932" />
    <nd ref="23931" />
    <nd ref="23930" />
    <nd ref="23929" />
    <nd ref="23928" />
    <nd ref="23927" />
    <nd ref="23926" />
    <nd ref="23925" />
    <nd ref="23924" />
    <nd ref="23923" />
    <nd ref="23922" />
    <nd ref="23921" />
    <nd ref="23920" />
    <nd ref="23919" />
    <nd ref="23918" />
    <nd ref="23917" />
    <nd ref="23916" />
    <nd ref="23915" />
    <nd ref="23914" />
    <nd ref="23913" />
    <nd ref="23912" />
    <nd ref="23911" />
    <nd ref="23910" />
    <nd ref="23909" />
    <nd ref="23908" />
    <nd ref="23907" />
    <nd ref="23906" />
    <nd ref="23905" />
    <nd ref="23904" />
    <nd ref="23903" />
    <nd ref="23902" />
    <nd ref="23901" />
    <nd ref="23900" />
    <nd ref="23899" />
    <nd ref="23898" />
    <nd ref="23897" />
    <nd ref="23896" />
    <nd ref="23895" />
    <nd ref="23894" />
    <nd ref="23893" />
    <nd ref="23892" />
    <nd ref="23891" />
    <nd ref="23890" />
    <nd ref="23889" />
    <nd ref="23888" />
    <nd ref="23887" />
    <nd ref="23886" />
    <nd ref="23885" />
    <nd ref="23884" />
    <nd ref="23883" />
    <nd ref="23882" />
    <nd ref="23881" />
    <nd ref="23880" />
    <nd ref="23879" />
    <nd ref="23878" />
    <nd ref="23877" />
    <nd ref="23876" />
    <nd ref="23875" />
    <nd ref="23874" />
    <nd ref="23873" />
    <nd ref="23872" />
    <nd ref="23871" />
    <nd ref="23870" />
    <nd ref="23869" />
    <nd ref="23868" />
    <nd ref="23867" />
    <nd ref="23866" />
    <nd ref="23865" />
    <nd ref="23864" />
    <nd ref="23863" />
    <nd ref="23862" />
    <nd ref="23861" />
    <nd ref="23860" />
    <nd ref="23859" />
    <nd ref="23858" />
    <nd ref="23857" />
    <nd ref="23856" />
    <nd ref="23855" />
    <nd ref="23854" />
    <nd ref="23853" />
    <nd ref="23852" />
    <nd ref="23851" />
    <nd ref="23850" />
    <nd ref="23849" />
    <nd ref="23848" />
    <nd ref="23847" />
    <nd ref="23846" />
    <nd ref="23845" />
    <nd ref="23844" />
    <nd ref="23843" />
    <nd ref="23842" />
    <nd ref="23841" />
    <nd ref="23840" />
    <nd ref="23839" />
    <nd ref="23838" />
    <nd ref="23837" />
    <nd ref="23836" />
    <nd ref="23835" />
    <nd ref="23834" />
    <nd ref="23833" />
    <nd ref="23832" />
    <nd ref="23831" />
    <nd ref="23830" />
    <nd ref="23829" />
    <nd ref="23828" />
    <nd ref="23827" />
    <nd ref="23826" />
    <nd ref="23825" />
    <nd ref="23824" />
    <nd ref="23823" />
    <nd ref="23822" />
    <nd ref="23821" />
    <nd ref="23820" />
    <nd ref="23819" />
    <nd ref="23818" />
    <nd ref="23817" />
    <nd ref="23816" />
    <nd ref="23815" />
    <nd ref="23814" />
    <nd ref="23813" />
    <nd ref="23812" />
    <nd ref="23811" />
    <nd ref="23810" />
    <nd ref="23809" />
    <nd ref="23808" />
    <nd ref="23807" />
    <nd ref="23806" />
    <nd ref="23805" />
    <nd ref="23804" />
    <nd ref="23803" />
    <nd ref="23802" />
    <nd ref="23801" />
    <nd ref="23800" />
    <nd ref="23799" />
    <nd ref="23798" />
    <nd ref="23797" />
    <nd ref="23796" />
    <nd ref="23795" />
    <nd ref="23794" />
    <nd ref="23793" />
    <nd ref="23792" />
    <nd ref="23791" />
    <nd ref="23790" />
    <nd ref="23789" />
    <nd ref="23788" />
    <nd ref="23787" />
    <nd ref="23786" />
    <nd ref="23785" />
    <nd ref="23784" />
    <nd ref="23783" />
    <nd ref="23782" />
    <nd ref="23781" />
    <nd ref="23780" />
    <nd ref="23779" />
    <nd ref="23778" />
    <nd ref="23777" />
    <nd ref="23776" />
    <nd ref="23775" />
    <nd ref="23774" />
    <nd ref="23773" />
    <nd ref="23772" />
    <nd ref="23771" />
    <nd ref="23770" />
    <nd ref="23769" />
    <nd ref="23768" />
    <nd ref="23767" />
    <nd ref="23766" />
    <nd ref="23765" />
    <nd ref="23764" />
    <nd ref="23763" />
    <nd ref="23762" />
    <nd ref="23761" />
    <nd ref="23760" />
    <nd ref="23759" />
    <nd ref="23758" />
    <nd ref="23757" />
    <nd ref="23756" />
    <nd ref="23755" />
    <nd ref="23754" />
    <nd ref="23753" />
  </way>
  <way id="25638" visible="true" version="1">
    <nd ref="25283" />
    <nd ref="25282" />
    <nd ref="25281" />
    <nd ref="25280" />
    <nd ref="25279" />
    <nd ref="25278" />
    <nd ref="25277" />
    <nd ref="25276" />
    <nd ref="25275" />
    <nd ref="25274" />
    <nd ref="25273" />
    <nd ref="25272" />
    <nd ref="25271" />
    <nd ref="25270" />
    <nd ref="25269" />
    <nd ref="25268" />
    <nd ref="25267" />
    <nd ref="25266" />
    <nd ref="25265" />
    <nd ref="25264" />
    <nd ref="25263" />
    <nd ref="25262" />
    <nd ref="25261" />
    <nd ref="25260" />
    <nd ref="25259" />
    <nd ref="25258" />
    <nd ref="25257" />
  </way>
  <way id="25639" visible="true" version="1">
    <nd ref="24722" />
    <nd ref="24721" />
    <nd ref="24720" />
    <nd ref="24719" />
    <nd ref="24718" />
    <nd ref="24717" />
    <nd ref="24716" />
    <nd ref="24715" />
    <nd ref="24714" />
    <nd ref="24713" />
    <nd ref="24712" />
    <nd ref="24711" />
    <nd ref="24710" />
    <nd ref="24709" />
    <nd ref="24708" />
    <nd ref="24707" />
    <nd ref="24706" />
    <nd ref="24705" />
    <nd ref="24704" />
    <nd ref="24703" />
    <nd ref="24702" />
    <nd ref="24701" />
    <nd ref="24700" />
    <nd ref="24699" />
    <nd ref="24698" />
    <nd ref="24697" />
    <nd ref="24696" />
    <nd ref="24695" />
    <nd ref="24694" />
    <nd ref="24693" />
    <nd ref="24692" />
    <nd ref="24691" />
    <nd ref="24690" />
  </way>
  <way id="25641" visible="true" version="1">
    <nd ref="24087" />
    <nd ref="24086" />
    <nd ref="24085" />
    <nd ref="24084" />
    <nd ref="24083" />
    <nd ref="24082" />
    <nd ref="24081" />
    <nd ref="24080" />
    <nd ref="24079" />
    <nd ref="24078" />
    <nd ref="24077" />
    <nd ref="24076" />
    <nd ref="24075" />
    <nd ref="24074" />
    <nd ref="24073" />
    <nd ref="24072" />
    <nd ref="24071" />
    <nd ref="24070" />
    <nd ref="24069" />
  </way>
  <way id="25642" visible="true" version="1">
    <nd ref="23753" />
    <nd ref="23752" />
    <nd ref="23751" />
    <nd ref="23750" />
    <nd ref="23749" />
    <nd ref="23748" />
    <nd ref="23747" />
    <nd ref="23746" />
    <nd ref="23745" />
    <nd ref="23744" />
    <nd ref="23743" />
    <nd ref="23742" />
    <nd ref="23741" />
    <nd ref="23740" />
    <nd ref="23739" />
    <nd ref="23738" />
    <nd ref="23737" />
    <nd ref="23736" />
  </way>
  <way id="25647" visible="true" version="1">
    <nd ref="23035" />
    <nd ref="23034" />
  </way>
  <way id="25648" visible="true" version="1">
    <nd ref="23032" />
    <nd ref="23031" />
  </way>
  <way id="25650" visible="true" version="1">
    <nd ref="25257" />
    <nd ref="25256" />
    <nd ref="25255" />
    <nd ref="25254" />
    <nd ref="25253" />
    <nd ref="25252" />
    <nd ref="25251" />
    <nd ref="25250" />
    <nd ref="25249" />
    <nd ref="25248" />
    <nd ref="25247" />
    <nd ref="25246" />
    <nd ref="25245" />
    <nd ref="25244" />
    <nd ref="25243" />
    <nd ref="25242" />
    <nd ref="25241" />
    <nd ref="25240" />
    <nd ref="25239" />
    <nd ref="25238" />
    <nd ref="25237" />
    <nd ref="25236" />
    <nd ref="25235" />
    <nd ref="25234" />
    <nd ref="25233" />
    <nd ref="25232" />
    <nd ref="25231" />
    <nd ref="25230" />
    <nd ref="25229" />
    <nd ref="25228" />
    <nd ref="25227" />
    <nd ref="25226" />
    <nd ref="25225" />
    <nd ref="25224" />
    <nd ref="25223" />
    <nd ref="25222" />
    <nd ref="25221" />
    <nd ref="25220" />
    <nd ref="25219" />
    <nd ref="25218" />
    <nd ref="25217" />
    <nd ref="25216" />
    <nd ref="25215" />
    <nd ref="25214" />
    <nd ref="25213" />
    <nd ref="25212" />
    <nd ref="25211" />
    <nd ref="25210" />
    <nd ref="25209" />
    <nd ref="25208" />
    <nd ref="25207" />
    <nd ref="25206" />
    <nd ref="25205" />
    <nd ref="25204" />
    <nd ref="25203" />
    <nd ref="25202" />
    <nd ref="25201" />
    <nd ref="25200" />
    <nd ref="25199" />
    <nd ref="25198" />
    <nd ref="25197" />
    <nd ref="25196" />
    <nd ref="25195" />
    <nd ref="25194" />
    <nd ref="25193" />
    <nd ref="25192" />
    <nd ref="25191" />
    <nd ref="25190" />
    <nd ref="25189" />
    <nd ref="25188" />
    <nd ref="25187" />
    <nd ref="25186" />
    <nd ref="25185" />
    <nd ref="25184" />
    <nd ref="25183" />
    <nd ref="25182" />
    <nd ref="25181" />
    <nd ref="25180" />
    <nd ref="25179" />
    <nd ref="25178" />
    <nd ref="25177" />
    <nd ref="25176" />
    <nd ref="25175" />
    <nd ref="25174" />
    <nd ref="25173" />
    <nd ref="25172" />
    <nd ref="25171" />
    <nd ref="25170" />
    <nd ref="25169" />
    <nd ref="25168" />
    <nd ref="25167" />
    <nd ref="25166" />
    <nd ref="25165" />
    <nd ref="25164" />
    <nd ref="25163" />
    <nd ref="25162" />
    <nd ref="25161" />
    <nd ref="25160" />
    <nd ref="25159" />
    <nd ref="25158" />
    <nd ref="25157" />
    <nd ref="25156" />
    <nd ref="25155" />
    <nd ref="25154" />
    <nd ref="25153" />
    <nd ref="25152" />
    <nd ref="25151" />
    <nd ref="25150" />
    <nd ref="25149" />
    <nd ref="25148" />
    <nd ref="25147" />
    <nd ref="25146" />
    <nd ref="25145" />
    <nd ref="25144" />
    <nd ref="25143" />
    <nd ref="25142" />
    <nd ref="25141" />
    <nd ref="25140" />
  </way>
  <way id="25651" visible="true" version="1">
    <nd ref="24690" />
    <nd ref="24689" />
    <nd ref="24688" />
    <nd ref="24687" />
    <nd ref="24686" />
    <nd ref="24685" />
    <nd ref="24684" />
    <nd ref="24683" />
    <nd ref="24682" />
    <nd ref="24681" />
    <nd ref="24680" />
    <nd ref="24679" />
    <nd ref="24678" />
    <nd ref="24677" />
    <nd ref="24676" />
    <nd ref="24675" />
    <nd ref="24674" />
    <nd ref="24673" />
    <nd ref="24672" />
    <nd ref="24671" />
    <nd ref="24670" />
    <nd ref="24669" />
    <nd ref="24668" />
    <nd ref="24667" />
    <nd ref="24666" />
    <nd ref="24665" />
    <nd ref="24664" />
    <nd ref="24663" />
    <nd ref="24662" />
    <nd ref="24661" />
    <nd ref="24660" />
    <nd ref="24659" />
    <nd ref="24658" />
    <nd ref="24657" />
    <nd ref="24656" />
    <nd ref="24655" />
    <nd ref="24654" />
    <nd ref="24653" />
    <nd ref="24652" />
    <nd ref="24651" />
    <nd ref="24650" />
    <nd ref="24649" />
    <nd ref="24648" />
    <nd ref="24647" />
    <nd ref="24646" />
    <nd ref="24645" />
    <nd ref="24644" />
    <nd ref="24643" />
    <nd ref="24642" />
    <nd ref="24641" />
    <nd ref="24640" />
    <nd ref="24639" />
    <nd ref="24638" />
    <nd ref="24637" />
    <nd ref="24636" />
    <nd ref="24635" />
    <nd ref="24634" />
    <nd ref="24633" />
    <nd ref="24632" />
    <nd ref="24631" />
    <nd ref="24630" />
    <nd ref="24629" />
    <nd ref="24628" />
    <nd ref="24627" />
    <nd ref="24626" />
    <nd ref="24625" />
    <nd ref="24624" />
    <nd ref="24623" />
    <nd ref="24622" />
    <nd ref="24621" />
    <nd ref="24620" />
    <nd ref="24619" />
    <nd ref="24618" />
    <nd ref="24617" />
    <nd ref="24616" />
    <nd ref="24615" />
    <nd ref="24614" />
    <nd ref="24613" />
    <nd ref="24612" />
    <nd ref="24611" />
    <nd ref="24610" />
    <nd ref="24609" />
    <nd ref="24608" />
    <nd ref="24607" />
    <nd ref="24606" />
    <nd ref="24605" />
    <nd ref="24604" />
    <nd ref="24603" />
    <nd ref="24602" />
    <nd ref="24601" />
    <nd ref="24600" />
    <nd ref="24599" />
    <nd ref="24598" />
    <nd ref="24597" />
    <nd ref="24596" />
    <nd ref="24595" />
    <nd ref="24594" />
    <nd ref="24593" />
    <nd ref="24592" />
    <nd ref="24591" />
    <nd ref="24590" />
    <nd ref="24589" />
    <nd ref="24588" />
    <nd ref="24587" />
    <nd ref="24586" />
    <nd ref="24585" />
    <nd ref="24584" />
    <nd ref="24583" />
    <nd ref="24582" />
    <nd ref="24581" />
    <nd ref="24580" />
    <nd ref="24579" />
    <nd ref="24578" />
    <nd ref="24577" />
    <nd ref="24576" />
    <nd ref="24575" />
    <nd ref="24574" />
    <nd ref="24573" />
    <nd ref="24572" />
    <nd ref="24571" />
    <nd ref="24570" />
    <nd ref="24569" />
    <nd ref="24568" />
  </way>
  <way id="25653" visible="true" version="1">
    <nd ref="23040" />
    <nd ref="23035" />
  </way>
  <way id="25654" visible="true" version="1">
    <nd ref="23038" />
    <nd ref="23032" />
  </way>
  <way id="25656" visible="true" version="1">
    <nd ref="23502" />
    <nd ref="23501" />
    <nd ref="23500" />
    <nd ref="23499" />
    <nd ref="23498" />
    <nd ref="23497" />
    <nd ref="23496" />
    <nd ref="23495" />
    <nd ref="23494" />
    <nd ref="23493" />
    <nd ref="23492" />
    <nd ref="23491" />
    <nd ref="23490" />
    <nd ref="23489" />
    <nd ref="23488" />
    <nd ref="23487" />
  </way>
  <way id="25657" visible="true" version="1">
    <nd ref="23169" />
    <nd ref="23168" />
    <nd ref="23167" />
    <nd ref="23166" />
    <nd ref="23165" />
    <nd ref="23164" />
    <nd ref="23163" />
    <nd ref="23162" />
    <nd ref="23161" />
    <nd ref="23160" />
    <nd ref="23159" />
    <nd ref="23158" />
    <nd ref="23157" />
    <nd ref="23156" />
    <nd ref="23155" />
    <nd ref="23154" />
  </way>
  <way id="25659" visible="true" version="1">
    <nd ref="23427" />
    <nd ref="23426" />
    <nd ref="23425" />
    <nd ref="23424" />
    <nd ref="23423" />
    <nd ref="23422" />
    <nd ref="23421" />
    <nd ref="23420" />
    <nd ref="23419" />
    <nd ref="23418" />
    <nd ref="23417" />
    <nd ref="23416" />
    <nd ref="23415" />
    <nd ref="23414" />
    <nd ref="23413" />
    <nd ref="23412" />
    <nd ref="23411" />
    <nd ref="23410" />
    <nd ref="23409" />
    <nd ref="23408" />
    <nd ref="23407" />
    <nd ref="23406" />
    <nd ref="23405" />
    <nd ref="23404" />
    <nd ref="23403" />
    <nd ref="23402" />
  </way>
  <way id="25660" visible="true" version="1">
    <nd ref="23095" />
    <nd ref="23094" />
    <nd ref="23093" />
    <nd ref="23092" />
    <nd ref="23091" />
    <nd ref="23090" />
    <nd ref="23089" />
    <nd ref="23088" />
    <nd ref="23087" />
    <nd ref="23086" />
    <nd ref="23085" />
    <nd ref="23084" />
    <nd ref="23083" />
    <nd ref="23082" />
    <nd ref="23081" />
    <nd ref="23080" />
    <nd ref="23079" />
    <nd ref="23078" />
    <nd ref="23077" />
    <nd ref="23076" />
    <nd ref="23075" />
    <nd ref="23074" />
    <nd ref="23073" />
    <nd ref="23072" />
    <nd ref="23071" />
    <nd ref="23070" />
    <nd ref="23069" />
  </way>
  <way id="25662" visible="true" version="1">
    <nd ref="23402" />
    <nd ref="23401" />
    <nd ref="23400" />
    <nd ref="23399" />
    <nd ref="23398" />
    <nd ref="23397" />
    <nd ref="23396" />
    <nd ref="23395" />
    <nd ref="23394" />
    <nd ref="23393" />
    <nd ref="23392" />
    <nd ref="23391" />
    <nd ref="23390" />
    <nd ref="23389" />
    <nd ref="23388" />
    <nd ref="23387" />
    <nd ref="23386" />
    <nd ref="23385" />
    <nd ref="23384" />
    <nd ref="23383" />
    <nd ref="23382" />
    <nd ref="23381" />
    <nd ref="23380" />
    <nd ref="23379" />
    <nd ref="23378" />
    <nd ref="23377" />
    <nd ref="23376" />
    <nd ref="23375" />
    <nd ref="23374" />
    <nd ref="23373" />
    <nd ref="23372" />
    <nd ref="23371" />
    <nd ref="23370" />
    <nd ref="23369" />
  </way>
  <way id="25663" visible="true" version="1">
    <nd ref="23069" />
    <nd ref="23068" />
    <nd ref="23067" />
    <nd ref="23066" />
    <nd ref="23065" />
    <nd ref="23064" />
    <nd ref="23063" />
    <nd ref="23062" />
    <nd ref="23061" />
    <nd ref="23060" />
    <nd ref="23059" />
    <nd ref="23058" />
    <nd ref="23057" />
    <nd ref="23056" />
    <nd ref="23055" />
    <nd ref="23054" />
    <nd ref="23053" />
    <nd ref="23052" />
    <nd ref="23051" />
    <nd ref="23050" />
    <nd ref="23049" />
    <nd ref="23048" />
    <nd ref="23047" />
    <nd ref="23046" />
    <nd ref="23045" />
    <nd ref="23044" />
    <nd ref="23043" />
  </way>
  <way id="25668" visible="true" version="1">
    <nd ref="25519" />
    <nd ref="25518" />
  </way>
  <way id="25669" visible="true" version="1">
    <nd ref="25516" />
    <nd ref="25515" />
  </way>
  <way id="25671" visible="true" version="1">
    <nd ref="24069" />
    <nd ref="24068" />
    <nd ref="24067" />
    <nd ref="24066" />
    <nd ref="24065" />
    <nd ref="24064" />
    <nd ref="24063" />
    <nd ref="24062" />
    <nd ref="24061" />
    <nd ref="24060" />
    <nd ref="24059" />
    <nd ref="24058" />
    <nd ref="24057" />
    <nd ref="24056" />
    <nd ref="24055" />
    <nd ref="24054" />
    <nd ref="24053" />
    <nd ref="24052" />
    <nd ref="24051" />
    <nd ref="24050" />
    <nd ref="24049" />
    <nd ref="24048" />
    <nd ref="24047" />
  </way>
  <way id="25672" visible="true" version="1">
    <nd ref="23736" />
    <nd ref="23735" />
    <nd ref="23734" />
    <nd ref="23733" />
    <nd ref="23732" />
    <nd ref="23731" />
    <nd ref="23730" />
    <nd ref="23729" />
    <nd ref="23728" />
    <nd ref="23727" />
    <nd ref="23726" />
    <nd ref="23725" />
    <nd ref="23724" />
    <nd ref="23723" />
    <nd ref="23722" />
    <nd ref="23721" />
    <nd ref="23720" />
    <nd ref="23719" />
    <nd ref="23718" />
    <nd ref="23717" />
    <nd ref="23716" />
    <nd ref="23715" />
    <nd ref="23714" />
    <nd ref="23713" />
  </way>
  <way id="25674" visible="true" version="1">
    <nd ref="25140" />
    <nd ref="25139" />
    <nd ref="25138" />
    <nd ref="25137" />
    <nd ref="25136" />
    <nd ref="25135" />
    <nd ref="25134" />
    <nd ref="25133" />
    <nd ref="25132" />
    <nd ref="25131" />
    <nd ref="25130" />
    <nd ref="25129" />
    <nd ref="25128" />
    <nd ref="25127" />
    <nd ref="25126" />
    <nd ref="25125" />
    <nd ref="25124" />
  </way>
  <way id="25675" visible="true" version="1">
    <nd ref="24568" />
    <nd ref="24567" />
    <nd ref="24566" />
    <nd ref="24565" />
    <nd ref="24564" />
    <nd ref="24563" />
    <nd ref="24562" />
    <nd ref="24561" />
    <nd ref="24560" />
    <nd ref="24559" />
    <nd ref="24558" />
    <nd ref="24557" />
    <nd ref="24556" />
    <nd ref="24555" />
    <nd ref="24554" />
    <nd ref="24553" />
    <nd ref="24552" />
  </way>
  <way id="25677" visible="true" version="1">
    <nd ref="25526" />
    <nd ref="25525" />
  </way>
  <way id="25678" visible="true" version="1">
    <nd ref="25523" />
    <nd ref="25522" />
  </way>
  <way id="25680" visible="true" version="1">
    <nd ref="23487" />
    <nd ref="23486" />
    <nd ref="23485" />
    <nd ref="23484" />
    <nd ref="23483" />
    <nd ref="23482" />
    <nd ref="23481" />
    <nd ref="23480" />
    <nd ref="23479" />
    <nd ref="23478" />
    <nd ref="23477" />
    <nd ref="23476" />
    <nd ref="23475" />
    <nd ref="23474" />
    <nd ref="23473" />
    <nd ref="23472" />
    <nd ref="23471" />
    <nd ref="23470" />
    <nd ref="23469" />
    <nd ref="23468" />
    <nd ref="23467" />
    <nd ref="23466" />
    <nd ref="23465" />
    <nd ref="23464" />
    <nd ref="23463" />
    <nd ref="23462" />
    <nd ref="23461" />
    <nd ref="23460" />
    <nd ref="23459" />
    <nd ref="23458" />
    <nd ref="23457" />
    <nd ref="23456" />
    <nd ref="23455" />
    <nd ref="23454" />
    <nd ref="23453" />
    <nd ref="23452" />
    <nd ref="23451" />
    <nd ref="23450" />
    <nd ref="23449" />
    <nd ref="23448" />
    <nd ref="23447" />
    <nd ref="23446" />
    <nd ref="23445" />
    <nd ref="23444" />
    <nd ref="23443" />
    <nd ref="23442" />
    <nd ref="23441" />
    <nd ref="23440" />
    <nd ref="23439" />
    <nd ref="23438" />
    <nd ref="23437" />
    <nd ref="23436" />
    <nd ref="23435" />
    <nd ref="23434" />
    <nd ref="23433" />
    <nd ref="23432" />
    <nd ref="23431" />
    <nd ref="23430" />
    <nd ref="23429" />
    <nd ref="23428" />
    <nd ref="23427" />
  </way>
  <way id="25681" visible="true" version="1">
    <nd ref="23154" />
    <nd ref="23153" />
    <nd ref="23152" />
    <nd ref="23151" />
    <nd ref="23150" />
    <nd ref="23149" />
    <nd ref="23148" />
    <nd ref="23147" />
    <nd ref="23146" />
    <nd ref="23145" />
    <nd ref="23144" />
    <nd ref="23143" />
    <nd ref="23142" />
    <nd ref="23141" />
    <nd ref="23140" />
    <nd ref="23139" />
    <nd ref="23138" />
    <nd ref="23137" />
    <nd ref="23136" />
    <nd ref="23135" />
    <nd ref="23134" />
    <nd ref="23133" />
    <nd ref="23132" />
    <nd ref="23131" />
    <nd ref="23130" />
    <nd ref="23129" />
    <nd ref="23128" />
    <nd ref="23127" />
    <nd ref="23126" />
    <nd ref="23125" />
    <nd ref="23124" />
    <nd ref="23123" />
    <nd ref="23122" />
    <nd ref="23121" />
    <nd ref="23120" />
    <nd ref="23119" />
    <nd ref="23118" />
    <nd ref="23117" />
    <nd ref="23116" />
    <nd ref="23115" />
    <nd ref="23114" />
    <nd ref="23113" />
    <nd ref="23112" />
    <nd ref="23111" />
    <nd ref="23110" />
    <nd ref="23109" />
    <nd ref="23108" />
    <nd ref="23107" />
    <nd ref="23106" />
    <nd ref="23105" />
    <nd ref="23104" />
    <nd ref="23103" />
    <nd ref="23102" />
    <nd ref="23101" />
    <nd ref="23100" />
    <nd ref="23099" />
    <nd ref="23098" />
    <nd ref="23097" />
    <nd ref="23096" />
    <nd ref="23095" />
  </way>
  <way id="25683" visible="true" version="1">
    <nd ref="24365" />
    <nd ref="24364" />
    <nd ref="24363" />
    <nd ref="24362" />
    <nd ref="24361" />
    <nd ref="24360" />
    <nd ref="24359" />
    <nd ref="24358" />
    <nd ref="24357" />
    <nd ref="24356" />
    <nd ref="24355" />
    <nd ref="24354" />
    <nd ref="24353" />
    <nd ref="24352" />
    <nd ref="24351" />
    <nd ref="24350" />
    <nd ref="24349" />
    <nd ref="24348" />
    <nd ref="24347" />
    <nd ref="24346" />
    <nd ref="24345" />
    <nd ref="24344" />
    <nd ref="24343" />
    <nd ref="24342" />
    <nd ref="24341" />
    <nd ref="24340" />
    <nd ref="24339" />
    <nd ref="24338" />
    <nd ref="24337" />
    <nd ref="24336" />
    <nd ref="24335" />
    <nd ref="24334" />
    <nd ref="24333" />
    <nd ref="24332" />
    <nd ref="24331" />
    <nd ref="24330" />
    <nd ref="24329" />
    <nd ref="24328" />
    <nd ref="24327" />
    <nd ref="24326" />
    <nd ref="24325" />
    <nd ref="24324" />
    <nd ref="24323" />
    <nd ref="24322" />
    <nd ref="24321" />
    <nd ref="24320" />
    <nd ref="24319" />
    <nd ref="24318" />
    <nd ref="24317" />
    <nd ref="24316" />
    <nd ref="24315" />
    <nd ref="24314" />
    <nd ref="24313" />
    <nd ref="24312" />
    <nd ref="24311" />
    <nd ref="24310" />
    <nd ref="24309" />
    <nd ref="24308" />
    <nd ref="24307" />
    <nd ref="24306" />
    <nd ref="24305" />
    <nd ref="24304" />
    <nd ref="24303" />
    <nd ref="24302" />
    <nd ref="24301" />
    <nd ref="24300" />
    <nd ref="24299" />
    <nd ref="24298" />
    <nd ref="24297" />
    <nd ref="24296" />
    <nd ref="24295" />
  </way>
  <way id="25684" visible="true" version="1">
    <nd ref="24046" />
    <nd ref="24045" />
    <nd ref="24044" />
    <nd ref="24043" />
    <nd ref="24042" />
    <nd ref="24041" />
    <nd ref="24040" />
    <nd ref="24039" />
    <nd ref="24038" />
    <nd ref="24037" />
    <nd ref="24036" />
    <nd ref="24035" />
    <nd ref="24034" />
    <nd ref="24033" />
    <nd ref="24032" />
    <nd ref="24031" />
    <nd ref="24030" />
    <nd ref="24029" />
    <nd ref="24028" />
    <nd ref="24027" />
    <nd ref="24026" />
    <nd ref="24025" />
    <nd ref="24024" />
    <nd ref="24023" />
    <nd ref="24022" />
    <nd ref="24021" />
    <nd ref="24020" />
    <nd ref="24019" />
    <nd ref="24018" />
    <nd ref="24017" />
    <nd ref="24016" />
    <nd ref="24015" />
    <nd ref="24014" />
    <nd ref="24013" />
    <nd ref="24012" />
    <nd ref="24011" />
    <nd ref="24010" />
    <nd ref="24009" />
    <nd ref="24008" />
    <nd ref="24007" />
    <nd ref="24006" />
    <nd ref="24005" />
    <nd ref="24004" />
    <nd ref="24003" />
    <nd ref="24002" />
    <nd ref="24001" />
    <nd ref="24000" />
    <nd ref="23999" />
    <nd ref="23998" />
    <nd ref="23997" />
    <nd ref="23996" />
    <nd ref="23995" />
    <nd ref="23994" />
    <nd ref="23993" />
    <nd ref="23992" />
    <nd ref="23991" />
    <nd ref="23990" />
    <nd ref="23989" />
    <nd ref="23988" />
    <nd ref="23987" />
    <nd ref="23986" />
    <nd ref="23985" />
    <nd ref="23984" />
    <nd ref="23983" />
    <nd ref="23982" />
    <nd ref="23981" />
    <nd ref="23980" />
    <nd ref="23979" />
    <nd ref="23978" />
    <nd ref="23977" />
    <nd ref="23976" />
  </way>
  <way id="25686" visible="true" version="1">
    <nd ref="25466" />
    <nd ref="25465" />
    <nd ref="25464" />
    <nd ref="25463" />
    <nd ref="25462" />
    <nd ref="25461" />
    <nd ref="25460" />
    <nd ref="25459" />
    <nd ref="25458" />
    <nd ref="25457" />
    <nd ref="25456" />
    <nd ref="25455" />
    <nd ref="25454" />
    <nd ref="25453" />
    <nd ref="25452" />
    <nd ref="25451" />
    <nd ref="25450" />
    <nd ref="25449" />
    <nd ref="25448" />
    <nd ref="25447" />
    <nd ref="25446" />
    <nd ref="25445" />
    <nd ref="25444" />
    <nd ref="25443" />
    <nd ref="25442" />
  </way>
  <way id="25687" visible="true" version="1">
    <nd ref="24909" />
    <nd ref="24908" />
    <nd ref="24907" />
    <nd ref="24906" />
    <nd ref="24905" />
    <nd ref="24904" />
    <nd ref="24903" />
    <nd ref="24902" />
    <nd ref="24901" />
    <nd ref="24900" />
    <nd ref="24899" />
    <nd ref="24898" />
    <nd ref="24897" />
    <nd ref="24896" />
    <nd ref="24895" />
    <nd ref="24894" />
    <nd ref="24893" />
    <nd ref="24892" />
    <nd ref="24891" />
    <nd ref="24890" />
    <nd ref="24889" />
    <nd ref="24888" />
    <nd ref="24887" />
    <nd ref="24886" />
    <nd ref="24885" />
    <nd ref="24884" />
  </way>
  <way id="25689" visible="true" version="1">
    <nd ref="24978" />
    <nd ref="24977" />
    <nd ref="24976" />
    <nd ref="24975" />
    <nd ref="24974" />
    <nd ref="24973" />
    <nd ref="24972" />
    <nd ref="24971" />
    <nd ref="24970" />
    <nd ref="24969" />
    <nd ref="24968" />
    <nd ref="24967" />
    <nd ref="24966" />
    <nd ref="24965" />
    <nd ref="24964" />
    <nd ref="24963" />
    <nd ref="24962" />
    <nd ref="24961" />
    <nd ref="24960" />
    <nd ref="24959" />
    <nd ref="24958" />
    <nd ref="24957" />
    <nd ref="24956" />
    <nd ref="24955" />
    <nd ref="24954" />
    <nd ref="24953" />
    <nd ref="24952" />
    <nd ref="24951" />
    <nd ref="24950" />
    <nd ref="24949" />
    <nd ref="24948" />
    <nd ref="24947" />
    <nd ref="24946" />
  </way>
  <way id="25690" visible="true" version="1">
    <nd ref="24407" />
    <nd ref="24406" />
    <nd ref="24405" />
    <nd ref="24404" />
    <nd ref="24403" />
    <nd ref="24402" />
    <nd ref="24401" />
    <nd ref="24400" />
    <nd ref="24399" />
    <nd ref="24398" />
    <nd ref="24397" />
    <nd ref="24396" />
    <nd ref="24395" />
    <nd ref="24394" />
    <nd ref="24393" />
    <nd ref="24392" />
    <nd ref="24391" />
    <nd ref="24390" />
    <nd ref="24389" />
    <nd ref="24388" />
    <nd ref="24387" />
    <nd ref="24386" />
    <nd ref="24385" />
    <nd ref="24384" />
    <nd ref="24383" />
    <nd ref="24382" />
    <nd ref="24381" />
  </way>
  <way id="25692" visible="true" version="1">
    <nd ref="24993" />
    <nd ref="24992" />
    <nd ref="24991" />
    <nd ref="24990" />
    <nd ref="24989" />
    <nd ref="24988" />
    <nd ref="24987" />
    <nd ref="24986" />
    <nd ref="24985" />
    <nd ref="24984" />
    <nd ref="24983" />
    <nd ref="24982" />
    <nd ref="24981" />
    <nd ref="24980" />
    <nd ref="24979" />
    <nd ref="24978" />
  </way>
  <way id="25693" visible="true" version="1">
    <nd ref="24422" />
    <nd ref="24421" />
    <nd ref="24420" />
    <nd ref="24419" />
    <nd ref="24418" />
    <nd ref="24417" />
    <nd ref="24416" />
    <nd ref="24415" />
    <nd ref="24414" />
    <nd ref="24413" />
    <nd ref="24412" />
    <nd ref="24411" />
    <nd ref="24410" />
    <nd ref="24409" />
    <nd ref="24408" />
    <nd ref="24407" />
  </way>
  <way id="25695" visible="true" version="1">
    <nd ref="25124" />
    <nd ref="25123" />
    <nd ref="25122" />
    <nd ref="25121" />
    <nd ref="25120" />
    <nd ref="25119" />
    <nd ref="25118" />
    <nd ref="25117" />
    <nd ref="25116" />
    <nd ref="25115" />
    <nd ref="25114" />
    <nd ref="25113" />
    <nd ref="25112" />
    <nd ref="25111" />
    <nd ref="25110" />
    <nd ref="25109" />
    <nd ref="25108" />
    <nd ref="25107" />
    <nd ref="25106" />
    <nd ref="25105" />
    <nd ref="25104" />
    <nd ref="25103" />
    <nd ref="25102" />
    <nd ref="25101" />
    <nd ref="25100" />
    <nd ref="25099" />
    <nd ref="25098" />
    <nd ref="25097" />
    <nd ref="25096" />
    <nd ref="25095" />
    <nd ref="25094" />
    <nd ref="25093" />
    <nd ref="25092" />
    <nd ref="25091" />
    <nd ref="25090" />
    <nd ref="25089" />
    <nd ref="25088" />
    <nd ref="25087" />
    <nd ref="25086" />
    <nd ref="25085" />
    <nd ref="25084" />
    <nd ref="25083" />
    <nd ref="25082" />
    <nd ref="25081" />
    <nd ref="25080" />
    <nd ref="25079" />
    <nd ref="25078" />
    <nd ref="25077" />
    <nd ref="25076" />
    <nd ref="25075" />
    <nd ref="25074" />
    <nd ref="25073" />
    <nd ref="25072" />
    <nd ref="25071" />
    <nd ref="25070" />
    <nd ref="25069" />
    <nd ref="25068" />
    <nd ref="25067" />
    <nd ref="25066" />
    <nd ref="25065" />
    <nd ref="25064" />
    <nd ref="25063" />
    <nd ref="25062" />
    <nd ref="25061" />
    <nd ref="25060" />
    <nd ref="25059" />
    <nd ref="25058" />
    <nd ref="25057" />
    <nd ref="25056" />
    <nd ref="25055" />
    <nd ref="25054" />
    <nd ref="25053" />
    <nd ref="25052" />
    <nd ref="25051" />
    <nd ref="25050" />
    <nd ref="25049" />
    <nd ref="25048" />
    <nd ref="25047" />
    <nd ref="25046" />
    <nd ref="25045" />
    <nd ref="25044" />
    <nd ref="25043" />
    <nd ref="25042" />
    <nd ref="25041" />
    <nd ref="25040" />
    <nd ref="25039" />
    <nd ref="25038" />
    <nd ref="25037" />
    <nd ref="25036" />
    <nd ref="25035" />
    <nd ref="25034" />
    <nd ref="25033" />
    <nd ref="25032" />
    <nd ref="25031" />
    <nd ref="25030" />
    <nd ref="25029" />
    <nd ref="25028" />
    <nd ref="25027" />
    <nd ref="25026" />
    <nd ref="25025" />
    <nd ref="25024" />
    <nd ref="25023" />
    <nd ref="25022" />
    <nd ref="25021" />
    <nd ref="25020" />
    <nd ref="25019" />
    <nd ref="25018" />
    <nd ref="25017" />
    <nd ref="25016" />
    <nd ref="25015" />
    <nd ref="25014" />
    <nd ref="25013" />
    <nd ref="25012" />
    <nd ref="25011" />
    <nd ref="25010" />
    <nd ref="25009" />
    <nd ref="25008" />
    <nd ref="25007" />
    <nd ref="25006" />
    <nd ref="25005" />
    <nd ref="25004" />
    <nd ref="25003" />
    <nd ref="25002" />
    <nd ref="25001" />
    <nd ref="25000" />
    <nd ref="24999" />
    <nd ref="24998" />
    <nd ref="24997" />
    <nd ref="24996" />
    <nd ref="24995" />
    <nd ref="24994" />
    <nd ref="24993" />
  </way>
  <way id="25696" visible="true" version="1">
    <nd ref="24552" />
    <nd ref="24551" />
    <nd ref="24550" />
    <nd ref="24549" />
    <nd ref="24548" />
    <nd ref="24547" />
    <nd ref="24546" />
    <nd ref="24545" />
    <nd ref="24544" />
    <nd ref="24543" />
    <nd ref="24542" />
    <nd ref="24541" />
    <nd ref="24540" />
    <nd ref="24539" />
    <nd ref="24538" />
    <nd ref="24537" />
    <nd ref="24536" />
    <nd ref="24535" />
    <nd ref="24534" />
    <nd ref="24533" />
    <nd ref="24532" />
    <nd ref="24531" />
    <nd ref="24530" />
    <nd ref="24529" />
    <nd ref="24528" />
    <nd ref="24527" />
    <nd ref="24526" />
    <nd ref="24525" />
    <nd ref="24524" />
    <nd ref="24523" />
    <nd ref="24522" />
    <nd ref="24521" />
    <nd ref="24520" />
    <nd ref="24519" />
    <nd ref="24518" />
    <nd ref="24517" />
    <nd ref="24516" />
    <nd ref="24515" />
    <nd ref="24514" />
    <nd ref="24513" />
    <nd ref="24512" />
    <nd ref="24511" />
    <nd ref="24510" />
    <nd ref="24509" />
    <nd ref="24508" />
    <nd ref="24507" />
    <nd ref="24506" />
    <nd ref="24505" />
    <nd ref="24504" />
    <nd ref="24503" />
    <nd ref="24502" />
    <nd ref="24501" />
    <nd ref="24500" />
    <nd ref="24499" />
    <nd ref="24498" />
    <nd ref="24497" />
    <nd ref="24496" />
    <nd ref="24495" />
    <nd ref="24494" />
    <nd ref="24493" />
    <nd ref="24492" />
    <nd ref="24491" />
    <nd ref="24490" />
    <nd ref="24489" />
    <nd ref="24488" />
    <nd ref="24487" />
    <nd ref="24486" />
    <nd ref="24485" />
    <nd ref="24484" />
    <nd ref="24483" />
    <nd ref="24482" />
    <nd ref="24481" />
    <nd ref="24480" />
    <nd ref="24479" />
    <nd ref="24478" />
    <nd ref="24477" />
    <nd ref="24476" />
    <nd ref="24475" />
    <nd ref="24474" />
    <nd ref="24473" />
    <nd ref="24472" />
    <nd ref="24471" />
    <nd ref="24470" />
    <nd ref="24469" />
    <nd ref="24468" />
    <nd ref="24467" />
    <nd ref="24466" />
    <nd ref="24465" />
    <nd ref="24464" />
    <nd ref="24463" />
    <nd ref="24462" />
    <nd ref="24461" />
    <nd ref="24460" />
    <nd ref="24459" />
    <nd ref="24458" />
    <nd ref="24457" />
    <nd ref="24456" />
    <nd ref="24455" />
    <nd ref="24454" />
    <nd ref="24453" />
    <nd ref="24452" />
    <nd ref="24451" />
    <nd ref="24450" />
    <nd ref="24449" />
    <nd ref="24448" />
    <nd ref="24447" />
    <nd ref="24446" />
    <nd ref="24445" />
    <nd ref="24444" />
    <nd ref="24443" />
    <nd ref="24442" />
    <nd ref="24441" />
    <nd ref="24440" />
    <nd ref="24439" />
    <nd ref="24438" />
    <nd ref="24437" />
    <nd ref="24436" />
    <nd ref="24435" />
    <nd ref="24434" />
    <nd ref="24433" />
    <nd ref="24432" />
    <nd ref="24431" />
    <nd ref="24430" />
    <nd ref="24429" />
    <nd ref="24428" />
    <nd ref="24427" />
    <nd ref="24426" />
    <nd ref="24425" />
    <nd ref="24424" />
    <nd ref="24423" />
    <nd ref="24422" />
  </way>
  <way id="25698" visible="true" version="1">
    <nd ref="25487" />
    <nd ref="25486" />
    <nd ref="25485" />
    <nd ref="25484" />
    <nd ref="25483" />
    <nd ref="25482" />
    <nd ref="25481" />
    <nd ref="25480" />
    <nd ref="25479" />
    <nd ref="25478" />
    <nd ref="25477" />
    <nd ref="25476" />
    <nd ref="25475" />
    <nd ref="25474" />
    <nd ref="25473" />
    <nd ref="25472" />
    <nd ref="25471" />
    <nd ref="25470" />
    <nd ref="25469" />
    <nd ref="25468" />
    <nd ref="25467" />
    <nd ref="25466" />
  </way>
  <way id="25699" visible="true" version="1">
    <nd ref="24945" />
    <nd ref="24944" />
    <nd ref="24943" />
    <nd ref="24942" />
    <nd ref="24941" />
    <nd ref="24940" />
    <nd ref="24939" />
    <nd ref="24938" />
    <nd ref="24937" />
    <nd ref="24936" />
    <nd ref="24935" />
    <nd ref="24934" />
    <nd ref="24933" />
    <nd ref="24932" />
    <nd ref="24931" />
    <nd ref="24930" />
    <nd ref="24929" />
    <nd ref="24928" />
    <nd ref="24927" />
    <nd ref="24926" />
    <nd ref="24925" />
    <nd ref="24924" />
    <nd ref="24923" />
    <nd ref="24922" />
    <nd ref="24921" />
    <nd ref="24920" />
    <nd ref="24919" />
    <nd ref="24918" />
    <nd ref="24917" />
    <nd ref="24916" />
    <nd ref="24915" />
    <nd ref="24914" />
    <nd ref="24913" />
    <nd ref="24912" />
    <nd ref="24911" />
    <nd ref="24910" />
    <nd ref="24909" />
  </way>
  <way id="25701" visible="true" version="1">
    <nd ref="23607" />
    <nd ref="23606" />
    <nd ref="23605" />
    <nd ref="23604" />
    <nd ref="23603" />
    <nd ref="23602" />
    <nd ref="23601" />
    <nd ref="23600" />
    <nd ref="23599" />
    <nd ref="23598" />
    <nd ref="23597" />
    <nd ref="23596" />
    <nd ref="23595" />
    <nd ref="23594" />
    <nd ref="23593" />
    <nd ref="23592" />
    <nd ref="23591" />
    <nd ref="23590" />
    <nd ref="23589" />
    <nd ref="23588" />
    <nd ref="23587" />
    <nd ref="23586" />
    <nd ref="23585" />
    <nd ref="23584" />
    <nd ref="23583" />
    <nd ref="23582" />
    <nd ref="23581" />
    <nd ref="23580" />
    <nd ref="23579" />
    <nd ref="23578" />
    <nd ref="23577" />
    <nd ref="23576" />
    <nd ref="23575" />
    <nd ref="23574" />
    <nd ref="23573" />
    <nd ref="23572" />
    <nd ref="23571" />
    <nd ref="23570" />
    <nd ref="23569" />
    <nd ref="23568" />
    <nd ref="23567" />
    <nd ref="23566" />
    <nd ref="23565" />
    <nd ref="23564" />
    <nd ref="23563" />
    <nd ref="23562" />
    <nd ref="23561" />
    <nd ref="23560" />
    <nd ref="23559" />
    <nd ref="23558" />
    <nd ref="23557" />
    <nd ref="23556" />
    <nd ref="23555" />
    <nd ref="23554" />
    <nd ref="23553" />
    <nd ref="23552" />
    <nd ref="23551" />
    <nd ref="23550" />
    <nd ref="23549" />
    <nd ref="23548" />
    <nd ref="23547" />
    <nd ref="23546" />
    <nd ref="23545" />
    <nd ref="23544" />
    <nd ref="23543" />
    <nd ref="23542" />
    <nd ref="23541" />
    <nd ref="23540" />
    <nd ref="23539" />
    <nd ref="23538" />
    <nd ref="23537" />
    <nd ref="23536" />
    <nd ref="23535" />
    <nd ref="23534" />
    <nd ref="23533" />
    <nd ref="23532" />
    <nd ref="23531" />
    <nd ref="23530" />
    <nd ref="23529" />
    <nd ref="23528" />
    <nd ref="23527" />
    <nd ref="23526" />
    <nd ref="23525" />
    <nd ref="23524" />
    <nd ref="23523" />
    <nd ref="23522" />
    <nd ref="23521" />
    <nd ref="23520" />
    <nd ref="23519" />
    <nd ref="23518" />
    <nd ref="23517" />
    <nd ref="23516" />
    <nd ref="23515" />
    <nd ref="23514" />
    <nd ref="23513" />
    <nd ref="23512" />
    <nd ref="23511" />
    <nd ref="23510" />
    <nd ref="23509" />
    <nd ref="23508" />
    <nd ref="23507" />
    <nd ref="23506" />
    <nd ref="23505" />
    <nd ref="23504" />
    <nd ref="23503" />
    <nd ref="23502" />
  </way>
  <way id="25702" visible="true" version="1">
    <nd ref="23280" />
    <nd ref="23279" />
    <nd ref="23278" />
    <nd ref="23277" />
    <nd ref="23276" />
    <nd ref="23275" />
    <nd ref="23274" />
    <nd ref="23273" />
    <nd ref="23272" />
    <nd ref="23271" />
    <nd ref="23270" />
    <nd ref="23269" />
    <nd ref="23268" />
    <nd ref="23267" />
    <nd ref="23266" />
    <nd ref="23265" />
    <nd ref="23264" />
    <nd ref="23263" />
    <nd ref="23262" />
    <nd ref="23261" />
    <nd ref="23260" />
    <nd ref="23259" />
    <nd ref="23258" />
    <nd ref="23257" />
    <nd ref="23256" />
    <nd ref="23255" />
    <nd ref="23254" />
    <nd ref="23253" />
    <nd ref="23252" />
    <nd ref="23251" />
    <nd ref="23250" />
    <nd ref="23249" />
    <nd ref="23248" />
    <nd ref="23247" />
    <nd ref="23246" />
    <nd ref="23245" />
    <nd ref="23244" />
    <nd ref="23243" />
    <nd ref="23242" />
    <nd ref="23241" />
    <nd ref="23240" />
    <nd ref="23239" />
    <nd ref="23238" />
    <nd ref="23237" />
    <nd ref="23236" />
    <nd ref="23235" />
    <nd ref="23234" />
    <nd ref="23233" />
    <nd ref="23232" />
    <nd ref="23231" />
    <nd ref="23230" />
    <nd ref="23229" />
    <nd ref="23228" />
    <nd ref="23227" />
    <nd ref="23226" />
    <nd ref="23225" />
    <nd ref="23224" />
    <nd ref="23223" />
    <nd ref="23222" />
    <nd ref="23221" />
    <nd ref="23220" />
    <nd ref="23219" />
    <nd ref="23218" />
    <nd ref="23217" />
    <nd ref="23216" />
    <nd ref="23215" />
    <nd ref="23214" />
    <nd ref="23213" />
    <nd ref="23212" />
    <nd ref="23211" />
    <nd ref="23210" />
    <nd ref="23209" />
    <nd ref="23208" />
    <nd ref="23207" />
    <nd ref="23206" />
    <nd ref="23205" />
    <nd ref="23204" />
    <nd ref="23203" />
    <nd ref="23202" />
    <nd ref="23201" />
    <nd ref="23200" />
    <nd ref="23199" />
    <nd ref="23198" />
    <nd ref="23197" />
    <nd ref="23196" />
    <nd ref="23195" />
    <nd ref="23194" />
    <nd ref="23193" />
    <nd ref="23192" />
    <nd ref="23191" />
    <nd ref="23190" />
    <nd ref="23189" />
    <nd ref="23188" />
    <nd ref="23187" />
    <nd ref="23186" />
    <nd ref="23185" />
    <nd ref="23184" />
    <nd ref="23183" />
    <nd ref="23182" />
    <nd ref="23181" />
    <nd ref="23180" />
    <nd ref="23179" />
    <nd ref="23178" />
    <nd ref="23177" />
    <nd ref="23176" />
    <nd ref="23175" />
    <nd ref="23174" />
    <nd ref="23173" />
    <nd ref="23172" />
    <nd ref="23171" />
    <nd ref="23170" />
    <nd ref="23169" />
  </way>
  <way id="25704" visible="true" version="1">
    <nd ref="25533" />
    <nd ref="25532" />
  </way>
  <way id="25705" visible="true" version="1">
    <nd ref="25530" />
    <nd ref="25529" />
  </way>
  <way id="25707" visible="true" version="1">
    <nd ref="23631" />
    <nd ref="23630" />
    <nd ref="23629" />
    <nd ref="23628" />
    <nd ref="23627" />
    <nd ref="23626" />
    <nd ref="23625" />
    <nd ref="23624" />
    <nd ref="23623" />
    <nd ref="23622" />
    <nd ref="23621" />
    <nd ref="23620" />
    <nd ref="23619" />
    <nd ref="23618" />
    <nd ref="23617" />
    <nd ref="23616" />
    <nd ref="23615" />
    <nd ref="23614" />
    <nd ref="23613" />
    <nd ref="23612" />
    <nd ref="23611" />
    <nd ref="23610" />
    <nd ref="23609" />
    <nd ref="23608" />
    <nd ref="23607" />
  </way>
  <way id="25708" visible="true" version="1">
    <nd ref="23304" />
    <nd ref="23303" />
    <nd ref="23302" />
    <nd ref="23301" />
    <nd ref="23300" />
    <nd ref="23299" />
    <nd ref="23298" />
    <nd ref="23297" />
    <nd ref="23296" />
    <nd ref="23295" />
    <nd ref="23294" />
    <nd ref="23293" />
    <nd ref="23292" />
    <nd ref="23291" />
    <nd ref="23290" />
    <nd ref="23289" />
    <nd ref="23288" />
    <nd ref="23287" />
    <nd ref="23286" />
    <nd ref="23285" />
    <nd ref="23284" />
    <nd ref="23283" />
    <nd ref="23282" />
    <nd ref="23281" />
    <nd ref="23280" />
  </way>
  <way id="25713" visible="true" version="1">
    <nd ref="23691" />
    <nd ref="23690" />
    <nd ref="23689" />
    <nd ref="23688" />
    <nd ref="23687" />
    <nd ref="23686" />
    <nd ref="23685" />
    <nd ref="23684" />
    <nd ref="23683" />
    <nd ref="23682" />
    <nd ref="23681" />
    <nd ref="23680" />
    <nd ref="23679" />
    <nd ref="23678" />
    <nd ref="23677" />
    <nd ref="23676" />
    <nd ref="23675" />
    <nd ref="23674" />
    <nd ref="23673" />
    <nd ref="23672" />
    <nd ref="23671" />
    <nd ref="23670" />
    <nd ref="23669" />
    <nd ref="23668" />
    <nd ref="23667" />
    <nd ref="23666" />
    <nd ref="23665" />
    <nd ref="23664" />
    <nd ref="23663" />
    <nd ref="23662" />
    <nd ref="23661" />
    <nd ref="23660" />
    <nd ref="23659" />
    <nd ref="23658" />
    <nd ref="23657" />
    <nd ref="23656" />
    <nd ref="23655" />
    <nd ref="23654" />
    <nd ref="23653" />
    <nd ref="23652" />
    <nd ref="23651" />
    <nd ref="23650" />
    <nd ref="23649" />
    <nd ref="23648" />
    <nd ref="23647" />
    <nd ref="23646" />
    <nd ref="23645" />
    <nd ref="23644" />
    <nd ref="23643" />
    <nd ref="23642" />
    <nd ref="23641" />
    <nd ref="23640" />
    <nd ref="23639" />
    <nd ref="23638" />
    <nd ref="23637" />
    <nd ref="23636" />
    <nd ref="23635" />
    <nd ref="23634" />
    <nd ref="23633" />
    <nd ref="23632" />
    <nd ref="23631" />
  </way>
  <way id="25714" visible="true" version="1">
    <nd ref="23368" />
    <nd ref="23367" />
    <nd ref="23366" />
    <nd ref="23365" />
    <nd ref="23364" />
    <nd ref="23363" />
    <nd ref="23362" />
    <nd ref="23361" />
    <nd ref="23360" />
    <nd ref="23359" />
    <nd ref="23358" />
    <nd ref="23357" />
    <nd ref="23356" />
    <nd ref="23355" />
    <nd ref="23354" />
    <nd ref="23353" />
    <nd ref="23352" />
    <nd ref="23351" />
    <nd ref="23350" />
    <nd ref="23349" />
    <nd ref="23348" />
    <nd ref="23347" />
    <nd ref="23346" />
    <nd ref="23345" />
    <nd ref="23344" />
    <nd ref="23343" />
    <nd ref="23342" />
    <nd ref="23341" />
    <nd ref="23340" />
    <nd ref="23339" />
    <nd ref="23338" />
    <nd ref="23337" />
    <nd ref="23336" />
    <nd ref="23335" />
    <nd ref="23334" />
    <nd ref="23333" />
    <nd ref="23332" />
    <nd ref="23331" />
    <nd ref="23330" />
    <nd ref="23329" />
    <nd ref="23328" />
    <nd ref="23327" />
    <nd ref="23326" />
    <nd ref="23325" />
    <nd ref="23324" />
    <nd ref="23323" />
    <nd ref="23322" />
    <nd ref="23321" />
    <nd ref="23320" />
    <nd ref="23319" />
    <nd ref="23318" />
    <nd ref="23317" />
    <nd ref="23316" />
    <nd ref="23315" />
    <nd ref="23314" />
    <nd ref="23313" />
    <nd ref="23312" />
    <nd ref="23311" />
    <nd ref="23310" />
    <nd ref="23309" />
    <nd ref="23308" />
    <nd ref="23307" />
    <nd ref="23306" />
    <nd ref="23305" />
    <nd ref="23304" />
  </way>
  <way id="25750" visible="true" version="1">
    <nd ref="24407" />
    <nd ref="25722" />
    <nd ref="25723" />
    <nd ref="25724" />
    <nd ref="25725" />
    <nd ref="25726" />
    <nd ref="25727" />
    <nd ref="25728" />
    <nd ref="25729" />
    <nd ref="25730" />
    <nd ref="25731" />
    <nd ref="25732" />
    <nd ref="25733" />
    <nd ref="25734" />
    <nd ref="25735" />
    <nd ref="25736" />
    <nd ref="25737" />
    <nd ref="25738" />
    <nd ref="25739" />
    <nd ref="25740" />
    <nd ref="25741" />
    <nd ref="25742" />
    <nd ref="25743" />
    <nd ref="25744" />
    <nd ref="25745" />
    <nd ref="25746" />
    <nd ref="25747" />
    <nd ref="25748" />
    <nd ref="25749" />
    <nd ref="25522" />
  </way>
  <way id="25779" visible="true" version="1">
    <nd ref="24978" />
    <nd ref="25751" />
    <nd ref="25752" />
    <nd ref="25753" />
    <nd ref="25754" />
    <nd ref="25755" />
    <nd ref="25756" />
    <nd ref="25757" />
    <nd ref="25758" />
    <nd ref="25759" />
    <nd ref="25760" />
    <nd ref="25761" />
    <nd ref="25762" />
    <nd ref="25763" />
    <nd ref="25764" />
    <nd ref="25765" />
    <nd ref="25766" />
    <nd ref="25767" />
    <nd ref="25768" />
    <nd ref="25769" />
    <nd ref="25770" />
    <nd ref="25771" />
    <nd ref="25772" />
    <nd ref="25773" />
    <nd ref="25774" />
    <nd ref="25775" />
    <nd ref="25776" />
    <nd ref="25777" />
    <nd ref="25778" />
    <nd ref="25525" />
  </way>
  <way id="25811" visible="true" version="1">
    <nd ref="25781" />
    <nd ref="25782" />
    <nd ref="25783" />
    <nd ref="25784" />
    <nd ref="25785" />
    <nd ref="25786" />
    <nd ref="25787" />
    <nd ref="25788" />
    <nd ref="25789" />
    <nd ref="25790" />
    <nd ref="25791" />
    <nd ref="25792" />
    <nd ref="25793" />
    <nd ref="25794" />
    <nd ref="25795" />
    <nd ref="25796" />
    <nd ref="25797" />
    <nd ref="25798" />
    <nd ref="25799" />
    <nd ref="25800" />
    <nd ref="25801" />
    <nd ref="25802" />
    <nd ref="25803" />
    <nd ref="25804" />
    <nd ref="25805" />
    <nd ref="25806" />
    <nd ref="25807" />
    <nd ref="25808" />
    <nd ref="25809" />
    <nd ref="25810" />
  </way>
  <way id="25840" visible="true" version="1">
    <nd ref="25523" />
    <nd ref="25812" />
    <nd ref="25813" />
    <nd ref="25814" />
    <nd ref="25815" />
    <nd ref="25816" />
    <nd ref="25817" />
    <nd ref="25818" />
    <nd ref="25819" />
    <nd ref="25820" />
    <nd ref="25821" />
    <nd ref="25822" />
    <nd ref="25823" />
    <nd ref="25824" />
    <nd ref="25825" />
    <nd ref="25826" />
    <nd ref="25827" />
    <nd ref="25828" />
    <nd ref="25829" />
    <nd ref="25830" />
    <nd ref="25831" />
    <nd ref="25832" />
    <nd ref="25833" />
    <nd ref="25834" />
    <nd ref="25835" />
    <nd ref="25836" />
    <nd ref="25837" />
    <nd ref="25838" />
    <nd ref="25839" />
    <nd ref="23753" />
  </way>
  <way id="25869" visible="true" version="1">
    <nd ref="25526" />
    <nd ref="25841" />
    <nd ref="25842" />
    <nd ref="25843" />
    <nd ref="25844" />
    <nd ref="25845" />
    <nd ref="25846" />
    <nd ref="25847" />
    <nd ref="25848" />
    <nd ref="25849" />
    <nd ref="25850" />
    <nd ref="25851" />
    <nd ref="25852" />
    <nd ref="25853" />
    <nd ref="25854" />
    <nd ref="25855" />
    <nd ref="25856" />
    <nd ref="25857" />
    <nd ref="25858" />
    <nd ref="25859" />
    <nd ref="25860" />
    <nd ref="25861" />
    <nd ref="25862" />
    <nd ref="25863" />
    <nd ref="25864" />
    <nd ref="25865" />
    <nd ref="25866" />
    <nd ref="25867" />
    <nd ref="25868" />
    <nd ref="24087" />
  </way>
  <way id="25901" visible="true" version="1">
    <nd ref="25871" />
    <nd ref="25872" />
    <nd ref="25873" />
    <nd ref="25874" />
    <nd ref="25875" />
    <nd ref="25876" />
    <nd ref="25877" />
    <nd ref="25878" />
    <nd ref="25879" />
    <nd ref="25880" />
    <nd ref="25881" />
    <nd ref="25882" />
    <nd ref="25883" />
    <nd ref="25884" />
    <nd ref="25885" />
    <nd ref="25886" />
    <nd ref="25887" />
    <nd ref="25888" />
    <nd ref="25889" />
    <nd ref="25890" />
    <nd ref="25891" />
    <nd ref="25892" />
    <nd ref="25893" />
    <nd ref="25894" />
    <nd ref="25895" />
    <nd ref="25896" />
    <nd ref="25897" />
    <nd ref="25898" />
    <nd ref="25899" />
    <nd ref="25900" />
  </way>
  <way id="25930" visible="true" version="1">
    <nd ref="25530" />
    <nd ref="25902" />
    <nd ref="25903" />
    <nd ref="25904" />
    <nd ref="25905" />
    <nd ref="25906" />
    <nd ref="25907" />
    <nd ref="25908" />
    <nd ref="25909" />
    <nd ref="25910" />
    <nd ref="25911" />
    <nd ref="25912" />
    <nd ref="25913" />
    <nd ref="25914" />
    <nd ref="25915" />
    <nd ref="25916" />
    <nd ref="25917" />
    <nd ref="25918" />
    <nd ref="25919" />
    <nd ref="25920" />
    <nd ref="25921" />
    <nd ref="25922" />
    <nd ref="25923" />
    <nd ref="25924" />
    <nd ref="25925" />
    <nd ref="25926" />
    <nd ref="25927" />
    <nd ref="25928" />
    <nd ref="25929" />
    <nd ref="24722" />
  </way>
  <way id="25959" visible="true" version="1">
    <nd ref="25533" />
    <nd ref="25931" />
    <nd ref="25932" />
    <nd ref="25933" />
    <nd ref="25934" />
    <nd ref="25935" />
    <nd ref="25936" />
    <nd ref="25937" />
    <nd ref="25938" />
    <nd ref="25939" />
    <nd ref="25940" />
    <nd ref="25941" />
    <nd ref="25942" />
    <nd ref="25943" />
    <nd ref="25944" />
    <nd ref="25945" />
    <nd ref="25946" />
    <nd ref="25947" />
    <nd ref="25948" />
    <nd ref="25949" />
    <nd ref="25950" />
    <nd ref="25951" />
    <nd ref="25952" />
    <nd ref="25953" />
    <nd ref="25954" />
    <nd ref="25955" />
    <nd ref="25956" />
    <nd ref="25957" />
    <nd ref="25958" />
    <nd ref="25283" />
  </way>
  <way id="25991" visible="true" version="1">
    <nd ref="25961" />
    <nd ref="25962" />
    <nd ref="25963" />
    <nd ref="25964" />
    <nd ref="25965" />
    <nd ref="25966" />
    <nd ref="25967" />
    <nd ref="25968" />
    <nd ref="25969" />
    <nd ref="25970" />
    <nd ref="25971" />
    <nd ref="25972" />
    <nd ref="25973" />
    <nd ref="25974" />
    <nd ref="25975" />
    <nd ref="25976" />
    <nd ref="25977" />
    <nd ref="25978" />
    <nd ref="25979" />
    <nd ref="25980" />
    <nd ref="25981" />
    <nd ref="25982" />
    <nd ref="25983" />
    <nd ref="25984" />
    <nd ref="25985" />
    <nd ref="25986" />
    <nd ref="25987" />
    <nd ref="25988" />
    <nd ref="25989" />
    <nd ref="25990" />
  </way>
  <way id="26020" visible="true" version="1">
    <nd ref="23631" />
    <nd ref="25992" />
    <nd ref="25993" />
    <nd ref="25994" />
    <nd ref="25995" />
    <nd ref="25996" />
    <nd ref="25997" />
    <nd ref="25998" />
    <nd ref="25999" />
    <nd ref="26000" />
    <nd ref="26001" />
    <nd ref="26002" />
    <nd ref="26003" />
    <nd ref="26004" />
    <nd ref="26005" />
    <nd ref="26006" />
    <nd ref="26007" />
    <nd ref="26008" />
    <nd ref="26009" />
    <nd ref="26010" />
    <nd ref="26011" />
    <nd ref="26012" />
    <nd ref="26013" />
    <nd ref="26014" />
    <nd ref="26015" />
    <nd ref="26016" />
    <nd ref="26017" />
    <nd ref="26018" />
    <nd ref="26019" />
    <nd ref="25442" />
  </way>
  <way id="26049" visible="true" version="1">
    <nd ref="23304" />
    <nd ref="26021" />
    <nd ref="26022" />
    <nd ref="26023" />
    <nd ref="26024" />
    <nd ref="26025" />
    <nd ref="26026" />
    <nd ref="26027" />
    <nd ref="26028" />
    <nd ref="26029" />
    <nd ref="26030" />
    <nd ref="26031" />
    <nd ref="26032" />
    <nd ref="26033" />
    <nd ref="26034" />
    <nd ref="26035" />
    <nd ref="26036" />
    <nd ref="26037" />
    <nd ref="26038" />
    <nd ref="26039" />
    <nd ref="26040" />
    <nd ref="26041" />
    <nd ref="26042" />
    <nd ref="26043" />
    <nd ref="26044" />
    <nd ref="26045" />
    <nd ref="26046" />
    <nd ref="26047" />
    <nd ref="26048" />
    <nd ref="24884" />
  </way>
  <way id="26081" visible="true" version="1">
    <nd ref="26051" />
    <nd ref="26052" />
    <nd ref="26053" />
    <nd ref="26054" />
    <nd ref="26055" />
    <nd ref="26056" />
    <nd ref="26057" />
    <nd ref="26058" />
    <nd ref="26059" />
    <nd ref="26060" />
    <nd ref="26061" />
    <nd ref="26062" />
    <nd ref="26063" />
    <nd ref="26064" />
    <nd ref="26065" />
    <nd ref="26066" />
    <nd ref="26067" />
    <nd ref="26068" />
    <nd ref="26069" />
    <nd ref="26070" />
    <nd ref="26071" />
    <nd ref="26072" />
    <nd ref="26073" />
    <nd ref="26074" />
    <nd ref="26075" />
    <nd ref="26076" />
    <nd ref="26077" />
    <nd ref="26078" />
    <nd ref="26079" />
    <nd ref="26080" />
  </way>
  <way id="26110" visible="true" version="1">
    <nd ref="24295" />
    <nd ref="26082" />
    <nd ref="26083" />
    <nd ref="26084" />
    <nd ref="26085" />
    <nd ref="26086" />
    <nd ref="26087" />
    <nd ref="26088" />
    <nd ref="26089" />
    <nd ref="26090" />
    <nd ref="26091" />
    <nd ref="26092" />
    <nd ref="26093" />
    <nd ref="26094" />
    <nd ref="26095" />
    <nd ref="26096" />
    <nd ref="26097" />
    <nd ref="26098" />
    <nd ref="26099" />
    <nd ref="26100" />
    <nd ref="26101" />
    <nd ref="26102" />
    <nd ref="26103" />
    <nd ref="26104" />
    <nd ref="26105" />
    <nd ref="26106" />
    <nd ref="26107" />
    <nd ref="26108" />
    <nd ref="26109" />
    <nd ref="23095" />
  </way>
  <way id="26139" visible="true" version="1">
    <nd ref="23976" />
    <nd ref="26111" />
    <nd ref="26112" />
    <nd ref="26113" />
    <nd ref="26114" />
    <nd ref="26115" />
    <nd ref="26116" />
    <nd ref="26117" />
    <nd ref="26118" />
    <nd ref="26119" />
    <nd ref="26120" />
    <nd ref="26121" />
    <nd ref="26122" />
    <nd ref="26123" />
    <nd ref="26124" />
    <nd ref="26125" />
    <nd ref="26126" />
    <nd ref="26127" />
    <nd ref="26128" />
    <nd ref="26129" />
    <nd ref="26130" />
    <nd ref="26131" />
    <nd ref="26132" />
    <nd ref="26133" />
    <nd ref="26134" />
    <nd ref="26135" />
    <nd ref="26136" />
    <nd ref="26137" />
    <nd ref="26138" />
    <nd ref="23427" />
  </way>
  <way id="26171" visible="true" version="1">
    <nd ref="26141" />
    <nd ref="26142" />
    <nd ref="26143" />
    <nd ref="26144" />
    <nd ref="26145" />
    <nd ref="26146" />
    <nd ref="26147" />
    <nd ref="26148" />
    <nd ref="26149" />
    <nd ref="26150" />
    <nd ref="26151" />
    <nd ref="26152" />
    <nd ref="26153" />
    <nd ref="26154" />
    <nd ref="26155" />
    <nd ref="26156" />
    <nd ref="26157" />
    <nd ref="26158" />
    <nd ref="26159" />
    <nd ref="26160" />
    <nd ref="26161" />
    <nd ref="26162" />
    <nd ref="26163" />
    <nd ref="26164" />
    <nd ref="26165" />
    <nd ref="26166" />
    <nd ref="26167" />
    <nd ref="26168" />
    <nd ref="26169" />
    <nd ref="26170" />
  </way>
  <way id="26200" visible="true" version="1">
    <nd ref="25525" />
    <nd ref="26172" />
    <nd ref="26173" />
    <nd ref="26174" />
    <nd ref="26175" />
    <nd ref="26176" />
    <nd ref="26177" />
    <nd ref="26178" />
    <nd ref="26179" />
    <nd ref="26180" />
    <nd ref="26181" />
    <nd ref="26182" />
    <nd ref="26183" />
    <nd ref="26184" />
    <nd ref="26185" />
    <nd ref="26186" />
    <nd ref="26187" />
    <nd ref="26188" />
    <nd ref="26189" />
    <nd ref="26190" />
    <nd ref="26191" />
    <nd ref="26192" />
    <nd ref="26193" />
    <nd ref="26194" />
    <nd ref="26195" />
    <nd ref="26196" />
    <nd ref="26197" />
    <nd ref="26198" />
    <nd ref="26199" />
    <nd ref="24978" />
  </way>
  <way id="26229" visible="true" version="1">
    <nd ref="25522" />
    <nd ref="26201" />
    <nd ref="26202" />
    <nd ref="26203" />
    <nd ref="26204" />
    <nd ref="26205" />
    <nd ref="26206" />
    <nd ref="26207" />
    <nd ref="26208" />
    <nd ref="26209" />
    <nd ref="26210" />
    <nd ref="26211" />
    <nd ref="26212" />
    <nd ref="26213" />
    <nd ref="26214" />
    <nd ref="26215" />
    <nd ref="26216" />
    <nd ref="26217" />
    <nd ref="26218" />
    <nd ref="26219" />
    <nd ref="26220" />
    <nd ref="26221" />
    <nd ref="26222" />
    <nd ref="26223" />
    <nd ref="26224" />
    <nd ref="26225" />
    <nd ref="26226" />
    <nd ref="26227" />
    <nd ref="26228" />
    <nd ref="24407" />
  </way>
  <way id="26261" visible="true" version="1">
    <nd ref="26231" />
    <nd ref="26232" />
    <nd ref="26233" />
    <nd ref="26234" />
    <nd ref="26235" />
    <nd ref="26236" />
    <nd ref="26237" />
    <nd ref="26238" />
    <nd ref="26239" />
    <nd ref="26240" />
    <nd ref="26241" />
    <nd ref="26242" />
    <nd ref="26243" />
    <nd ref="26244" />
    <nd ref="26245" />
    <nd ref="26246" />
    <nd ref="26247" />
    <nd ref="26248" />
    <nd ref="26249" />
    <nd ref="26250" />
    <nd ref="26251" />
    <nd ref="26252" />
    <nd ref="26253" />
    <nd ref="26254" />
    <nd ref="26255" />
    <nd ref="26256" />
    <nd ref="26257" />
    <nd ref="26258" />
    <nd ref="26259" />
    <nd ref="26260" />
  </way>
  <way id="26290" visible="true" version="1">
    <nd ref="24087" />
    <nd ref="26262" />
    <nd ref="26263" />
    <nd ref="26264" />
    <nd ref="26265" />
    <nd ref="26266" />
    <nd ref="26267" />
    <nd ref="26268" />
    <nd ref="26269" />
    <nd ref="26270" />
    <nd ref="26271" />
    <nd ref="26272" />
    <nd ref="26273" />
    <nd ref="26274" />
    <nd ref="26275" />
    <nd ref="26276" />
    <nd ref="26277" />
    <nd ref="26278" />
    <nd ref="26279" />
    <nd ref="26280" />
    <nd ref="26281" />
    <nd ref="26282" />
    <nd ref="26283" />
    <nd ref="26284" />
    <nd ref="26285" />
    <nd ref="26286" />
    <nd ref="26287" />
    <nd ref="26288" />
    <nd ref="26289" />
    <nd ref="25526" />
  </way>
  <way id="26319" visible="true" version="1">
    <nd ref="23753" />
    <nd ref="26291" />
    <nd ref="26292" />
    <nd ref="26293" />
    <nd ref="26294" />
    <nd ref="26295" />
    <nd ref="26296" />
    <nd ref="26297" />
    <nd ref="26298" />
    <nd ref="26299" />
    <nd ref="26300" />
    <nd ref="26301" />
    <nd ref="26302" />
    <nd ref="26303" />
    <nd ref="26304" />
    <nd ref="26305" />
    <nd ref="26306" />
    <nd ref="26307" />
    <nd ref="26308" />
    <nd ref="26309" />
    <nd ref="26310" />
    <nd ref="26311" />
    <nd ref="26312" />
    <nd ref="26313" />
    <nd ref="26314" />
    <nd ref="26315" />
    <nd ref="26316" />
    <nd ref="26317" />
    <nd ref="26318" />
    <nd ref="25523" />
  </way>
  <way id="26351" visible="true" version="1">
    <nd ref="26321" />
    <nd ref="26322" />
    <nd ref="26323" />
    <nd ref="26324" />
    <nd ref="26325" />
    <nd ref="26326" />
    <nd ref="26327" />
    <nd ref="26328" />
    <nd ref="26329" />
    <nd ref="26330" />
    <nd ref="26331" />
    <nd ref="26332" />
    <nd ref="26333" />
    <nd ref="26334" />
    <nd ref="26335" />
    <nd ref="26336" />
    <nd ref="26337" />
    <nd ref="26338" />
    <nd ref="26339" />
    <nd ref="26340" />
    <nd ref="26341" />
    <nd ref="26342" />
    <nd ref="26343" />
    <nd ref="26344" />
    <nd ref="26345" />
    <nd ref="26346" />
    <nd ref="26347" />
    <nd ref="26348" />
    <nd ref="26349" />
    <nd ref="26350" />
  </way>
  <way id="26380" visible="true" version="1">
    <nd ref="25283" />
    <nd ref="26352" />
    <nd ref="26353" />
    <nd ref="26354" />
    <nd ref="26355" />
    <nd ref="26356" />
    <nd ref="26357" />
    <nd ref="26358" />
    <nd ref="26359" />
    <nd ref="26360" />
    <nd ref="26361" />
    <nd ref="26362" />
    <nd ref="26363" />
    <nd ref="26364" />
    <nd ref="26365" />
    <nd ref="26366" />
    <nd ref="26367" />
    <nd ref="26368" />
    <nd ref="26369" />
    <nd ref="26370" />
    <nd ref="26371" />
    <nd ref="26372" />
    <nd ref="26373" />
    <nd ref="26374" />
    <nd ref="26375" />
    <nd ref="26376" />
    <nd ref="26377" />
    <nd ref="26378" />
    <nd ref="26379" />
    <nd ref="25533" />
  </way>
  <way id="26409" visible="true" version="1">
    <nd ref="24722" />
    <nd ref="26381" />
    <nd ref="26382" />
    <nd ref="26383" />
    <nd ref="26384" />
    <nd ref="26385" />
    <nd ref="26386" />
    <nd ref="26387" />
    <nd ref="26388" />
    <nd ref="26389" />
    <nd ref="26390" />
    <nd ref="26391" />
    <nd ref="26392" />
    <nd ref="26393" />
    <nd ref="26394" />
    <nd ref="26395" />
    <nd ref="26396" />
    <nd ref="26397" />
    <nd ref="26398" />
    <nd ref="26399" />
    <nd ref="26400" />
    <nd ref="26401" />
    <nd ref="26402" />
    <nd ref="26403" />
    <nd ref="26404" />
    <nd ref="26405" />
    <nd ref="26406" />
    <nd ref="26407" />
    <nd ref="26408" />
    <nd ref="25530" />
  </way>
  <way id="26441" visible="true" version="1">
    <nd ref="26411" />
    <nd ref="26412" />
    <nd ref="26413" />
    <nd ref="26414" />
    <nd ref="26415" />
    <nd ref="26416" />
    <nd ref="26417" />
    <nd ref="26418" />
    <nd ref="26419" />
    <nd ref="26420" />
    <nd ref="26421" />
    <nd ref="26422" />
    <nd ref="26423" />
    <nd ref="26424" />
    <nd ref="26425" />
    <nd ref="26426" />
    <nd ref="26427" />
    <nd ref="26428" />
    <nd ref="26429" />
    <nd ref="26430" />
    <nd ref="26431" />
    <nd ref="26432" />
    <nd ref="26433" />
    <nd ref="26434" />
    <nd ref="26435" />
    <nd ref="26436" />
    <nd ref="26437" />
    <nd ref="26438" />
    <nd ref="26439" />
    <nd ref="26440" />
  </way>
  <way id="26470" visible="true" version="1">
    <nd ref="23631" />
    <nd ref="26442" />
    <nd ref="26443" />
    <nd ref="26444" />
    <nd ref="26445" />
    <nd ref="26446" />
    <nd ref="26447" />
    <nd ref="26448" />
    <nd ref="26449" />
    <nd ref="26450" />
    <nd ref="26451" />
    <nd ref="26452" />
    <nd ref="26453" />
    <nd ref="26454" />
    <nd ref="26455" />
    <nd ref="26456" />
    <nd ref="26457" />
    <nd ref="26458" />
    <nd ref="26459" />
    <nd ref="26460" />
    <nd ref="26461" />
    <nd ref="26462" />
    <nd ref="26463" />
    <nd ref="26464" />
    <nd ref="26465" />
    <nd ref="26466" />
    <nd ref="26467" />
    <nd ref="26468" />
    <nd ref="26469" />
    <nd ref="24909" />
  </way>
  <way id="26499" visible="true" version="1">
    <nd ref="23304" />
    <nd ref="26471" />
    <nd ref="26472" />
    <nd ref="26473" />
    <nd ref="26474" />
    <nd ref="26475" />
    <nd ref="26476" />
    <nd ref="26477" />
    <nd ref="26478" />
    <nd ref="26479" />
    <nd ref="26480" />
    <nd ref="26481" />
    <nd ref="26482" />
    <nd ref="26483" />
    <nd ref="26484" />
    <nd ref="26485" />
    <nd ref="26486" />
    <nd ref="26487" />
    <nd ref="26488" />
    <nd ref="26489" />
    <nd ref="26490" />
    <nd ref="26491" />
    <nd ref="26492" />
    <nd ref="26493" />
    <nd ref="26494" />
    <nd ref="26495" />
    <nd ref="26496" />
    <nd ref="26497" />
    <nd ref="26498" />
    <nd ref="25466" />
  </way>
  <way id="26531" visible="true" version="1">
    <nd ref="26501" />
    <nd ref="26502" />
    <nd ref="26503" />
    <nd ref="26504" />
    <nd ref="26505" />
    <nd ref="26506" />
    <nd ref="26507" />
    <nd ref="26508" />
    <nd ref="26509" />
    <nd ref="26510" />
    <nd ref="26511" />
    <nd ref="26512" />
    <nd ref="26513" />
    <nd ref="26514" />
    <nd ref="26515" />
    <nd ref="26516" />
    <nd ref="26517" />
    <nd ref="26518" />
    <nd ref="26519" />
    <nd ref="26520" />
    <nd ref="26521" />
    <nd ref="26522" />
    <nd ref="26523" />
    <nd ref="26524" />
    <nd ref="26525" />
    <nd ref="26526" />
    <nd ref="26527" />
    <nd ref="26528" />
    <nd ref="26529" />
    <nd ref="26530" />
  </way>
  <way id="26560" visible="true" version="1">
    <nd ref="24690" />
    <nd ref="26532" />
    <nd ref="26533" />
    <nd ref="26534" />
    <nd ref="26535" />
    <nd ref="26536" />
    <nd ref="26537" />
    <nd ref="26538" />
    <nd ref="26539" />
    <nd ref="26540" />
    <nd ref="26541" />
    <nd ref="26542" />
    <nd ref="26543" />
    <nd ref="26544" />
    <nd ref="26545" />
    <nd ref="26546" />
    <nd ref="26547" />
    <nd ref="26548" />
    <nd ref="26549" />
    <nd ref="26550" />
    <nd ref="26551" />
    <nd ref="26552" />
    <nd ref="26553" />
    <nd ref="26554" />
    <nd ref="26555" />
    <nd ref="26556" />
    <nd ref="26557" />
    <nd ref="26558" />
    <nd ref="26559" />
    <nd ref="25533" />
  </way>
  <way id="26589" visible="true" version="1">
    <nd ref="25257" />
    <nd ref="26561" />
    <nd ref="26562" />
    <nd ref="26563" />
    <nd ref="26564" />
    <nd ref="26565" />
    <nd ref="26566" />
    <nd ref="26567" />
    <nd ref="26568" />
    <nd ref="26569" />
    <nd ref="26570" />
    <nd ref="26571" />
    <nd ref="26572" />
    <nd ref="26573" />
    <nd ref="26574" />
    <nd ref="26575" />
    <nd ref="26576" />
    <nd ref="26577" />
    <nd ref="26578" />
    <nd ref="26579" />
    <nd ref="26580" />
    <nd ref="26581" />
    <nd ref="26582" />
    <nd ref="26583" />
    <nd ref="26584" />
    <nd ref="26585" />
    <nd ref="26586" />
    <nd ref="26587" />
    <nd ref="26588" />
    <nd ref="25530" />
  </way>
  <way id="26621" visible="true" version="1">
    <nd ref="26591" />
    <nd ref="26592" />
    <nd ref="26593" />
    <nd ref="26594" />
    <nd ref="26595" />
    <nd ref="26596" />
    <nd ref="26597" />
    <nd ref="26598" />
    <nd ref="26599" />
    <nd ref="26600" />
    <nd ref="26601" />
    <nd ref="26602" />
    <nd ref="26603" />
    <nd ref="26604" />
    <nd ref="26605" />
    <nd ref="26606" />
    <nd ref="26607" />
    <nd ref="26608" />
    <nd ref="26609" />
    <nd ref="26610" />
    <nd ref="26611" />
    <nd ref="26612" />
    <nd ref="26613" />
    <nd ref="26614" />
    <nd ref="26615" />
    <nd ref="26616" />
    <nd ref="26617" />
    <nd ref="26618" />
    <nd ref="26619" />
    <nd ref="26620" />
  </way>
  <way id="26650" visible="true" version="1">
    <nd ref="24884" />
    <nd ref="26622" />
    <nd ref="26623" />
    <nd ref="26624" />
    <nd ref="26625" />
    <nd ref="26626" />
    <nd ref="26627" />
    <nd ref="26628" />
    <nd ref="26629" />
    <nd ref="26630" />
    <nd ref="26631" />
    <nd ref="26632" />
    <nd ref="26633" />
    <nd ref="26634" />
    <nd ref="26635" />
    <nd ref="26636" />
    <nd ref="26637" />
    <nd ref="26638" />
    <nd ref="26639" />
    <nd ref="26640" />
    <nd ref="26641" />
    <nd ref="26642" />
    <nd ref="26643" />
    <nd ref="26644" />
    <nd ref="26645" />
    <nd ref="26646" />
    <nd ref="26647" />
    <nd ref="26648" />
    <nd ref="26649" />
    <nd ref="23304" />
  </way>
  <way id="26679" visible="true" version="1">
    <nd ref="25442" />
    <nd ref="26651" />
    <nd ref="26652" />
    <nd ref="26653" />
    <nd ref="26654" />
    <nd ref="26655" />
    <nd ref="26656" />
    <nd ref="26657" />
    <nd ref="26658" />
    <nd ref="26659" />
    <nd ref="26660" />
    <nd ref="26661" />
    <nd ref="26662" />
    <nd ref="26663" />
    <nd ref="26664" />
    <nd ref="26665" />
    <nd ref="26666" />
    <nd ref="26667" />
    <nd ref="26668" />
    <nd ref="26669" />
    <nd ref="26670" />
    <nd ref="26671" />
    <nd ref="26672" />
    <nd ref="26673" />
    <nd ref="26674" />
    <nd ref="26675" />
    <nd ref="26676" />
    <nd ref="26677" />
    <nd ref="26678" />
    <nd ref="23631" />
  </way>
  <way id="26711" visible="true" version="1">
    <nd ref="26681" />
    <nd ref="26682" />
    <nd ref="26683" />
    <nd ref="26684" />
    <nd ref="26685" />
    <nd ref="26686" />
    <nd ref="26687" />
    <nd ref="26688" />
    <nd ref="26689" />
    <nd ref="26690" />
    <nd ref="26691" />
    <nd ref="26692" />
    <nd ref="26693" />
    <nd ref="26694" />
    <nd ref="26695" />
    <nd ref="26696" />
    <nd ref="26697" />
    <nd ref="26698" />
    <nd ref="26699" />
    <nd ref="26700" />
    <nd ref="26701" />
    <nd ref="26702" />
    <nd ref="26703" />
    <nd ref="26704" />
    <nd ref="26705" />
    <nd ref="26706" />
    <nd ref="26707" />
    <nd ref="26708" />
    <nd ref="26709" />
    <nd ref="26710" />
  </way>
  <way id="26740" visible="true" version="1">
    <nd ref="23427" />
    <nd ref="26712" />
    <nd ref="26713" />
    <nd ref="26714" />
    <nd ref="26715" />
    <nd ref="26716" />
    <nd ref="26717" />
    <nd ref="26718" />
    <nd ref="26719" />
    <nd ref="26720" />
    <nd ref="26721" />
    <nd ref="26722" />
    <nd ref="26723" />
    <nd ref="26724" />
    <nd ref="26725" />
    <nd ref="26726" />
    <nd ref="26727" />
    <nd ref="26728" />
    <nd ref="26729" />
    <nd ref="26730" />
    <nd ref="26731" />
    <nd ref="26732" />
    <nd ref="26733" />
    <nd ref="26734" />
    <nd ref="26735" />
    <nd ref="26736" />
    <nd ref="26737" />
    <nd ref="26738" />
    <nd ref="26739" />
    <nd ref="23976" />
  </way>
  <way id="26769" visible="true" version="1">
    <nd ref="23095" />
    <nd ref="26741" />
    <nd ref="26742" />
    <nd ref="26743" />
    <nd ref="26744" />
    <nd ref="26745" />
    <nd ref="26746" />
    <nd ref="26747" />
    <nd ref="26748" />
    <nd ref="26749" />
    <nd ref="26750" />
    <nd ref="26751" />
    <nd ref="26752" />
    <nd ref="26753" />
    <nd ref="26754" />
    <nd ref="26755" />
    <nd ref="26756" />
    <nd ref="26757" />
    <nd ref="26758" />
    <nd ref="26759" />
    <nd ref="26760" />
    <nd ref="26761" />
    <nd ref="26762" />
    <nd ref="26763" />
    <nd ref="26764" />
    <nd ref="26765" />
    <nd ref="26766" />
    <nd ref="26767" />
    <nd ref="26768" />
    <nd ref="24295" />
  </way>
  <way id="26801" visible="true" version="1">
    <nd ref="26771" />
    <nd ref="26772" />
    <nd ref="26773" />
    <nd ref="26774" />
    <nd ref="26775" />
    <nd ref="26776" />
    <nd ref="26777" />
    <nd ref="26778" />
    <nd ref="26779" />
    <nd ref="26780" />
    <nd ref="26781" />
    <nd ref="26782" />
    <nd ref="26783" />
    <nd ref="26784" />
    <nd ref="26785" />
    <nd ref="26786" />
    <nd ref="26787" />
    <nd ref="26788" />
    <nd ref="26789" />
    <nd ref="26790" />
    <nd ref="26791" />
    <nd ref="26792" />
    <nd ref="26793" />
    <nd ref="26794" />
    <nd ref="26795" />
    <nd ref="26796" />
    <nd ref="26797" />
    <nd ref="26798" />
    <nd ref="26799" />
    <nd ref="26800" />
  </way>
  <way id="26830" visible="true" version="1">
    <nd ref="23069" />
    <nd ref="26802" />
    <nd ref="26803" />
    <nd ref="26804" />
    <nd ref="26805" />
    <nd ref="26806" />
    <nd ref="26807" />
    <nd ref="26808" />
    <nd ref="26809" />
    <nd ref="26810" />
    <nd ref="26811" />
    <nd ref="26812" />
    <nd ref="26813" />
    <nd ref="26814" />
    <nd ref="26815" />
    <nd ref="26816" />
    <nd ref="26817" />
    <nd ref="26818" />
    <nd ref="26819" />
    <nd ref="26820" />
    <nd ref="26821" />
    <nd ref="26822" />
    <nd ref="26823" />
    <nd ref="26824" />
    <nd ref="26825" />
    <nd ref="26826" />
    <nd ref="26827" />
    <nd ref="26828" />
    <nd ref="26829" />
    <nd ref="24274" />
  </way>
  <way id="26859" visible="true" version="1">
    <nd ref="23402" />
    <nd ref="26831" />
    <nd ref="26832" />
    <nd ref="26833" />
    <nd ref="26834" />
    <nd ref="26835" />
    <nd ref="26836" />
    <nd ref="26837" />
    <nd ref="26838" />
    <nd ref="26839" />
    <nd ref="26840" />
    <nd ref="26841" />
    <nd ref="26842" />
    <nd ref="26843" />
    <nd ref="26844" />
    <nd ref="26845" />
    <nd ref="26846" />
    <nd ref="26847" />
    <nd ref="26848" />
    <nd ref="26849" />
    <nd ref="26850" />
    <nd ref="26851" />
    <nd ref="26852" />
    <nd ref="26853" />
    <nd ref="26854" />
    <nd ref="26855" />
    <nd ref="26856" />
    <nd ref="26857" />
    <nd ref="26858" />
    <nd ref="23956" />
  </way>
  <way id="26891" visible="true" version="1">
    <nd ref="26861" />
    <nd ref="26862" />
    <nd ref="26863" />
    <nd ref="26864" />
    <nd ref="26865" />
    <nd ref="26866" />
    <nd ref="26867" />
    <nd ref="26868" />
    <nd ref="26869" />
    <nd ref="26870" />
    <nd ref="26871" />
    <nd ref="26872" />
    <nd ref="26873" />
    <nd ref="26874" />
    <nd ref="26875" />
    <nd ref="26876" />
    <nd ref="26877" />
    <nd ref="26878" />
    <nd ref="26879" />
    <nd ref="26880" />
    <nd ref="26881" />
    <nd ref="26882" />
    <nd ref="26883" />
    <nd ref="26884" />
    <nd ref="26885" />
    <nd ref="26886" />
    <nd ref="26887" />
    <nd ref="26888" />
    <nd ref="26889" />
    <nd ref="26890" />
  </way>
  <way id="26920" visible="true" version="1">
    <nd ref="23069" />
    <nd ref="26892" />
    <nd ref="26893" />
    <nd ref="26894" />
    <nd ref="26895" />
    <nd ref="26896" />
    <nd ref="26897" />
    <nd ref="26898" />
    <nd ref="26899" />
    <nd ref="26900" />
    <nd ref="26901" />
    <nd ref="26902" />
    <nd ref="26903" />
    <nd ref="26904" />
    <nd ref="26905" />
    <nd ref="26906" />
    <nd ref="26907" />
    <nd ref="26908" />
    <nd ref="26909" />
    <nd ref="26910" />
    <nd ref="26911" />
    <nd ref="26912" />
    <nd ref="26913" />
    <nd ref="26914" />
    <nd ref="26915" />
    <nd ref="26916" />
    <nd ref="26917" />
    <nd ref="26918" />
    <nd ref="26919" />
    <nd ref="23976" />
  </way>
  <way id="26949" visible="true" version="1">
    <nd ref="23402" />
    <nd ref="26921" />
    <nd ref="26922" />
    <nd ref="26923" />
    <nd ref="26924" />
    <nd ref="26925" />
    <nd ref="26926" />
    <nd ref="26927" />
    <nd ref="26928" />
    <nd ref="26929" />
    <nd ref="26930" />
    <nd ref="26931" />
    <nd ref="26932" />
    <nd ref="26933" />
    <nd ref="26934" />
    <nd ref="26935" />
    <nd ref="26936" />
    <nd ref="26937" />
    <nd ref="26938" />
    <nd ref="26939" />
    <nd ref="26940" />
    <nd ref="26941" />
    <nd ref="26942" />
    <nd ref="26943" />
    <nd ref="26944" />
    <nd ref="26945" />
    <nd ref="26946" />
    <nd ref="26947" />
    <nd ref="26948" />
    <nd ref="24295" />
  </way>
  <way id="26981" visible="true" version="1">
    <nd ref="26951" />
    <nd ref="26952" />
    <nd ref="26953" />
    <nd ref="26954" />
    <nd ref="26955" />
    <nd ref="26956" />
    <nd ref="26957" />
    <nd ref="26958" />
    <nd ref="26959" />
    <nd ref="26960" />
    <nd ref="26961" />
    <nd ref="26962" />
    <nd ref="26963" />
    <nd ref="26964" />
    <nd ref="26965" />
    <nd ref="26966" />
    <nd ref="26967" />
    <nd ref="26968" />
    <nd ref="26969" />
    <nd ref="26970" />
    <nd ref="26971" />
    <nd ref="26972" />
    <nd ref="26973" />
    <nd ref="26974" />
    <nd ref="26975" />
    <nd ref="26976" />
    <nd ref="26977" />
    <nd ref="26978" />
    <nd ref="26979" />
    <nd ref="26980" />
  </way>
  <way id="27010" visible="true" version="1">
    <nd ref="23427" />
    <nd ref="26982" />
    <nd ref="26983" />
    <nd ref="26984" />
    <nd ref="26985" />
    <nd ref="26986" />
    <nd ref="26987" />
    <nd ref="26988" />
    <nd ref="26989" />
    <nd ref="26990" />
    <nd ref="26991" />
    <nd ref="26992" />
    <nd ref="26993" />
    <nd ref="26994" />
    <nd ref="26995" />
    <nd ref="26996" />
    <nd ref="26997" />
    <nd ref="26998" />
    <nd ref="26999" />
    <nd ref="27000" />
    <nd ref="27001" />
    <nd ref="27002" />
    <nd ref="27003" />
    <nd ref="27004" />
    <nd ref="27005" />
    <nd ref="27006" />
    <nd ref="27007" />
    <nd ref="27008" />
    <nd ref="27009" />
    <nd ref="24274" />
  </way>
  <way id="27039" visible="true" version="1">
    <nd ref="23095" />
    <nd ref="27011" />
    <nd ref="27012" />
    <nd ref="27013" />
    <nd ref="27014" />
    <nd ref="27015" />
    <nd ref="27016" />
    <nd ref="27017" />
    <nd ref="27018" />
    <nd ref="27019" />
    <nd ref="27020" />
    <nd ref="27021" />
    <nd ref="27022" />
    <nd ref="27023" />
    <nd ref="27024" />
    <nd ref="27025" />
    <nd ref="27026" />
    <nd ref="27027" />
    <nd ref="27028" />
    <nd ref="27029" />
    <nd ref="27030" />
    <nd ref="27031" />
    <nd ref="27032" />
    <nd ref="27033" />
    <nd ref="27034" />
    <nd ref="27035" />
    <nd ref="27036" />
    <nd ref="27037" />
    <nd ref="27038" />
    <nd ref="23956" />
  </way>
  <way id="27071" visible="true" version="1">
    <nd ref="27041" />
    <nd ref="27042" />
    <nd ref="27043" />
    <nd ref="27044" />
    <nd ref="27045" />
    <nd ref="27046" />
    <nd ref="27047" />
    <nd ref="27048" />
    <nd ref="27049" />
    <nd ref="27050" />
    <nd ref="27051" />
    <nd ref="27052" />
    <nd ref="27053" />
    <nd ref="27054" />
    <nd ref="27055" />
    <nd ref="27056" />
    <nd ref="27057" />
    <nd ref="27058" />
    <nd ref="27059" />
    <nd ref="27060" />
    <nd ref="27061" />
    <nd ref="27062" />
    <nd ref="27063" />
    <nd ref="27064" />
    <nd ref="27065" />
    <nd ref="27066" />
    <nd ref="27067" />
    <nd ref="27068" />
    <nd ref="27069" />
    <nd ref="27070" />
  </way>
  <way id="27100" visible="true" version="1">
    <nd ref="25523" />
    <nd ref="27072" />
    <nd ref="27073" />
    <nd ref="27074" />
    <nd ref="27075" />
    <nd ref="27076" />
    <nd ref="27077" />
    <nd ref="27078" />
    <nd ref="27079" />
    <nd ref="27080" />
    <nd ref="27081" />
    <nd ref="27082" />
    <nd ref="27083" />
    <nd ref="27084" />
    <nd ref="27085" />
    <nd ref="27086" />
    <nd ref="27087" />
    <nd ref="27088" />
    <nd ref="27089" />
    <nd ref="27090" />
    <nd ref="27091" />
    <nd ref="27092" />
    <nd ref="27093" />
    <nd ref="27094" />
    <nd ref="27095" />
    <nd ref="27096" />
    <nd ref="27097" />
    <nd ref="27098" />
    <nd ref="27099" />
    <nd ref="24069" />
  </way>
  <way id="27129" visible="true" version="1">
    <nd ref="25526" />
    <nd ref="27101" />
    <nd ref="27102" />
    <nd ref="27103" />
    <nd ref="27104" />
    <nd ref="27105" />
    <nd ref="27106" />
    <nd ref="27107" />
    <nd ref="27108" />
    <nd ref="27109" />
    <nd ref="27110" />
    <nd ref="27111" />
    <nd ref="27112" />
    <nd ref="27113" />
    <nd ref="27114" />
    <nd ref="27115" />
    <nd ref="27116" />
    <nd ref="27117" />
    <nd ref="27118" />
    <nd ref="27119" />
    <nd ref="27120" />
    <nd ref="27121" />
    <nd ref="27122" />
    <nd ref="27123" />
    <nd ref="27124" />
    <nd ref="27125" />
    <nd ref="27126" />
    <nd ref="27127" />
    <nd ref="27128" />
    <nd ref="23736" />
  </way>
  <way id="27161" visible="true" version="1">
    <nd ref="27131" />
    <nd ref="27132" />
    <nd ref="27133" />
    <nd ref="27134" />
    <nd ref="27135" />
    <nd ref="27136" />
    <nd ref="27137" />
    <nd ref="27138" />
    <nd ref="27139" />
    <nd ref="27140" />
    <nd ref="27141" />
    <nd ref="27142" />
    <nd ref="27143" />
    <nd ref="27144" />
    <nd ref="27145" />
    <nd ref="27146" />
    <nd ref="27147" />
    <nd ref="27148" />
    <nd ref="27149" />
    <nd ref="27150" />
    <nd ref="27151" />
    <nd ref="27152" />
    <nd ref="27153" />
    <nd ref="27154" />
    <nd ref="27155" />
    <nd ref="27156" />
    <nd ref="27157" />
    <nd ref="27158" />
    <nd ref="27159" />
    <nd ref="27160" />
  </way>
  <way id="27190" visible="true" version="1">
    <nd ref="24993" />
    <nd ref="27162" />
    <nd ref="27163" />
    <nd ref="27164" />
    <nd ref="27165" />
    <nd ref="27166" />
    <nd ref="27167" />
    <nd ref="27168" />
    <nd ref="27169" />
    <nd ref="27170" />
    <nd ref="27171" />
    <nd ref="27172" />
    <nd ref="27173" />
    <nd ref="27174" />
    <nd ref="27175" />
    <nd ref="27176" />
    <nd ref="27177" />
    <nd ref="27178" />
    <nd ref="27179" />
    <nd ref="27180" />
    <nd ref="27181" />
    <nd ref="27182" />
    <nd ref="27183" />
    <nd ref="27184" />
    <nd ref="27185" />
    <nd ref="27186" />
    <nd ref="27187" />
    <nd ref="27188" />
    <nd ref="27189" />
    <nd ref="25522" />
  </way>
  <way id="27219" visible="true" version="1">
    <nd ref="24422" />
    <nd ref="27191" />
    <nd ref="27192" />
    <nd ref="27193" />
    <nd ref="27194" />
    <nd ref="27195" />
    <nd ref="27196" />
    <nd ref="27197" />
    <nd ref="27198" />
    <nd ref="27199" />
    <nd ref="27200" />
    <nd ref="27201" />
    <nd ref="27202" />
    <nd ref="27203" />
    <nd ref="27204" />
    <nd ref="27205" />
    <nd ref="27206" />
    <nd ref="27207" />
    <nd ref="27208" />
    <nd ref="27209" />
    <nd ref="27210" />
    <nd ref="27211" />
    <nd ref="27212" />
    <nd ref="27213" />
    <nd ref="27214" />
    <nd ref="27215" />
    <nd ref="27216" />
    <nd ref="27217" />
    <nd ref="27218" />
    <nd ref="25525" />
  </way>
  <way id="27251" visible="true" version="1">
    <nd ref="27221" />
    <nd ref="27222" />
    <nd ref="27223" />
    <nd ref="27224" />
    <nd ref="27225" />
    <nd ref="27226" />
    <nd ref="27227" />
    <nd ref="27228" />
    <nd ref="27229" />
    <nd ref="27230" />
    <nd ref="27231" />
    <nd ref="27232" />
    <nd ref="27233" />
    <nd ref="27234" />
    <nd ref="27235" />
    <nd ref="27236" />
    <nd ref="27237" />
    <nd ref="27238" />
    <nd ref="27239" />
    <nd ref="27240" />
    <nd ref="27241" />
    <nd ref="27242" />
    <nd ref="27243" />
    <nd ref="27244" />
    <nd ref="27245" />
    <nd ref="27246" />
    <nd ref="27247" />
    <nd ref="27248" />
    <nd ref="27249" />
    <nd ref="27250" />
  </way>
  <way id="27280" visible="true" version="1">
    <nd ref="25140" />
    <nd ref="27252" />
    <nd ref="27253" />
    <nd ref="27254" />
    <nd ref="27255" />
    <nd ref="27256" />
    <nd ref="27257" />
    <nd ref="27258" />
    <nd ref="27259" />
    <nd ref="27260" />
    <nd ref="27261" />
    <nd ref="27262" />
    <nd ref="27263" />
    <nd ref="27264" />
    <nd ref="27265" />
    <nd ref="27266" />
    <nd ref="27267" />
    <nd ref="27268" />
    <nd ref="27269" />
    <nd ref="27270" />
    <nd ref="27271" />
    <nd ref="27272" />
    <nd ref="27273" />
    <nd ref="27274" />
    <nd ref="27275" />
    <nd ref="27276" />
    <nd ref="27277" />
    <nd ref="27278" />
    <nd ref="27279" />
    <nd ref="23040" />
  </way>
  <way id="27309" visible="true" version="1">
    <nd ref="24568" />
    <nd ref="27281" />
    <nd ref="27282" />
    <nd ref="27283" />
    <nd ref="27284" />
    <nd ref="27285" />
    <nd ref="27286" />
    <nd ref="27287" />
    <nd ref="27288" />
    <nd ref="27289" />
    <nd ref="27290" />
    <nd ref="27291" />
    <nd ref="27292" />
    <nd ref="27293" />
    <nd ref="27294" />
    <nd ref="27295" />
    <nd ref="27296" />
    <nd ref="27297" />
    <nd ref="27298" />
    <nd ref="27299" />
    <nd ref="27300" />
    <nd ref="27301" />
    <nd ref="27302" />
    <nd ref="27303" />
    <nd ref="27304" />
    <nd ref="27305" />
    <nd ref="27306" />
    <nd ref="27307" />
    <nd ref="27308" />
    <nd ref="23038" />
  </way>
  <way id="27341" visible="true" version="1">
    <nd ref="27311" />
    <nd ref="27312" />
    <nd ref="27313" />
    <nd ref="27314" />
    <nd ref="27315" />
    <nd ref="27316" />
    <nd ref="27317" />
    <nd ref="27318" />
    <nd ref="27319" />
    <nd ref="27320" />
    <nd ref="27321" />
    <nd ref="27322" />
    <nd ref="27323" />
    <nd ref="27324" />
    <nd ref="27325" />
    <nd ref="27326" />
    <nd ref="27327" />
    <nd ref="27328" />
    <nd ref="27329" />
    <nd ref="27330" />
    <nd ref="27331" />
    <nd ref="27332" />
    <nd ref="27333" />
    <nd ref="27334" />
    <nd ref="27335" />
    <nd ref="27336" />
    <nd ref="27337" />
    <nd ref="27338" />
    <nd ref="27339" />
    <nd ref="27340" />
  </way>
  <way id="27370" visible="true" version="1">
    <nd ref="25466" />
    <nd ref="27342" />
    <nd ref="27343" />
    <nd ref="27344" />
    <nd ref="27345" />
    <nd ref="27346" />
    <nd ref="27347" />
    <nd ref="27348" />
    <nd ref="27349" />
    <nd ref="27350" />
    <nd ref="27351" />
    <nd ref="27352" />
    <nd ref="27353" />
    <nd ref="27354" />
    <nd ref="27355" />
    <nd ref="27356" />
    <nd ref="27357" />
    <nd ref="27358" />
    <nd ref="27359" />
    <nd ref="27360" />
    <nd ref="27361" />
    <nd ref="27362" />
    <nd ref="27363" />
    <nd ref="27364" />
    <nd ref="27365" />
    <nd ref="27366" />
    <nd ref="27367" />
    <nd ref="27368" />
    <nd ref="27369" />
    <nd ref="23304" />
  </way>
  <way id="27399" visible="true" version="1">
    <nd ref="24909" />
    <nd ref="27371" />
    <nd ref="27372" />
    <nd ref="27373" />
    <nd ref="27374" />
    <nd ref="27375" />
    <nd ref="27376" />
    <nd ref="27377" />
    <nd ref="27378" />
    <nd ref="27379" />
    <nd ref="27380" />
    <nd ref="27381" />
    <nd ref="27382" />
    <nd ref="27383" />
    <nd ref="27384" />
    <nd ref="27385" />
    <nd ref="27386" />
    <nd ref="27387" />
    <nd ref="27388" />
    <nd ref="27389" />
    <nd ref="27390" />
    <nd ref="27391" />
    <nd ref="27392" />
    <nd ref="27393" />
    <nd ref="27394" />
    <nd ref="27395" />
    <nd ref="27396" />
    <nd ref="27397" />
    <nd ref="27398" />
    <nd ref="23631" />
  </way>
  <way id="27431" visible="true" version="1">
    <nd ref="27401" />
    <nd ref="27402" />
    <nd ref="27403" />
    <nd ref="27404" />
    <nd ref="27405" />
    <nd ref="27406" />
    <nd ref="27407" />
    <nd ref="27408" />
    <nd ref="27409" />
    <nd ref="27410" />
    <nd ref="27411" />
    <nd ref="27412" />
    <nd ref="27413" />
    <nd ref="27414" />
    <nd ref="27415" />
    <nd ref="27416" />
    <nd ref="27417" />
    <nd ref="27418" />
    <nd ref="27419" />
    <nd ref="27420" />
    <nd ref="27421" />
    <nd ref="27422" />
    <nd ref="27423" />
    <nd ref="27424" />
    <nd ref="27425" />
    <nd ref="27426" />
    <nd ref="27427" />
    <nd ref="27428" />
    <nd ref="27429" />
    <nd ref="27430" />
  </way>
  <way id="27460" visible="true" version="1">
    <nd ref="23956" />
    <nd ref="27432" />
    <nd ref="27433" />
    <nd ref="27434" />
    <nd ref="27435" />
    <nd ref="27436" />
    <nd ref="27437" />
    <nd ref="27438" />
    <nd ref="27439" />
    <nd ref="27440" />
    <nd ref="27441" />
    <nd ref="27442" />
    <nd ref="27443" />
    <nd ref="27444" />
    <nd ref="27445" />
    <nd ref="27446" />
    <nd ref="27447" />
    <nd ref="27448" />
    <nd ref="27449" />
    <nd ref="27450" />
    <nd ref="27451" />
    <nd ref="27452" />
    <nd ref="27453" />
    <nd ref="27454" />
    <nd ref="27455" />
    <nd ref="27456" />
    <nd ref="27457" />
    <nd ref="27458" />
    <nd ref="27459" />
    <nd ref="23095" />
  </way>
  <way id="27489" visible="true" version="1">
    <nd ref="24274" />
    <nd ref="27461" />
    <nd ref="27462" />
    <nd ref="27463" />
    <nd ref="27464" />
    <nd ref="27465" />
    <nd ref="27466" />
    <nd ref="27467" />
    <nd ref="27468" />
    <nd ref="27469" />
    <nd ref="27470" />
    <nd ref="27471" />
    <nd ref="27472" />
    <nd ref="27473" />
    <nd ref="27474" />
    <nd ref="27475" />
    <nd ref="27476" />
    <nd ref="27477" />
    <nd ref="27478" />
    <nd ref="27479" />
    <nd ref="27480" />
    <nd ref="27481" />
    <nd ref="27482" />
    <nd ref="27483" />
    <nd ref="27484" />
    <nd ref="27485" />
    <nd ref="27486" />
    <nd ref="27487" />
    <nd ref="27488" />
    <nd ref="23427" />
  </way>
  <way id="27521" visible="true" version="1">
    <nd ref="27491" />
    <nd ref="27492" />
    <nd ref="27493" />
    <nd ref="27494" />
    <nd ref="27495" />
    <nd ref="27496" />
    <nd ref="27497" />
    <nd ref="27498" />
    <nd ref="27499" />
    <nd ref="27500" />
    <nd ref="27501" />
    <nd ref="27502" />
    <nd ref="27503" />
    <nd ref="27504" />
    <nd ref="27505" />
    <nd ref="27506" />
    <nd ref="27507" />
    <nd ref="27508" />
    <nd ref="27509" />
    <nd ref="27510" />
    <nd ref="27511" />
    <nd ref="27512" />
    <nd ref="27513" />
    <nd ref="27514" />
    <nd ref="27515" />
    <nd ref="27516" />
    <nd ref="27517" />
    <nd ref="27518" />
    <nd ref="27519" />
    <nd ref="27520" />
  </way>
  <way id="27550" visible="true" version="1">
    <nd ref="24295" />
    <nd ref="27522" />
    <nd ref="27523" />
    <nd ref="27524" />
    <nd ref="27525" />
    <nd ref="27526" />
    <nd ref="27527" />
    <nd ref="27528" />
    <nd ref="27529" />
    <nd ref="27530" />
    <nd ref="27531" />
    <nd ref="27532" />
    <nd ref="27533" />
    <nd ref="27534" />
    <nd ref="27535" />
    <nd ref="27536" />
    <nd ref="27537" />
    <nd ref="27538" />
    <nd ref="27539" />
    <nd ref="27540" />
    <nd ref="27541" />
    <nd ref="27542" />
    <nd ref="27543" />
    <nd ref="27544" />
    <nd ref="27545" />
    <nd ref="27546" />
    <nd ref="27547" />
    <nd ref="27548" />
    <nd ref="27549" />
    <nd ref="23402" />
  </way>
  <way id="27579" visible="true" version="1">
    <nd ref="23976" />
    <nd ref="27551" />
    <nd ref="27552" />
    <nd ref="27553" />
    <nd ref="27554" />
    <nd ref="27555" />
    <nd ref="27556" />
    <nd ref="27557" />
    <nd ref="27558" />
    <nd ref="27559" />
    <nd ref="27560" />
    <nd ref="27561" />
    <nd ref="27562" />
    <nd ref="27563" />
    <nd ref="27564" />
    <nd ref="27565" />
    <nd ref="27566" />
    <nd ref="27567" />
    <nd ref="27568" />
    <nd ref="27569" />
    <nd ref="27570" />
    <nd ref="27571" />
    <nd ref="27572" />
    <nd ref="27573" />
    <nd ref="27574" />
    <nd ref="27575" />
    <nd ref="27576" />
    <nd ref="27577" />
    <nd ref="27578" />
    <nd ref="23069" />
  </way>
  <way id="27611" visible="true" version="1">
    <nd ref="27581" />
    <nd ref="27582" />
    <nd ref="27583" />
    <nd ref="27584" />
    <nd ref="27585" />
    <nd ref="27586" />
    <nd ref="27587" />
    <nd ref="27588" />
    <nd ref="27589" />
    <nd ref="27590" />
    <nd ref="27591" />
    <nd ref="27592" />
    <nd ref="27593" />
    <nd ref="27594" />
    <nd ref="27595" />
    <nd ref="27596" />
    <nd ref="27597" />
    <nd ref="27598" />
    <nd ref="27599" />
    <nd ref="27600" />
    <nd ref="27601" />
    <nd ref="27602" />
    <nd ref="27603" />
    <nd ref="27604" />
    <nd ref="27605" />
    <nd ref="27606" />
    <nd ref="27607" />
    <nd ref="27608" />
    <nd ref="27609" />
    <nd ref="27610" />
  </way>
  <way id="27640" visible="true" version="1">
    <nd ref="23956" />
    <nd ref="27612" />
    <nd ref="27613" />
    <nd ref="27614" />
    <nd ref="27615" />
    <nd ref="27616" />
    <nd ref="27617" />
    <nd ref="27618" />
    <nd ref="27619" />
    <nd ref="27620" />
    <nd ref="27621" />
    <nd ref="27622" />
    <nd ref="27623" />
    <nd ref="27624" />
    <nd ref="27625" />
    <nd ref="27626" />
    <nd ref="27627" />
    <nd ref="27628" />
    <nd ref="27629" />
    <nd ref="27630" />
    <nd ref="27631" />
    <nd ref="27632" />
    <nd ref="27633" />
    <nd ref="27634" />
    <nd ref="27635" />
    <nd ref="27636" />
    <nd ref="27637" />
    <nd ref="27638" />
    <nd ref="27639" />
    <nd ref="23402" />
  </way>
  <way id="27669" visible="true" version="1">
    <nd ref="24274" />
    <nd ref="27641" />
    <nd ref="27642" />
    <nd ref="27643" />
    <nd ref="27644" />
    <nd ref="27645" />
    <nd ref="27646" />
    <nd ref="27647" />
    <nd ref="27648" />
    <nd ref="27649" />
    <nd ref="27650" />
    <nd ref="27651" />
    <nd ref="27652" />
    <nd ref="27653" />
    <nd ref="27654" />
    <nd ref="27655" />
    <nd ref="27656" />
    <nd ref="27657" />
    <nd ref="27658" />
    <nd ref="27659" />
    <nd ref="27660" />
    <nd ref="27661" />
    <nd ref="27662" />
    <nd ref="27663" />
    <nd ref="27664" />
    <nd ref="27665" />
    <nd ref="27666" />
    <nd ref="27667" />
    <nd ref="27668" />
    <nd ref="23069" />
  </way>
  <way id="27701" visible="true" version="1">
    <nd ref="27671" />
    <nd ref="27672" />
    <nd ref="27673" />
    <nd ref="27674" />
    <nd ref="27675" />
    <nd ref="27676" />
    <nd ref="27677" />
    <nd ref="27678" />
    <nd ref="27679" />
    <nd ref="27680" />
    <nd ref="27681" />
    <nd ref="27682" />
    <nd ref="27683" />
    <nd ref="27684" />
    <nd ref="27685" />
    <nd ref="27686" />
    <nd ref="27687" />
    <nd ref="27688" />
    <nd ref="27689" />
    <nd ref="27690" />
    <nd ref="27691" />
    <nd ref="27692" />
    <nd ref="27693" />
    <nd ref="27694" />
    <nd ref="27695" />
    <nd ref="27696" />
    <nd ref="27697" />
    <nd ref="27698" />
    <nd ref="27699" />
    <nd ref="27700" />
  </way>
  <way id="27730" visible="true" version="1">
    <nd ref="25530" />
    <nd ref="27702" />
    <nd ref="27703" />
    <nd ref="27704" />
    <nd ref="27705" />
    <nd ref="27706" />
    <nd ref="27707" />
    <nd ref="27708" />
    <nd ref="27709" />
    <nd ref="27710" />
    <nd ref="27711" />
    <nd ref="27712" />
    <nd ref="27713" />
    <nd ref="27714" />
    <nd ref="27715" />
    <nd ref="27716" />
    <nd ref="27717" />
    <nd ref="27718" />
    <nd ref="27719" />
    <nd ref="27720" />
    <nd ref="27721" />
    <nd ref="27722" />
    <nd ref="27723" />
    <nd ref="27724" />
    <nd ref="27725" />
    <nd ref="27726" />
    <nd ref="27727" />
    <nd ref="27728" />
    <nd ref="27729" />
    <nd ref="25257" />
  </way>
  <way id="27759" visible="true" version="1">
    <nd ref="25533" />
    <nd ref="27731" />
    <nd ref="27732" />
    <nd ref="27733" />
    <nd ref="27734" />
    <nd ref="27735" />
    <nd ref="27736" />
    <nd ref="27737" />
    <nd ref="27738" />
    <nd ref="27739" />
    <nd ref="27740" />
    <nd ref="27741" />
    <nd ref="27742" />
    <nd ref="27743" />
    <nd ref="27744" />
    <nd ref="27745" />
    <nd ref="27746" />
    <nd ref="27747" />
    <nd ref="27748" />
    <nd ref="27749" />
    <nd ref="27750" />
    <nd ref="27751" />
    <nd ref="27752" />
    <nd ref="27753" />
    <nd ref="27754" />
    <nd ref="27755" />
    <nd ref="27756" />
    <nd ref="27757" />
    <nd ref="27758" />
    <nd ref="24690" />
  </way>
  <way id="27791" visible="true" version="1">
    <nd ref="27761" />
    <nd ref="27762" />
    <nd ref="27763" />
    <nd ref="27764" />
    <nd ref="27765" />
    <nd ref="27766" />
    <nd ref="27767" />
    <nd ref="27768" />
    <nd ref="27769" />
    <nd ref="27770" />
    <nd ref="27771" />
    <nd ref="27772" />
    <nd ref="27773" />
    <nd ref="27774" />
    <nd ref="27775" />
    <nd ref="27776" />
    <nd ref="27777" />
    <nd ref="27778" />
    <nd ref="27779" />
    <nd ref="27780" />
    <nd ref="27781" />
    <nd ref="27782" />
    <nd ref="27783" />
    <nd ref="27784" />
    <nd ref="27785" />
    <nd ref="27786" />
    <nd ref="27787" />
    <nd ref="27788" />
    <nd ref="27789" />
    <nd ref="27790" />
  </way>
  <way id="27820" visible="true" version="1">
    <nd ref="24884" />
    <nd ref="27792" />
    <nd ref="27793" />
    <nd ref="27794" />
    <nd ref="27795" />
    <nd ref="27796" />
    <nd ref="27797" />
    <nd ref="27798" />
    <nd ref="27799" />
    <nd ref="27800" />
    <nd ref="27801" />
    <nd ref="27802" />
    <nd ref="27803" />
    <nd ref="27804" />
    <nd ref="27805" />
    <nd ref="27806" />
    <nd ref="27807" />
    <nd ref="27808" />
    <nd ref="27809" />
    <nd ref="27810" />
    <nd ref="27811" />
    <nd ref="27812" />
    <nd ref="27813" />
    <nd ref="27814" />
    <nd ref="27815" />
    <nd ref="27816" />
    <nd ref="27817" />
    <nd ref="27818" />
    <nd ref="27819" />
    <nd ref="23607" />
  </way>
  <way id="27849" visible="true" version="1">
    <nd ref="25442" />
    <nd ref="27821" />
    <nd ref="27822" />
    <nd ref="27823" />
    <nd ref="27824" />
    <nd ref="27825" />
    <nd ref="27826" />
    <nd ref="27827" />
    <nd ref="27828" />
    <nd ref="27829" />
    <nd ref="27830" />
    <nd ref="27831" />
    <nd ref="27832" />
    <nd ref="27833" />
    <nd ref="27834" />
    <nd ref="27835" />
    <nd ref="27836" />
    <nd ref="27837" />
    <nd ref="27838" />
    <nd ref="27839" />
    <nd ref="27840" />
    <nd ref="27841" />
    <nd ref="27842" />
    <nd ref="27843" />
    <nd ref="27844" />
    <nd ref="27845" />
    <nd ref="27846" />
    <nd ref="27847" />
    <nd ref="27848" />
    <nd ref="23280" />
  </way>
  <way id="27881" visible="true" version="1">
    <nd ref="27851" />
    <nd ref="27852" />
    <nd ref="27853" />
    <nd ref="27854" />
    <nd ref="27855" />
    <nd ref="27856" />
    <nd ref="27857" />
    <nd ref="27858" />
    <nd ref="27859" />
    <nd ref="27860" />
    <nd ref="27861" />
    <nd ref="27862" />
    <nd ref="27863" />
    <nd ref="27864" />
    <nd ref="27865" />
    <nd ref="27866" />
    <nd ref="27867" />
    <nd ref="27868" />
    <nd ref="27869" />
    <nd ref="27870" />
    <nd ref="27871" />
    <nd ref="27872" />
    <nd ref="27873" />
    <nd ref="27874" />
    <nd ref="27875" />
    <nd ref="27876" />
    <nd ref="27877" />
    <nd ref="27878" />
    <nd ref="27879" />
    <nd ref="27880" />
  </way>
  <way id="27910" visible="true" version="1">
    <nd ref="25516" />
    <nd ref="27882" />
    <nd ref="27883" />
    <nd ref="27884" />
    <nd ref="27885" />
    <nd ref="27886" />
    <nd ref="27887" />
    <nd ref="27888" />
    <nd ref="27889" />
    <nd ref="27890" />
    <nd ref="27891" />
    <nd ref="27892" />
    <nd ref="27893" />
    <nd ref="27894" />
    <nd ref="27895" />
    <nd ref="27896" />
    <nd ref="27897" />
    <nd ref="27898" />
    <nd ref="27899" />
    <nd ref="27900" />
    <nd ref="27901" />
    <nd ref="27902" />
    <nd ref="27903" />
    <nd ref="27904" />
    <nd ref="27905" />
    <nd ref="27906" />
    <nd ref="27907" />
    <nd ref="27908" />
    <nd ref="27909" />
    <nd ref="23487" />
  </way>
  <way id="27939" visible="true" version="1">
    <nd ref="25519" />
    <nd ref="27911" />
    <nd ref="27912" />
    <nd ref="27913" />
    <nd ref="27914" />
    <nd ref="27915" />
    <nd ref="27916" />
    <nd ref="27917" />
    <nd ref="27918" />
    <nd ref="27919" />
    <nd ref="27920" />
    <nd ref="27921" />
    <nd ref="27922" />
    <nd ref="27923" />
    <nd ref="27924" />
    <nd ref="27925" />
    <nd ref="27926" />
    <nd ref="27927" />
    <nd ref="27928" />
    <nd ref="27929" />
    <nd ref="27930" />
    <nd ref="27931" />
    <nd ref="27932" />
    <nd ref="27933" />
    <nd ref="27934" />
    <nd ref="27935" />
    <nd ref="27936" />
    <nd ref="27937" />
    <nd ref="27938" />
    <nd ref="23154" />
  </way>
  <way id="27971" visible="true" version="1">
    <nd ref="27941" />
    <nd ref="27942" />
    <nd ref="27943" />
    <nd ref="27944" />
    <nd ref="27945" />
    <nd ref="27946" />
    <nd ref="27947" />
    <nd ref="27948" />
    <nd ref="27949" />
    <nd ref="27950" />
    <nd ref="27951" />
    <nd ref="27952" />
    <nd ref="27953" />
    <nd ref="27954" />
    <nd ref="27955" />
    <nd ref="27956" />
    <nd ref="27957" />
    <nd ref="27958" />
    <nd ref="27959" />
    <nd ref="27960" />
    <nd ref="27961" />
    <nd ref="27962" />
    <nd ref="27963" />
    <nd ref="27964" />
    <nd ref="27965" />
    <nd ref="27966" />
    <nd ref="27967" />
    <nd ref="27968" />
    <nd ref="27969" />
    <nd ref="27970" />
  </way>
  <way id="28000" visible="true" version="1">
    <nd ref="23038" />
    <nd ref="27972" />
    <nd ref="27973" />
    <nd ref="27974" />
    <nd ref="27975" />
    <nd ref="27976" />
    <nd ref="27977" />
    <nd ref="27978" />
    <nd ref="27979" />
    <nd ref="27980" />
    <nd ref="27981" />
    <nd ref="27982" />
    <nd ref="27983" />
    <nd ref="27984" />
    <nd ref="27985" />
    <nd ref="27986" />
    <nd ref="27987" />
    <nd ref="27988" />
    <nd ref="27989" />
    <nd ref="27990" />
    <nd ref="27991" />
    <nd ref="27992" />
    <nd ref="27993" />
    <nd ref="27994" />
    <nd ref="27995" />
    <nd ref="27996" />
    <nd ref="27997" />
    <nd ref="27998" />
    <nd ref="27999" />
    <nd ref="25124" />
  </way>
  <way id="28029" visible="true" version="1">
    <nd ref="23040" />
    <nd ref="28001" />
    <nd ref="28002" />
    <nd ref="28003" />
    <nd ref="28004" />
    <nd ref="28005" />
    <nd ref="28006" />
    <nd ref="28007" />
    <nd ref="28008" />
    <nd ref="28009" />
    <nd ref="28010" />
    <nd ref="28011" />
    <nd ref="28012" />
    <nd ref="28013" />
    <nd ref="28014" />
    <nd ref="28015" />
    <nd ref="28016" />
    <nd ref="28017" />
    <nd ref="28018" />
    <nd ref="28019" />
    <nd ref="28020" />
    <nd ref="28021" />
    <nd ref="28022" />
    <nd ref="28023" />
    <nd ref="28024" />
    <nd ref="28025" />
    <nd ref="28026" />
    <nd ref="28027" />
    <nd ref="28028" />
    <nd ref="24552" />
  </way>
  <way id="28061" visible="true" version="1">
    <nd ref="28031" />
    <nd ref="28032" />
    <nd ref="28033" />
    <nd ref="28034" />
    <nd ref="28035" />
    <nd ref="28036" />
    <nd ref="28037" />
    <nd ref="28038" />
    <nd ref="28039" />
    <nd ref="28040" />
    <nd ref="28041" />
    <nd ref="28042" />
    <nd ref="28043" />
    <nd ref="28044" />
    <nd ref="28045" />
    <nd ref="28046" />
    <nd ref="28047" />
    <nd ref="28048" />
    <nd ref="28049" />
    <nd ref="28050" />
    <nd ref="28051" />
    <nd ref="28052" />
    <nd ref="28053" />
    <nd ref="28054" />
    <nd ref="28055" />
    <nd ref="28056" />
    <nd ref="28057" />
    <nd ref="28058" />
    <nd ref="28059" />
    <nd ref="28060" />
  </way>
  <way id="28090" visible="true" version="1">
    <nd ref="25466" />
    <nd ref="28062" />
    <nd ref="28063" />
    <nd ref="28064" />
    <nd ref="28065" />
    <nd ref="28066" />
    <nd ref="28067" />
    <nd ref="28068" />
    <nd ref="28069" />
    <nd ref="28070" />
    <nd ref="28071" />
    <nd ref="28072" />
    <nd ref="28073" />
    <nd ref="28074" />
    <nd ref="28075" />
    <nd ref="28076" />
    <nd ref="28077" />
    <nd ref="28078" />
    <nd ref="28079" />
    <nd ref="28080" />
    <nd ref="28081" />
    <nd ref="28082" />
    <nd ref="28083" />
    <nd ref="28084" />
    <nd ref="28085" />
    <nd ref="28086" />
    <nd ref="28087" />
    <nd ref="28088" />
    <nd ref="28089" />
    <nd ref="23607" />
  </way>
  <way id="28119" visible="true" version="1">
    <nd ref="24909" />
    <nd ref="28091" />
    <nd ref="28092" />
    <nd ref="28093" />
    <nd ref="28094" />
    <nd ref="28095" />
    <nd ref="28096" />
    <nd ref="28097" />
    <nd ref="28098" />
    <nd ref="28099" />
    <nd ref="28100" />
    <nd ref="28101" />
    <nd ref="28102" />
    <nd ref="28103" />
    <nd ref="28104" />
    <nd ref="28105" />
    <nd ref="28106" />
    <nd ref="28107" />
    <nd ref="28108" />
    <nd ref="28109" />
    <nd ref="28110" />
    <nd ref="28111" />
    <nd ref="28112" />
    <nd ref="28113" />
    <nd ref="28114" />
    <nd ref="28115" />
    <nd ref="28116" />
    <nd ref="28117" />
    <nd ref="28118" />
    <nd ref="23280" />
  </way>
  <way id="28151" visible="true" version="1">
    <nd ref="28121" />
    <nd ref="28122" />
    <nd ref="28123" />
    <nd ref="28124" />
    <nd ref="28125" />
    <nd ref="28126" />
    <nd ref="28127" />
    <nd ref="28128" />
    <nd ref="28129" />
    <nd ref="28130" />
    <nd ref="28131" />
    <nd ref="28132" />
    <nd ref="28133" />
    <nd ref="28134" />
    <nd ref="28135" />
    <nd ref="28136" />
    <nd ref="28137" />
    <nd ref="28138" />
    <nd ref="28139" />
    <nd ref="28140" />
    <nd ref="28141" />
    <nd ref="28142" />
    <nd ref="28143" />
    <nd ref="28144" />
    <nd ref="28145" />
    <nd ref="28146" />
    <nd ref="28147" />
    <nd ref="28148" />
    <nd ref="28149" />
    <nd ref="28150" />
  </way>
  <way id="28180" visible="true" version="1">
    <nd ref="23502" />
    <nd ref="28152" />
    <nd ref="28153" />
    <nd ref="28154" />
    <nd ref="28155" />
    <nd ref="28156" />
    <nd ref="28157" />
    <nd ref="28158" />
    <nd ref="28159" />
    <nd ref="28160" />
    <nd ref="28161" />
    <nd ref="28162" />
    <nd ref="28163" />
    <nd ref="28164" />
    <nd ref="28165" />
    <nd ref="28166" />
    <nd ref="28167" />
    <nd ref="28168" />
    <nd ref="28169" />
    <nd ref="28170" />
    <nd ref="28171" />
    <nd ref="28172" />
    <nd ref="28173" />
    <nd ref="28174" />
    <nd ref="28175" />
    <nd ref="28176" />
    <nd ref="28177" />
    <nd ref="28178" />
    <nd ref="28179" />
    <nd ref="25519" />
  </way>
  <way id="28209" visible="true" version="1">
    <nd ref="23169" />
    <nd ref="28181" />
    <nd ref="28182" />
    <nd ref="28183" />
    <nd ref="28184" />
    <nd ref="28185" />
    <nd ref="28186" />
    <nd ref="28187" />
    <nd ref="28188" />
    <nd ref="28189" />
    <nd ref="28190" />
    <nd ref="28191" />
    <nd ref="28192" />
    <nd ref="28193" />
    <nd ref="28194" />
    <nd ref="28195" />
    <nd ref="28196" />
    <nd ref="28197" />
    <nd ref="28198" />
    <nd ref="28199" />
    <nd ref="28200" />
    <nd ref="28201" />
    <nd ref="28202" />
    <nd ref="28203" />
    <nd ref="28204" />
    <nd ref="28205" />
    <nd ref="28206" />
    <nd ref="28207" />
    <nd ref="28208" />
    <nd ref="25516" />
  </way>
  <way id="28241" visible="true" version="1">
    <nd ref="28211" />
    <nd ref="28212" />
    <nd ref="28213" />
    <nd ref="28214" />
    <nd ref="28215" />
    <nd ref="28216" />
    <nd ref="28217" />
    <nd ref="28218" />
    <nd ref="28219" />
    <nd ref="28220" />
    <nd ref="28221" />
    <nd ref="28222" />
    <nd ref="28223" />
    <nd ref="28224" />
    <nd ref="28225" />
    <nd ref="28226" />
    <nd ref="28227" />
    <nd ref="28228" />
    <nd ref="28229" />
    <nd ref="28230" />
    <nd ref="28231" />
    <nd ref="28232" />
    <nd ref="28233" />
    <nd ref="28234" />
    <nd ref="28235" />
    <nd ref="28236" />
    <nd ref="28237" />
    <nd ref="28238" />
    <nd ref="28239" />
    <nd ref="28240" />
  </way>
  <way id="28270" visible="true" version="1">
    <nd ref="25516" />
    <nd ref="28242" />
    <nd ref="28243" />
    <nd ref="28244" />
    <nd ref="28245" />
    <nd ref="28246" />
    <nd ref="28247" />
    <nd ref="28248" />
    <nd ref="28249" />
    <nd ref="28250" />
    <nd ref="28251" />
    <nd ref="28252" />
    <nd ref="28253" />
    <nd ref="28254" />
    <nd ref="28255" />
    <nd ref="28256" />
    <nd ref="28257" />
    <nd ref="28258" />
    <nd ref="28259" />
    <nd ref="28260" />
    <nd ref="28261" />
    <nd ref="28262" />
    <nd ref="28263" />
    <nd ref="28264" />
    <nd ref="28265" />
    <nd ref="28266" />
    <nd ref="28267" />
    <nd ref="28268" />
    <nd ref="28269" />
    <nd ref="23169" />
  </way>
  <way id="28299" visible="true" version="1">
    <nd ref="25519" />
    <nd ref="28271" />
    <nd ref="28272" />
    <nd ref="28273" />
    <nd ref="28274" />
    <nd ref="28275" />
    <nd ref="28276" />
    <nd ref="28277" />
    <nd ref="28278" />
    <nd ref="28279" />
    <nd ref="28280" />
    <nd ref="28281" />
    <nd ref="28282" />
    <nd ref="28283" />
    <nd ref="28284" />
    <nd ref="28285" />
    <nd ref="28286" />
    <nd ref="28287" />
    <nd ref="28288" />
    <nd ref="28289" />
    <nd ref="28290" />
    <nd ref="28291" />
    <nd ref="28292" />
    <nd ref="28293" />
    <nd ref="28294" />
    <nd ref="28295" />
    <nd ref="28296" />
    <nd ref="28297" />
    <nd ref="28298" />
    <nd ref="23502" />
  </way>
  <way id="28331" visible="true" version="1">
    <nd ref="28301" />
    <nd ref="28302" />
    <nd ref="28303" />
    <nd ref="28304" />
    <nd ref="28305" />
    <nd ref="28306" />
    <nd ref="28307" />
    <nd ref="28308" />
    <nd ref="28309" />
    <nd ref="28310" />
    <nd ref="28311" />
    <nd ref="28312" />
    <nd ref="28313" />
    <nd ref="28314" />
    <nd ref="28315" />
    <nd ref="28316" />
    <nd ref="28317" />
    <nd ref="28318" />
    <nd ref="28319" />
    <nd ref="28320" />
    <nd ref="28321" />
    <nd ref="28322" />
    <nd ref="28323" />
    <nd ref="28324" />
    <nd ref="28325" />
    <nd ref="28326" />
    <nd ref="28327" />
    <nd ref="28328" />
    <nd ref="28329" />
    <nd ref="28330" />
  </way>
  <way id="28360" visible="true" version="1">
    <nd ref="23280" />
    <nd ref="28332" />
    <nd ref="28333" />
    <nd ref="28334" />
    <nd ref="28335" />
    <nd ref="28336" />
    <nd ref="28337" />
    <nd ref="28338" />
    <nd ref="28339" />
    <nd ref="28340" />
    <nd ref="28341" />
    <nd ref="28342" />
    <nd ref="28343" />
    <nd ref="28344" />
    <nd ref="28345" />
    <nd ref="28346" />
    <nd ref="28347" />
    <nd ref="28348" />
    <nd ref="28349" />
    <nd ref="28350" />
    <nd ref="28351" />
    <nd ref="28352" />
    <nd ref="28353" />
    <nd ref="28354" />
    <nd ref="28355" />
    <nd ref="28356" />
    <nd ref="28357" />
    <nd ref="28358" />
    <nd ref="28359" />
    <nd ref="24909" />
  </way>
  <way id="28389" visible="true" version="1">
    <nd ref="23607" />
    <nd ref="28361" />
    <nd ref="28362" />
    <nd ref="28363" />
    <nd ref="28364" />
    <nd ref="28365" />
    <nd ref="28366" />
    <nd ref="28367" />
    <nd ref="28368" />
    <nd ref="28369" />
    <nd ref="28370" />
    <nd ref="28371" />
    <nd ref="28372" />
    <nd ref="28373" />
    <nd ref="28374" />
    <nd ref="28375" />
    <nd ref="28376" />
    <nd ref="28377" />
    <nd ref="28378" />
    <nd ref="28379" />
    <nd ref="28380" />
    <nd ref="28381" />
    <nd ref="28382" />
    <nd ref="28383" />
    <nd ref="28384" />
    <nd ref="28385" />
    <nd ref="28386" />
    <nd ref="28387" />
    <nd ref="28388" />
    <nd ref="25466" />
  </way>
  <way id="28421" visible="true" version="1">
    <nd ref="28391" />
    <nd ref="28392" />
    <nd ref="28393" />
    <nd ref="28394" />
    <nd ref="28395" />
    <nd ref="28396" />
    <nd ref="28397" />
    <nd ref="28398" />
    <nd ref="28399" />
    <nd ref="28400" />
    <nd ref="28401" />
    <nd ref="28402" />
    <nd ref="28403" />
    <nd ref="28404" />
    <nd ref="28405" />
    <nd ref="28406" />
    <nd ref="28407" />
    <nd ref="28408" />
    <nd ref="28409" />
    <nd ref="28410" />
    <nd ref="28411" />
    <nd ref="28412" />
    <nd ref="28413" />
    <nd ref="28414" />
    <nd ref="28415" />
    <nd ref="28416" />
    <nd ref="28417" />
    <nd ref="28418" />
    <nd ref="28419" />
    <nd ref="28420" />
  </way>
  <way id="28450" visible="true" version="1">
    <nd ref="24552" />
    <nd ref="28422" />
    <nd ref="28423" />
    <nd ref="28424" />
    <nd ref="28425" />
    <nd ref="28426" />
    <nd ref="28427" />
    <nd ref="28428" />
    <nd ref="28429" />
    <nd ref="28430" />
    <nd ref="28431" />
    <nd ref="28432" />
    <nd ref="28433" />
    <nd ref="28434" />
    <nd ref="28435" />
    <nd ref="28436" />
    <nd ref="28437" />
    <nd ref="28438" />
    <nd ref="28439" />
    <nd ref="28440" />
    <nd ref="28441" />
    <nd ref="28442" />
    <nd ref="28443" />
    <nd ref="28444" />
    <nd ref="28445" />
    <nd ref="28446" />
    <nd ref="28447" />
    <nd ref="28448" />
    <nd ref="28449" />
    <nd ref="23040" />
  </way>
  <way id="28479" visible="true" version="1">
    <nd ref="25124" />
    <nd ref="28451" />
    <nd ref="28452" />
    <nd ref="28453" />
    <nd ref="28454" />
    <nd ref="28455" />
    <nd ref="28456" />
    <nd ref="28457" />
    <nd ref="28458" />
    <nd ref="28459" />
    <nd ref="28460" />
    <nd ref="28461" />
    <nd ref="28462" />
    <nd ref="28463" />
    <nd ref="28464" />
    <nd ref="28465" />
    <nd ref="28466" />
    <nd ref="28467" />
    <nd ref="28468" />
    <nd ref="28469" />
    <nd ref="28470" />
    <nd ref="28471" />
    <nd ref="28472" />
    <nd ref="28473" />
    <nd ref="28474" />
    <nd ref="28475" />
    <nd ref="28476" />
    <nd ref="28477" />
    <nd ref="28478" />
    <nd ref="23038" />
  </way>
  <way id="28511" visible="true" version="1">
    <nd ref="28481" />
    <nd ref="28482" />
    <nd ref="28483" />
    <nd ref="28484" />
    <nd ref="28485" />
    <nd ref="28486" />
    <nd ref="28487" />
    <nd ref="28488" />
    <nd ref="28489" />
    <nd ref="28490" />
    <nd ref="28491" />
    <nd ref="28492" />
    <nd ref="28493" />
    <nd ref="28494" />
    <nd ref="28495" />
    <nd ref="28496" />
    <nd ref="28497" />
    <nd ref="28498" />
    <nd ref="28499" />
    <nd ref="28500" />
    <nd ref="28501" />
    <nd ref="28502" />
    <nd ref="28503" />
    <nd ref="28504" />
    <nd ref="28505" />
    <nd ref="28506" />
    <nd ref="28507" />
    <nd ref="28508" />
    <nd ref="28509" />
    <nd ref="28510" />
  </way>
  <way id="28540" visible="true" version="1">
    <nd ref="23154" />
    <nd ref="28512" />
    <nd ref="28513" />
    <nd ref="28514" />
    <nd ref="28515" />
    <nd ref="28516" />
    <nd ref="28517" />
    <nd ref="28518" />
    <nd ref="28519" />
    <nd ref="28520" />
    <nd ref="28521" />
    <nd ref="28522" />
    <nd ref="28523" />
    <nd ref="28524" />
    <nd ref="28525" />
    <nd ref="28526" />
    <nd ref="28527" />
    <nd ref="28528" />
    <nd ref="28529" />
    <nd ref="28530" />
    <nd ref="28531" />
    <nd ref="28532" />
    <nd ref="28533" />
    <nd ref="28534" />
    <nd ref="28535" />
    <nd ref="28536" />
    <nd ref="28537" />
    <nd ref="28538" />
    <nd ref="28539" />
    <nd ref="25519" />
  </way>
  <way id="28569" visible="true" version="1">
    <nd ref="23487" />
    <nd ref="28541" />
    <nd ref="28542" />
    <nd ref="28543" />
    <nd ref="28544" />
    <nd ref="28545" />
    <nd ref="28546" />
    <nd ref="28547" />
    <nd ref="28548" />
    <nd ref="28549" />
    <nd ref="28550" />
    <nd ref="28551" />
    <nd ref="28552" />
    <nd ref="28553" />
    <nd ref="28554" />
    <nd ref="28555" />
    <nd ref="28556" />
    <nd ref="28557" />
    <nd ref="28558" />
    <nd ref="28559" />
    <nd ref="28560" />
    <nd ref="28561" />
    <nd ref="28562" />
    <nd ref="28563" />
    <nd ref="28564" />
    <nd ref="28565" />
    <nd ref="28566" />
    <nd ref="28567" />
    <nd ref="28568" />
    <nd ref="25516" />
  </way>
  <way id="28601" visible="true" version="1">
    <nd ref="28571" />
    <nd ref="28572" />
    <nd ref="28573" />
    <nd ref="28574" />
    <nd ref="28575" />
    <nd ref="28576" />
    <nd ref="28577" />
    <nd ref="28578" />
    <nd ref="28579" />
    <nd ref="28580" />
    <nd ref="28581" />
    <nd ref="28582" />
    <nd ref="28583" />
    <nd ref="28584" />
    <nd ref="28585" />
    <nd ref="28586" />
    <nd ref="28587" />
    <nd ref="28588" />
    <nd ref="28589" />
    <nd ref="28590" />
    <nd ref="28591" />
    <nd ref="28592" />
    <nd ref="28593" />
    <nd ref="28594" />
    <nd ref="28595" />
    <nd ref="28596" />
    <nd ref="28597" />
    <nd ref="28598" />
    <nd ref="28599" />
    <nd ref="28600" />
  </way>
  <way id="28630" visible="true" version="1">
    <nd ref="23280" />
    <nd ref="28602" />
    <nd ref="28603" />
    <nd ref="28604" />
    <nd ref="28605" />
    <nd ref="28606" />
    <nd ref="28607" />
    <nd ref="28608" />
    <nd ref="28609" />
    <nd ref="28610" />
    <nd ref="28611" />
    <nd ref="28612" />
    <nd ref="28613" />
    <nd ref="28614" />
    <nd ref="28615" />
    <nd ref="28616" />
    <nd ref="28617" />
    <nd ref="28618" />
    <nd ref="28619" />
    <nd ref="28620" />
    <nd ref="28621" />
    <nd ref="28622" />
    <nd ref="28623" />
    <nd ref="28624" />
    <nd ref="28625" />
    <nd ref="28626" />
    <nd ref="28627" />
    <nd ref="28628" />
    <nd ref="28629" />
    <nd ref="25442" />
  </way>
  <way id="28659" visible="true" version="1">
    <nd ref="23607" />
    <nd ref="28631" />
    <nd ref="28632" />
    <nd ref="28633" />
    <nd ref="28634" />
    <nd ref="28635" />
    <nd ref="28636" />
    <nd ref="28637" />
    <nd ref="28638" />
    <nd ref="28639" />
    <nd ref="28640" />
    <nd ref="28641" />
    <nd ref="28642" />
    <nd ref="28643" />
    <nd ref="28644" />
    <nd ref="28645" />
    <nd ref="28646" />
    <nd ref="28647" />
    <nd ref="28648" />
    <nd ref="28649" />
    <nd ref="28650" />
    <nd ref="28651" />
    <nd ref="28652" />
    <nd ref="28653" />
    <nd ref="28654" />
    <nd ref="28655" />
    <nd ref="28656" />
    <nd ref="28657" />
    <nd ref="28658" />
    <nd ref="24884" />
  </way>
  <way id="28691" visible="true" version="1">
    <nd ref="28661" />
    <nd ref="28662" />
    <nd ref="28663" />
    <nd ref="28664" />
    <nd ref="28665" />
    <nd ref="28666" />
    <nd ref="28667" />
    <nd ref="28668" />
    <nd ref="28669" />
    <nd ref="28670" />
    <nd ref="28671" />
    <nd ref="28672" />
    <nd ref="28673" />
    <nd ref="28674" />
    <nd ref="28675" />
    <nd ref="28676" />
    <nd ref="28677" />
    <nd ref="28678" />
    <nd ref="28679" />
    <nd ref="28680" />
    <nd ref="28681" />
    <nd ref="28682" />
    <nd ref="28683" />
    <nd ref="28684" />
    <nd ref="28685" />
    <nd ref="28686" />
    <nd ref="28687" />
    <nd ref="28688" />
    <nd ref="28689" />
    <nd ref="28690" />
  </way>
  <way id="28720" visible="true" version="1">
    <nd ref="23038" />
    <nd ref="28692" />
    <nd ref="28693" />
    <nd ref="28694" />
    <nd ref="28695" />
    <nd ref="28696" />
    <nd ref="28697" />
    <nd ref="28698" />
    <nd ref="28699" />
    <nd ref="28700" />
    <nd ref="28701" />
    <nd ref="28702" />
    <nd ref="28703" />
    <nd ref="28704" />
    <nd ref="28705" />
    <nd ref="28706" />
    <nd ref="28707" />
    <nd ref="28708" />
    <nd ref="28709" />
    <nd ref="28710" />
    <nd ref="28711" />
    <nd ref="28712" />
    <nd ref="28713" />
    <nd ref="28714" />
    <nd ref="28715" />
    <nd ref="28716" />
    <nd ref="28717" />
    <nd ref="28718" />
    <nd ref="28719" />
    <nd ref="24568" />
  </way>
  <way id="28749" visible="true" version="1">
    <nd ref="23040" />
    <nd ref="28721" />
    <nd ref="28722" />
    <nd ref="28723" />
    <nd ref="28724" />
    <nd ref="28725" />
    <nd ref="28726" />
    <nd ref="28727" />
    <nd ref="28728" />
    <nd ref="28729" />
    <nd ref="28730" />
    <nd ref="28731" />
    <nd ref="28732" />
    <nd ref="28733" />
    <nd ref="28734" />
    <nd ref="28735" />
    <nd ref="28736" />
    <nd ref="28737" />
    <nd ref="28738" />
    <nd ref="28739" />
    <nd ref="28740" />
    <nd ref="28741" />
    <nd ref="28742" />
    <nd ref="28743" />
    <nd ref="28744" />
    <nd ref="28745" />
    <nd ref="28746" />
    <nd ref="28747" />
    <nd ref="28748" />
    <nd ref="25140" />
  </way>
  <way id="28781" visible="true" version="1">
    <nd ref="28751" />
    <nd ref="28752" />
    <nd ref="28753" />
    <nd ref="28754" />
    <nd ref="28755" />
    <nd ref="28756" />
    <nd ref="28757" />
    <nd ref="28758" />
    <nd ref="28759" />
    <nd ref="28760" />
    <nd ref="28761" />
    <nd ref="28762" />
    <nd ref="28763" />
    <nd ref="28764" />
    <nd ref="28765" />
    <nd ref="28766" />
    <nd ref="28767" />
    <nd ref="28768" />
    <nd ref="28769" />
    <nd ref="28770" />
    <nd ref="28771" />
    <nd ref="28772" />
    <nd ref="28773" />
    <nd ref="28774" />
    <nd ref="28775" />
    <nd ref="28776" />
    <nd ref="28777" />
    <nd ref="28778" />
    <nd ref="28779" />
    <nd ref="28780" />
  </way>
  <way id="28810" visible="true" version="1">
    <nd ref="25525" />
    <nd ref="28782" />
    <nd ref="28783" />
    <nd ref="28784" />
    <nd ref="28785" />
    <nd ref="28786" />
    <nd ref="28787" />
    <nd ref="28788" />
    <nd ref="28789" />
    <nd ref="28790" />
    <nd ref="28791" />
    <nd ref="28792" />
    <nd ref="28793" />
    <nd ref="28794" />
    <nd ref="28795" />
    <nd ref="28796" />
    <nd ref="28797" />
    <nd ref="28798" />
    <nd ref="28799" />
    <nd ref="28800" />
    <nd ref="28801" />
    <nd ref="28802" />
    <nd ref="28803" />
    <nd ref="28804" />
    <nd ref="28805" />
    <nd ref="28806" />
    <nd ref="28807" />
    <nd ref="28808" />
    <nd ref="28809" />
    <nd ref="24422" />
  </way>
  <way id="28839" visible="true" version="1">
    <nd ref="25522" />
    <nd ref="28811" />
    <nd ref="28812" />
    <nd ref="28813" />
    <nd ref="28814" />
    <nd ref="28815" />
    <nd ref="28816" />
    <nd ref="28817" />
    <nd ref="28818" />
    <nd ref="28819" />
    <nd ref="28820" />
    <nd ref="28821" />
    <nd ref="28822" />
    <nd ref="28823" />
    <nd ref="28824" />
    <nd ref="28825" />
    <nd ref="28826" />
    <nd ref="28827" />
    <nd ref="28828" />
    <nd ref="28829" />
    <nd ref="28830" />
    <nd ref="28831" />
    <nd ref="28832" />
    <nd ref="28833" />
    <nd ref="28834" />
    <nd ref="28835" />
    <nd ref="28836" />
    <nd ref="28837" />
    <nd ref="28838" />
    <nd ref="24993" />
  </way>
  <way id="28871" visible="true" version="1">
    <nd ref="28841" />
    <nd ref="28842" />
    <nd ref="28843" />
    <nd ref="28844" />
    <nd ref="28845" />
    <nd ref="28846" />
    <nd ref="28847" />
    <nd ref="28848" />
    <nd ref="28849" />
    <nd ref="28850" />
    <nd ref="28851" />
    <nd ref="28852" />
    <nd ref="28853" />
    <nd ref="28854" />
    <nd ref="28855" />
    <nd ref="28856" />
    <nd ref="28857" />
    <nd ref="28858" />
    <nd ref="28859" />
    <nd ref="28860" />
    <nd ref="28861" />
    <nd ref="28862" />
    <nd ref="28863" />
    <nd ref="28864" />
    <nd ref="28865" />
    <nd ref="28866" />
    <nd ref="28867" />
    <nd ref="28868" />
    <nd ref="28869" />
    <nd ref="28870" />
  </way>
  <way id="28900" visible="true" version="1">
    <nd ref="23736" />
    <nd ref="28872" />
    <nd ref="28873" />
    <nd ref="28874" />
    <nd ref="28875" />
    <nd ref="28876" />
    <nd ref="28877" />
    <nd ref="28878" />
    <nd ref="28879" />
    <nd ref="28880" />
    <nd ref="28881" />
    <nd ref="28882" />
    <nd ref="28883" />
    <nd ref="28884" />
    <nd ref="28885" />
    <nd ref="28886" />
    <nd ref="28887" />
    <nd ref="28888" />
    <nd ref="28889" />
    <nd ref="28890" />
    <nd ref="28891" />
    <nd ref="28892" />
    <nd ref="28893" />
    <nd ref="28894" />
    <nd ref="28895" />
    <nd ref="28896" />
    <nd ref="28897" />
    <nd ref="28898" />
    <nd ref="28899" />
    <nd ref="25526" />
  </way>
  <way id="28929" visible="true" version="1">
    <nd ref="24069" />
    <nd ref="28901" />
    <nd ref="28902" />
    <nd ref="28903" />
    <nd ref="28904" />
    <nd ref="28905" />
    <nd ref="28906" />
    <nd ref="28907" />
    <nd ref="28908" />
    <nd ref="28909" />
    <nd ref="28910" />
    <nd ref="28911" />
    <nd ref="28912" />
    <nd ref="28913" />
    <nd ref="28914" />
    <nd ref="28915" />
    <nd ref="28916" />
    <nd ref="28917" />
    <nd ref="28918" />
    <nd ref="28919" />
    <nd ref="28920" />
    <nd ref="28921" />
    <nd ref="28922" />
    <nd ref="28923" />
    <nd ref="28924" />
    <nd ref="28925" />
    <nd ref="28926" />
    <nd ref="28927" />
    <nd ref="28928" />
    <nd ref="25523" />
  </way>
  <way id="28961" visible="true" version="1">
    <nd ref="28931" />
    <nd ref="28932" />
    <nd ref="28933" />
    <nd ref="28934" />
    <nd ref="28935" />
    <nd ref="28936" />
    <nd ref="28937" />
    <nd ref="28938" />
    <nd ref="28939" />
    <nd ref="28940" />
    <nd ref="28941" />
    <nd ref="28942" />
    <nd ref="28943" />
    <nd ref="28944" />
    <nd ref="28945" />
    <nd ref="28946" />
    <nd ref="28947" />
    <nd ref="28948" />
    <nd ref="28949" />
    <nd ref="28950" />
    <nd ref="28951" />
    <nd ref="28952" />
    <nd ref="28953" />
    <nd ref="28954" />
    <nd ref="28955" />
    <nd ref="28956" />
    <nd ref="28957" />
    <nd ref="28958" />
    <nd ref="28959" />
    <nd ref="28960" />
  </way>
  <relation id="23037" visible="true" version="1">
    <member type="way" ref="23033" role="left" />
    <member type="way" ref="23036" role="right" />
    <tag k="delete" v="true" />
    <tag k="speed" v="2" />
    <tag k="subtype" v="road" />
    <tag k="type" v="lanelet" />
    <tag k="vehicle" v="yes" />
  </relation>
  <relation id="23042" visible="true" version="1">
    <member type="way" ref="23039" role="left" />
    <member type="way" ref="23041" role="right" />
    <tag k="delete" v="true" />
    <tag k="speed" v="2" />
    <tag k="subtype" v="road" />
    <tag k="type" v="lanelet" />
    <tag k="vehicle" v="yes" />
  </relation>
  <relation id="23694" visible="true" version="1">
    <member type="way" ref="23692" role="left" />
    <member type="way" ref="23693" role="right" />
    <tag k="delete" v="true" />
    <tag k="speed" v="2" />
    <tag k="subtype" v="road" />
    <tag k="type" v="lanelet" />
    <tag k="vehicle" v="yes" />
  </relation>
  <relation id="23697" visible="true" version="1">
    <member type="way" ref="23695" role="left" />
    <member type="way" ref="23696" role="right" />
    <tag k="delete" v="true" />
    <tag k="speed" v="2" />
    <tag k="subtype" v="road" />
    <tag k="type" v="lanelet" />
    <tag k="vehicle" v="yes" />
  </relation>
  <relation id="23700" visible="true" version="1">
    <member type="way" ref="23698" role="left" />
    <member type="way" ref="23699" role="right" />
    <tag k="delete" v="true" />
    <tag k="speed" v="2" />
    <tag k="subtype" v="road" />
    <tag k="type" v="lanelet" />
    <tag k="vehicle" v="yes" />
  </relation>
  <relation id="23703" visible="true" version="1">
    <member type="way" ref="23701" role="left" />
    <member type="way" ref="23702" role="right" />
    <tag k="delete" v="true" />
    <tag k="speed" v="2" />
    <tag k="subtype" v="road" />
    <tag k="type" v="lanelet" />
    <tag k="vehicle" v="yes" />
  </relation>
  <relation id="23706" visible="true" version="1">
    <member type="way" ref="23704" role="left" />
    <member type="way" ref="23705" role="right" />
    <tag k="delete" v="true" />
    <tag k="speed" v="2" />
    <tag k="subtype" v="road" />
    <tag k="type" v="lanelet" />
    <tag k="vehicle" v="yes" />
  </relation>
  <relation id="23709" visible="true" version="1">
    <member type="way" ref="23707" role="left" />
    <member type="way" ref="23708" role="right" />
    <tag k="delete" v="true" />
    <tag k="speed" v="2" />
    <tag k="subtype" v="road" />
    <tag k="type" v="lanelet" />
    <tag k="vehicle" v="yes" />
  </relation>
  <relation id="23712" visible="true" version="1">
    <member type="way" ref="23710" role="left" />
    <member type="way" ref="23711" role="right" />
    <tag k="delete" v="true" />
    <tag k="speed" v="2" />
    <tag k="subtype" v="road" />
    <tag k="type" v="lanelet" />
    <tag k="vehicle" v="yes" />
  </relation>
  <relation id="24368" visible="true" version="1">
    <member type="way" ref="24366" role="left" />
    <member type="way" ref="24367" role="right" />
    <tag k="delete" v="true" />
    <tag k="speed" v="2" />
    <tag k="subtype" v="road" />
    <tag k="type" v="lanelet" />
    <tag k="vehicle" v="yes" />
  </relation>
  <relation id="24371" visible="true" version="1">
    <member type="way" ref="24369" role="left" />
    <member type="way" ref="24370" role="right" />
    <tag k="delete" v="true" />
    <tag k="speed" v="2" />
    <tag k="subtype" v="road" />
    <tag k="type" v="lanelet" />
    <tag k="vehicle" v="yes" />
  </relation>
  <relation id="24374" visible="true" version="1">
    <member type="way" ref="24372" role="left" />
    <member type="way" ref="24373" role="right" />
    <tag k="delete" v="true" />
    <tag k="speed" v="2" />
    <tag k="subtype" v="road" />
    <tag k="type" v="lanelet" />
    <tag k="vehicle" v="yes" />
  </relation>
  <relation id="24377" visible="true" version="1">
    <member type="way" ref="24375" role="left" />
    <member type="way" ref="24376" role="right" />
    <tag k="delete" v="true" />
    <tag k="speed" v="2" />
    <tag k="subtype" v="road" />
    <tag k="type" v="lanelet" />
    <tag k="vehicle" v="yes" />
  </relation>
  <relation id="24380" visible="true" version="1">
    <member type="way" ref="24378" role="left" />
    <member type="way" ref="24379" role="right" />
    <tag k="delete" v="true" />
    <tag k="speed" v="2" />
    <tag k="subtype" v="road" />
    <tag k="type" v="lanelet" />
    <tag k="vehicle" v="yes" />
  </relation>
  <relation id="25490" visible="true" version="1">
    <member type="way" ref="25488" role="left" />
    <member type="way" ref="25489" role="right" />
    <tag k="delete" v="true" />
    <tag k="speed" v="2" />
    <tag k="subtype" v="road" />
    <tag k="type" v="lanelet" />
    <tag k="vehicle" v="yes" />
  </relation>
  <relation id="25493" visible="true" version="1">
    <member type="way" ref="25491" role="left" />
    <member type="way" ref="25492" role="right" />
    <tag k="delete" v="true" />
    <tag k="speed" v="2" />
    <tag k="subtype" v="road" />
    <tag k="type" v="lanelet" />
    <tag k="vehicle" v="yes" />
  </relation>
  <relation id="25496" visible="true" version="1">
    <member type="way" ref="25494" role="left" />
    <member type="way" ref="25495" role="right" />
    <tag k="delete" v="true" />
    <tag k="speed" v="2" />
    <tag k="subtype" v="road" />
    <tag k="type" v="lanelet" />
    <tag k="vehicle" v="yes" />
  </relation>
  <relation id="25499" visible="true" version="1">
    <member type="way" ref="25497" role="left" />
    <member type="way" ref="25498" role="right" />
    <tag k="delete" v="true" />
    <tag k="speed" v="2" />
    <tag k="subtype" v="road" />
    <tag k="type" v="lanelet" />
    <tag k="vehicle" v="yes" />
  </relation>
  <relation id="25502" visible="true" version="1">
    <member type="way" ref="25500" role="left" />
    <member type="way" ref="25501" role="right" />
    <tag k="delete" v="true" />
    <tag k="speed" v="2" />
    <tag k="subtype" v="road" />
    <tag k="type" v="lanelet" />
    <tag k="vehicle" v="yes" />
  </relation>
  <relation id="25505" visible="true" version="1">
    <member type="way" ref="25503" role="left" />
    <member type="way" ref="25504" role="right" />
    <tag k="delete" v="true" />
    <tag k="speed" v="2" />
    <tag k="subtype" v="road" />
    <tag k="type" v="lanelet" />
    <tag k="vehicle" v="yes" />
  </relation>
  <relation id="25508" visible="true" version="1">
    <member type="way" ref="25506" role="left" />
    <member type="way" ref="25507" role="right" />
    <tag k="delete" v="true" />
    <tag k="speed" v="2" />
    <tag k="subtype" v="road" />
    <tag k="type" v="lanelet" />
    <tag k="vehicle" v="yes" />
  </relation>
  <relation id="25511" visible="true" version="1">
    <member type="way" ref="25509" role="left" />
    <member type="way" ref="25510" role="right" />
    <tag k="delete" v="true" />
    <tag k="speed" v="2" />
    <tag k="subtype" v="road" />
    <tag k="type" v="lanelet" />
    <tag k="vehicle" v="yes" />
  </relation>
  <relation id="25514" visible="true" version="1">
    <member type="way" ref="25512" role="left" />
    <member type="way" ref="25513" role="right" />
    <tag k="delete" v="true" />
    <tag k="speed" v="2" />
    <tag k="subtype" v="road" />
    <tag k="type" v="lanelet" />
    <tag k="vehicle" v="yes" />
  </relation>
  <relation id="25521" visible="true" version="1">
    <member type="way" ref="25517" role="left" />
    <member type="way" ref="25520" role="right" />
    <tag k="speed" v="2" />
    <tag k="subtype" v="road" />
    <tag k="type" v="lanelet" />
    <tag k="vehicle" v="yes" />
  </relation>
  <relation id="25528" visible="true" version="1">
    <member type="way" ref="25524" role="left" />
    <member type="way" ref="25527" role="right" />
    <tag k="speed" v="2" />
    <tag k="subtype" v="road" />
    <tag k="type" v="lanelet" />
    <tag k="vehicle" v="yes" />
  </relation>
  <relation id="25535" visible="true" version="1">
    <member type="way" ref="25531" role="left" />
    <member type="way" ref="25534" role="right" />
    <tag k="speed" v="2" />
    <tag k="subtype" v="road" />
    <tag k="type" v="lanelet" />
    <tag k="vehicle" v="yes" />
  </relation>
  <relation id="25631" visible="true" version="1">
    <member type="way" ref="25629" role="left" />
    <member type="way" ref="25630" role="right" />
    <tag k="delete" v="true" />
    <tag k="speed" v="2" />
    <tag k="subtype" v="road" />
    <tag k="type" v="lanelet" />
    <tag k="vehicle" v="yes" />
  </relation>
  <relation id="25634" visible="true" version="1">
    <member type="way" ref="25632" role="left" />
    <member type="way" ref="25633" role="right" />
    <tag k="delete" v="true" />
    <tag k="speed" v="2" />
    <tag k="subtype" v="road" />
    <tag k="type" v="lanelet" />
    <tag k="vehicle" v="yes" />
  </relation>
  <relation id="25637" visible="true" version="1">
    <member type="way" ref="25635" role="left" />
    <member type="way" ref="25636" role="right" />
    <tag k="delete" v="true" />
    <tag k="speed" v="2" />
    <tag k="subtype" v="road" />
    <tag k="type" v="lanelet" />
    <tag k="vehicle" v="yes" />
  </relation>
  <relation id="25640" visible="true" version="1">
    <member type="way" ref="25638" role="left" />
    <member type="way" ref="25639" role="right" />
    <tag k="delete" v="true" />
    <tag k="speed" v="2" />
    <tag k="subtype" v="road" />
    <tag k="type" v="lanelet" />
    <tag k="vehicle" v="yes" />
  </relation>
  <relation id="25643" visible="true" version="1">
    <member type="way" ref="25641" role="left" />
    <member type="way" ref="25642" role="right" />
    <tag k="delete" v="true" />
    <tag k="speed" v="2" />
    <tag k="subtype" v="road" />
    <tag k="type" v="lanelet" />
    <tag k="vehicle" v="yes" />
  </relation>
  <relation id="25649" visible="true" version="1">
    <member type="way" ref="25647" role="left" />
    <member type="way" ref="25648" role="right" />
    <tag k="delete" v="true" />
    <tag k="speed" v="2" />
    <tag k="subtype" v="road" />
    <tag k="type" v="lanelet" />
    <tag k="vehicle" v="yes" />
  </relation>
  <relation id="25652" visible="true" version="1">
    <member type="way" ref="25650" role="left" />
    <member type="way" ref="25651" role="right" />
    <tag k="delete" v="true" />
    <tag k="speed" v="2" />
    <tag k="subtype" v="road" />
    <tag k="type" v="lanelet" />
    <tag k="vehicle" v="yes" />
  </relation>
  <relation id="25655" visible="true" version="1">
    <member type="way" ref="25653" role="left" />
    <member type="way" ref="25654" role="right" />
    <tag k="delete" v="true" />
    <tag k="speed" v="2" />
    <tag k="subtype" v="road" />
    <tag k="type" v="lanelet" />
    <tag k="vehicle" v="yes" />
  </relation>
  <relation id="25658" visible="true" version="1">
    <member type="way" ref="25656" role="left" />
    <member type="way" ref="25657" role="right" />
    <tag k="delete" v="true" />
    <tag k="speed" v="2" />
    <tag k="subtype" v="road" />
    <tag k="type" v="lanelet" />
    <tag k="vehicle" v="yes" />
  </relation>
  <relation id="25661" visible="true" version="1">
    <member type="way" ref="25659" role="left" />
    <member type="way" ref="25660" role="right" />
    <tag k="delete" v="true" />
    <tag k="speed" v="2" />
    <tag k="subtype" v="road" />
    <tag k="type" v="lanelet" />
    <tag k="vehicle" v="yes" />
  </relation>
  <relation id="25664" visible="true" version="1">
    <member type="way" ref="25662" role="left" />
    <member type="way" ref="25663" role="right" />
    <tag k="delete" v="true" />
    <tag k="speed" v="2" />
    <tag k="subtype" v="road" />
    <tag k="type" v="lanelet" />
    <tag k="vehicle" v="yes" />
  </relation>
  <relation id="25670" visible="true" version="1">
    <member type="way" ref="25668" role="left" />
    <member type="way" ref="25669" role="right" />
    <tag k="speed" v="2" />
    <tag k="subtype" v="road" />
    <tag k="type" v="lanelet" />
    <tag k="vehicle" v="yes" />
  </relation>
  <relation id="25673" visible="true" version="1">
    <member type="way" ref="25671" role="left" />
    <member type="way" ref="25672" role="right" />
    <tag k="delete" v="true" />
    <tag k="speed" v="2" />
    <tag k="subtype" v="road" />
    <tag k="type" v="lanelet" />
    <tag k="vehicle" v="yes" />
  </relation>
  <relation id="25676" visible="true" version="1">
    <member type="way" ref="25674" role="left" />
    <member type="way" ref="25675" role="right" />
    <tag k="delete" v="true" />
    <tag k="speed" v="2" />
    <tag k="subtype" v="road" />
    <tag k="type" v="lanelet" />
    <tag k="vehicle" v="yes" />
  </relation>
  <relation id="25679" visible="true" version="1">
    <member type="way" ref="25677" role="left" />
    <member type="way" ref="25678" role="right" />
    <tag k="speed" v="2" />
    <tag k="subtype" v="road" />
    <tag k="type" v="lanelet" />
    <tag k="vehicle" v="yes" />
  </relation>
  <relation id="25682" visible="true" version="1">
    <member type="way" ref="25680" role="left" />
    <member type="way" ref="25681" role="right" />
    <tag k="delete" v="true" />
    <tag k="speed" v="2" />
    <tag k="subtype" v="road" />
    <tag k="type" v="lanelet" />
    <tag k="vehicle" v="yes" />
  </relation>
  <relation id="25685" visible="true" version="1">
    <member type="way" ref="25683" role="left" />
    <member type="way" ref="25684" role="right" />
    <tag k="delete" v="true" />
    <tag k="speed" v="2" />
    <tag k="subtype" v="road" />
    <tag k="type" v="lanelet" />
    <tag k="vehicle" v="yes" />
  </relation>
  <relation id="25688" visible="true" version="1">
    <member type="way" ref="25686" role="left" />
    <member type="way" ref="25687" role="right" />
    <tag k="delete" v="true" />
    <tag k="speed" v="2" />
    <tag k="subtype" v="road" />
    <tag k="type" v="lanelet" />
    <tag k="vehicle" v="yes" />
  </relation>
  <relation id="25691" visible="true" version="1">
    <member type="way" ref="25689" role="left" />
    <member type="way" ref="25690" role="right" />
    <tag k="delete" v="true" />
    <tag k="speed" v="2" />
    <tag k="subtype" v="road" />
    <tag k="type" v="lanelet" />
    <tag k="vehicle" v="yes" />
  </relation>
  <relation id="25694" visible="true" version="1">
    <member type="way" ref="25692" role="left" />
    <member type="way" ref="25693" role="right" />
    <tag k="delete" v="true" />
    <tag k="speed" v="2" />
    <tag k="subtype" v="road" />
    <tag k="type" v="lanelet" />
    <tag k="vehicle" v="yes" />
  </relation>
  <relation id="25697" visible="true" version="1">
    <member type="way" ref="25695" role="left" />
    <member type="way" ref="25696" role="right" />
    <tag k="delete" v="true" />
    <tag k="speed" v="2" />
    <tag k="subtype" v="road" />
    <tag k="type" v="lanelet" />
    <tag k="vehicle" v="yes" />
  </relation>
  <relation id="25700" visible="true" version="1">
    <member type="way" ref="25698" role="left" />
    <member type="way" ref="25699" role="right" />
    <tag k="delete" v="true" />
    <tag k="speed" v="2" />
    <tag k="subtype" v="road" />
    <tag k="type" v="lanelet" />
    <tag k="vehicle" v="yes" />
  </relation>
  <relation id="25703" visible="true" version="1">
    <member type="way" ref="25701" role="left" />
    <member type="way" ref="25702" role="right" />
    <tag k="delete" v="true" />
    <tag k="speed" v="2" />
    <tag k="subtype" v="road" />
    <tag k="type" v="lanelet" />
    <tag k="vehicle" v="yes" />
  </relation>
  <relation id="25706" visible="true" version="1">
    <member type="way" ref="25704" role="left" />
    <member type="way" ref="25705" role="right" />
    <tag k="speed" v="2" />
    <tag k="subtype" v="road" />
    <tag k="type" v="lanelet" />
    <tag k="vehicle" v="yes" />
  </relation>
  <relation id="25709" visible="true" version="1">
    <member type="way" ref="25707" role="left" />
    <member type="way" ref="25708" role="right" />
    <tag k="delete" v="true" />
    <tag k="speed" v="2" />
    <tag k="subtype" v="road" />
    <tag k="type" v="lanelet" />
    <tag k="vehicle" v="yes" />
  </relation>
  <relation id="25715" visible="true" version="1">
    <member type="way" ref="25713" role="left" />
    <member type="way" ref="25714" role="right" />
    <tag k="delete" v="true" />
    <tag k="speed" v="2" />
    <tag k="subtype" v="road" />
    <tag k="type" v="lanelet" />
    <tag k="vehicle" v="yes" />
  </relation>
  <relation id="25780" visible="true" version="1">
    <member type="way" ref="25750" role="left" />
    <member type="way" ref="25779" role="right" />
    <member type="way" ref="25811" role="centerline" />
    <tag k="is_connect" v="true" />
    <tag k="speed" v="2" />
    <tag k="subtype" v="road" />
    <tag k="type" v="lanelet" />
    <tag k="vehicle" v="yes" />
  </relation>
  <relation id="25870" visible="true" version="1">
    <member type="way" ref="25840" role="left" />
    <member type="way" ref="25869" role="right" />
    <member type="way" ref="25901" role="centerline" />
    <tag k="is_connect" v="true" />
    <tag k="speed" v="2" />
    <tag k="subtype" v="road" />
    <tag k="type" v="lanelet" />
    <tag k="vehicle" v="yes" />
  </relation>
  <relation id="25960" visible="true" version="1">
    <member type="way" ref="25930" role="left" />
    <member type="way" ref="25959" role="right" />
    <member type="way" ref="25991" role="centerline" />
    <tag k="is_connect" v="true" />
    <tag k="speed" v="2" />
    <tag k="subtype" v="road" />
    <tag k="type" v="lanelet" />
    <tag k="vehicle" v="yes" />
  </relation>
  <relation id="26050" visible="true" version="1">
    <member type="way" ref="26020" role="left" />
    <member type="way" ref="26049" role="right" />
    <member type="way" ref="26081" role="centerline" />
    <tag k="is_connect" v="true" />
    <tag k="speed" v="2" />
    <tag k="subtype" v="road" />
    <tag k="type" v="lanelet" />
    <tag k="vehicle" v="yes" />
  </relation>
  <relation id="26140" visible="true" version="1">
    <member type="way" ref="26110" role="left" />
    <member type="way" ref="26139" role="right" />
    <member type="way" ref="26171" role="centerline" />
    <tag k="is_connect" v="true" />
    <tag k="speed" v="2" />
    <tag k="subtype" v="road" />
    <tag k="type" v="lanelet" />
    <tag k="vehicle" v="yes" />
  </relation>
  <relation id="26230" visible="true" version="1">
    <member type="way" ref="26200" role="left" />
    <member type="way" ref="26229" role="right" />
    <member type="way" ref="26261" role="centerline" />
    <tag k="is_connect" v="true" />
    <tag k="speed" v="2" />
    <tag k="subtype" v="road" />
    <tag k="type" v="lanelet" />
    <tag k="vehicle" v="yes" />
  </relation>
  <relation id="26320" visible="true" version="1">
    <member type="way" ref="26290" role="left" />
    <member type="way" ref="26319" role="right" />
    <member type="way" ref="26351" role="centerline" />
    <tag k="is_connect" v="true" />
    <tag k="speed" v="2" />
    <tag k="subtype" v="road" />
    <tag k="type" v="lanelet" />
    <tag k="vehicle" v="yes" />
  </relation>
  <relation id="26410" visible="true" version="1">
    <member type="way" ref="26380" role="left" />
    <member type="way" ref="26409" role="right" />
    <member type="way" ref="26441" role="centerline" />
    <tag k="is_connect" v="true" />
    <tag k="speed" v="2" />
    <tag k="subtype" v="road" />
    <tag k="type" v="lanelet" />
    <tag k="vehicle" v="yes" />
  </relation>
  <relation id="26500" visible="true" version="1">
    <member type="way" ref="26470" role="left" />
    <member type="way" ref="26499" role="right" />
    <member type="way" ref="26531" role="centerline" />
    <tag k="is_connect" v="true" />
    <tag k="speed" v="2" />
    <tag k="subtype" v="road" />
    <tag k="type" v="lanelet" />
    <tag k="vehicle" v="yes" />
  </relation>
  <relation id="26590" visible="true" version="1">
    <member type="way" ref="26560" role="left" />
    <member type="way" ref="26589" role="right" />
    <member type="way" ref="26621" role="centerline" />
    <tag k="is_connect" v="true" />
    <tag k="speed" v="2" />
    <tag k="subtype" v="road" />
    <tag k="type" v="lanelet" />
    <tag k="vehicle" v="yes" />
  </relation>
  <relation id="26680" visible="true" version="1">
    <member type="way" ref="26650" role="left" />
    <member type="way" ref="26679" role="right" />
    <member type="way" ref="26711" role="centerline" />
    <tag k="is_connect" v="true" />
    <tag k="speed" v="2" />
    <tag k="subtype" v="road" />
    <tag k="type" v="lanelet" />
    <tag k="vehicle" v="yes" />
  </relation>
  <relation id="26770" visible="true" version="1">
    <member type="way" ref="26740" role="left" />
    <member type="way" ref="26769" role="right" />
    <member type="way" ref="26801" role="centerline" />
    <tag k="is_connect" v="true" />
    <tag k="speed" v="2" />
    <tag k="subtype" v="road" />
    <tag k="type" v="lanelet" />
    <tag k="vehicle" v="yes" />
  </relation>
  <relation id="26860" visible="true" version="1">
    <member type="way" ref="26830" role="left" />
    <member type="way" ref="26859" role="right" />
    <member type="way" ref="26891" role="centerline" />
    <tag k="is_connect" v="true" />
    <tag k="speed" v="2" />
    <tag k="subtype" v="road" />
    <tag k="type" v="lanelet" />
    <tag k="vehicle" v="yes" />
  </relation>
  <relation id="26950" visible="true" version="1">
    <member type="way" ref="26920" role="left" />
    <member type="way" ref="26949" role="right" />
    <member type="way" ref="26981" role="centerline" />
    <tag k="is_connect" v="true" />
    <tag k="speed" v="2" />
    <tag k="subtype" v="road" />
    <tag k="type" v="lanelet" />
    <tag k="vehicle" v="yes" />
  </relation>
  <relation id="27040" visible="true" version="1">
    <member type="way" ref="27010" role="left" />
    <member type="way" ref="27039" role="right" />
    <member type="way" ref="27071" role="centerline" />
    <tag k="is_connect" v="true" />
    <tag k="speed" v="2" />
    <tag k="subtype" v="road" />
    <tag k="type" v="lanelet" />
    <tag k="vehicle" v="yes" />
  </relation>
  <relation id="27130" visible="true" version="1">
    <member type="way" ref="27100" role="left" />
    <member type="way" ref="27129" role="right" />
    <member type="way" ref="27161" role="centerline" />
    <tag k="is_connect" v="true" />
    <tag k="speed" v="2" />
    <tag k="subtype" v="road" />
    <tag k="type" v="lanelet" />
    <tag k="vehicle" v="yes" />
  </relation>
  <relation id="27220" visible="true" version="1">
    <member type="way" ref="27190" role="left" />
    <member type="way" ref="27219" role="right" />
    <member type="way" ref="27251" role="centerline" />
    <tag k="is_connect" v="true" />
    <tag k="speed" v="2" />
    <tag k="subtype" v="road" />
    <tag k="type" v="lanelet" />
    <tag k="vehicle" v="yes" />
  </relation>
  <relation id="27310" visible="true" version="1">
    <member type="way" ref="27280" role="left" />
    <member type="way" ref="27309" role="right" />
    <member type="way" ref="27341" role="centerline" />
    <tag k="is_connect" v="true" />
    <tag k="speed" v="2" />
    <tag k="subtype" v="road" />
    <tag k="type" v="lanelet" />
    <tag k="vehicle" v="yes" />
  </relation>
  <relation id="27400" visible="true" version="1">
    <member type="way" ref="27370" role="left" />
    <member type="way" ref="27399" role="right" />
    <member type="way" ref="27431" role="centerline" />
    <tag k="is_connect" v="true" />
    <tag k="speed" v="2" />
    <tag k="subtype" v="road" />
    <tag k="type" v="lanelet" />
    <tag k="vehicle" v="yes" />
  </relation>
  <relation id="27490" visible="true" version="1">
    <member type="way" ref="27460" role="left" />
    <member type="way" ref="27489" role="right" />
    <member type="way" ref="27521" role="centerline" />
    <tag k="is_connect" v="true" />
    <tag k="speed" v="2" />
    <tag k="subtype" v="road" />
    <tag k="type" v="lanelet" />
    <tag k="vehicle" v="yes" />
  </relation>
  <relation id="27580" visible="true" version="1">
    <member type="way" ref="27550" role="left" />
    <member type="way" ref="27579" role="right" />
    <member type="way" ref="27611" role="centerline" />
    <tag k="is_connect" v="true" />
    <tag k="speed" v="2" />
    <tag k="subtype" v="road" />
    <tag k="type" v="lanelet" />
    <tag k="vehicle" v="yes" />
  </relation>
  <relation id="27670" visible="true" version="1">
    <member type="way" ref="27640" role="left" />
    <member type="way" ref="27669" role="right" />
    <member type="way" ref="27701" role="centerline" />
    <tag k="is_connect" v="true" />
    <tag k="speed" v="2" />
    <tag k="subtype" v="road" />
    <tag k="type" v="lanelet" />
    <tag k="vehicle" v="yes" />
  </relation>
  <relation id="27760" visible="true" version="1">
    <member type="way" ref="27730" role="left" />
    <member type="way" ref="27759" role="right" />
    <member type="way" ref="27791" role="centerline" />
    <tag k="is_connect" v="true" />
    <tag k="speed" v="2" />
    <tag k="subtype" v="road" />
    <tag k="type" v="lanelet" />
    <tag k="vehicle" v="yes" />
  </relation>
  <relation id="27850" visible="true" version="1">
    <member type="way" ref="27820" role="left" />
    <member type="way" ref="27849" role="right" />
    <member type="way" ref="27881" role="centerline" />
    <tag k="is_connect" v="true" />
    <tag k="speed" v="2" />
    <tag k="subtype" v="road" />
    <tag k="type" v="lanelet" />
    <tag k="vehicle" v="yes" />
  </relation>
  <relation id="27940" visible="true" version="1">
    <member type="way" ref="27910" role="left" />
    <member type="way" ref="27939" role="right" />
    <member type="way" ref="27971" role="centerline" />
    <tag k="is_connect" v="true" />
    <tag k="speed" v="2" />
    <tag k="subtype" v="road" />
    <tag k="type" v="lanelet" />
    <tag k="vehicle" v="yes" />
  </relation>
  <relation id="28030" visible="true" version="1">
    <member type="way" ref="28000" role="left" />
    <member type="way" ref="28029" role="right" />
    <member type="way" ref="28061" role="centerline" />
    <tag k="is_connect" v="true" />
    <tag k="speed" v="2" />
    <tag k="subtype" v="road" />
    <tag k="type" v="lanelet" />
    <tag k="vehicle" v="yes" />
  </relation>
  <relation id="28120" visible="true" version="1">
    <member type="way" ref="28090" role="left" />
    <member type="way" ref="28119" role="right" />
    <member type="way" ref="28151" role="centerline" />
    <tag k="is_connect" v="true" />
    <tag k="speed" v="2" />
    <tag k="subtype" v="road" />
    <tag k="type" v="lanelet" />
    <tag k="vehicle" v="yes" />
  </relation>
  <relation id="28210" visible="true" version="1">
    <member type="way" ref="28180" role="left" />
    <member type="way" ref="28209" role="right" />
    <member type="way" ref="28241" role="centerline" />
    <tag k="is_connect" v="true" />
    <tag k="speed" v="2" />
    <tag k="subtype" v="road" />
    <tag k="type" v="lanelet" />
    <tag k="vehicle" v="yes" />
  </relation>
  <relation id="28300" visible="true" version="1">
    <member type="way" ref="28270" role="left" />
    <member type="way" ref="28299" role="right" />
    <member type="way" ref="28331" role="centerline" />
    <tag k="is_connect" v="true" />
    <tag k="speed" v="2" />
    <tag k="subtype" v="road" />
    <tag k="type" v="lanelet" />
    <tag k="vehicle" v="yes" />
  </relation>
  <relation id="28390" visible="true" version="1">
    <member type="way" ref="28360" role="left" />
    <member type="way" ref="28389" role="right" />
    <member type="way" ref="28421" role="centerline" />
    <tag k="is_connect" v="true" />
    <tag k="speed" v="2" />
    <tag k="subtype" v="road" />
    <tag k="type" v="lanelet" />
    <tag k="vehicle" v="yes" />
  </relation>
  <relation id="28480" visible="true" version="1">
    <member type="way" ref="28450" role="left" />
    <member type="way" ref="28479" role="right" />
    <member type="way" ref="28511" role="centerline" />
    <tag k="is_connect" v="true" />
    <tag k="speed" v="2" />
    <tag k="subtype" v="road" />
    <tag k="type" v="lanelet" />
    <tag k="vehicle" v="yes" />
  </relation>
  <relation id="28570" visible="true" version="1">
    <member type="way" ref="28540" role="left" />
    <member type="way" ref="28569" role="right" />
    <member type="way" ref="28601" role="centerline" />
    <tag k="is_connect" v="true" />
    <tag k="speed" v="2" />
    <tag k="subtype" v="road" />
    <tag k="type" v="lanelet" />
    <tag k="vehicle" v="yes" />
  </relation>
  <relation id="28660" visible="true" version="1">
    <member type="way" ref="28630" role="left" />
    <member type="way" ref="28659" role="right" />
    <member type="way" ref="28691" role="centerline" />
    <tag k="is_connect" v="true" />
    <tag k="speed" v="2" />
    <tag k="subtype" v="road" />
    <tag k="type" v="lanelet" />
    <tag k="vehicle" v="yes" />
  </relation>
  <relation id="28750" visible="true" version="1">
    <member type="way" ref="28720" role="left" />
    <member type="way" ref="28749" role="right" />
    <member type="way" ref="28781" role="centerline" />
    <tag k="is_connect" v="true" />
    <tag k="speed" v="2" />
    <tag k="subtype" v="road" />
    <tag k="type" v="lanelet" />
    <tag k="vehicle" v="yes" />
  </relation>
  <relation id="28840" visible="true" version="1">
    <member type="way" ref="28810" role="left" />
    <member type="way" ref="28839" role="right" />
    <member type="way" ref="28871" role="centerline" />
    <tag k="is_connect" v="true" />
    <tag k="speed" v="2" />
    <tag k="subtype" v="road" />
    <tag k="type" v="lanelet" />
    <tag k="vehicle" v="yes" />
  </relation>
  <relation id="28930" visible="true" version="1">
    <member type="way" ref="28900" role="left" />
    <member type="way" ref="28929" role="right" />
    <member type="way" ref="28961" role="centerline" />
    <tag k="is_connect" v="true" />
    <tag k="speed" v="2" />
    <tag k="subtype" v="road" />
    <tag k="type" v="lanelet" />
    <tag k="vehicle" v="yes" />
  </relation>
</osm>
